sessionId,insuredId,primary_anomaly_type,ensembleRiskScore,anomaly_prob,churn_prob,totalKOs,ipChanged,deviceChanged,maxDownloadsIn2Minutes,pingPongCount
5933737-1923-82,23191923,impossible_device_switch,100.0,0.99979264,0.0,3,1,1,0,1
8312712-7178-87,66657178,impossible_device_switch,100.0,0.99994385,0.0,5,1,1,0,0
2692995-0589-93,73030589,impossible_device_switch,100.0,0.9998994,0.0,3,1,1,0,0
2702288-0838-91,62090838,impossible_device_switch,100.0,0.9997713,0.0,3,1,1,1,0
8436257-1211-81,30561211,impossible_device_switch,100.0,0.9999,0.0,3,1,1,2,0
5207996-1563-86,88461563,impossible_device_switch,100.0,0.99970055,0.0,3,1,1,1,0
1574097-7689-75,70937689,impossible_device_switch,100.0,0.9998617,0.003917767641969439,3,1,1,1,0
2339101-9559-91,46409559,impossible_device_switch,100.0,0.9998988,0.001969023198182694,3,1,1,2,0
6803040-4999-72,26094999,impossible_device_switch,100.0,0.9998055,0.003915092062771098,3,1,1,0,0
9173221-9065-67,27499065,impossible_device_switch,100.0,0.9998272,0.0,3,1,1,1,0
7493077-4717-78,86054717,impossible_device_switch,94.99545669555664,0.9998864,0.0,1,1,1,0,0
5913439-5929-77,90155929,impossible_device_switch,94.99380111694336,0.999845,0.0,1,1,1,1,0
4316885-9885-73,93739885,impossible_device_switch,94.99372482299805,0.9998431,0.0,1,1,1,1,0
500354-0589-80,73030589,impossible_device_switch,94.99297714233398,0.99982446,0.0,2,1,1,1,0
3489900-5970-83,76515970,impossible_device_switch,94.9926986694336,0.99981743,0.0,2,1,1,0,0
5896433-9108-78,75559108,impossible_device_switch,94.99229049682617,0.9998073,0.0,1,1,1,1,0
4574962-3444-82,86943444,impossible_device_switch,94.99224472045898,0.9998061,0.0,2,1,1,1,0
7725682-6264-90,61156264,impossible_device_switch,94.99192810058594,0.99979824,0.0,0,1,1,0,0
7297126-3375-74,68033375,impossible_device_switch,94.99118423461914,0.99977964,0.0,2,1,1,0,0
4431154-1885-69,24671885,impossible_device_switch,94.98805236816406,0.9997013,0.0,0,1,1,1,0
1172916-7235-74,86187235,impossible_device_switch,94.9862289428711,0.9996557,0.0,1,1,1,1,0
8354769-9286-81,83879286,impossible_device_switch,94.98587799072266,0.9996469,0.0,2,1,1,0,1
7650732-9215-78,64939215,impossible_device_switch,94.98430633544922,0.9996076,0.0,1,1,1,1,0
2719820-7689-82,70937689,impossible_device_switch,94.9842758178711,0.9996069,0.0,2,1,1,1,0
2786061-8422-86,38848422,impossible_device_switch,94.98323822021484,0.9995809,0.0,2,1,1,1,0
2355397-5947-78,10045947,impossible_device_switch,94.9778060913086,0.99944514,0.0,1,1,1,0,0
386633-4974-90,59884974,impossible_device_switch,94.97749710083008,0.9994374,0.0,0,1,1,0,0
9500356-1274-81,12801274,impossible_device_switch,94.94769668579102,0.99869245,0.0,0,1,1,0,0
796462-1665-81,52741665,geo_jump,85.04707065281313,0.99970764,0.003917767641969439,3,1,0,1,0
3049908-1451-84,19911451,data_exfiltration,84.99869537353516,0.99996734,0.0,8,0,0,18,3
976859-6250-87,87156250,data_exfiltration,84.99864959716797,0.99996626,0.0,8,0,0,16,7
5887654-5947-89,10045947,data_exfiltration,84.99864959716797,0.99996626,0.0,7,0,0,17,2
3632859-8451-79,59358451,data_exfiltration,84.9986457824707,0.99996614,0.0,9,0,0,18,4
6177171-4932-75,84324932,data_exfiltration,84.99855041503906,0.99996376,0.0,10,0,0,17,2
4380838-4578-86,68904578,data_exfiltration,84.99842071533203,0.99996054,0.0,6,0,0,16,3
670661-5970-66,76515970,data_exfiltration,84.99836730957031,0.99995923,0.0,6,0,0,14,5
2277659-8135-79,24968135,data_exfiltration,84.99832534790039,0.99995816,0.0,7,0,0,18,3
736949-9506-73,20109506,data_exfiltration,84.99809265136719,0.9999523,0.0,8,0,0,16,2
9911178-9232-92,26009232,data_exfiltration,84.9980354309082,0.9999509,0.0,10,0,0,17,3
959986-1104-84,37941104,data_exfiltration,84.99802017211914,0.9999505,0.0,7,0,0,17,3
7513538-7570-78,76017570,data_exfiltration,84.99798583984375,0.9999497,0.0,6,0,0,12,3
8870446-7472-88,49677472,data_exfiltration,84.99796295166016,0.9999491,0.0,5,0,0,14,4
3397182-6510-91,24846510,geo_jump,84.9977912902832,0.9999448,0.0,4,1,0,0,0
9478092-4366-88,76114366,data_exfiltration,84.99751281738281,0.9999378,0.0,12,0,0,18,5
1165626-9559-77,46409559,data_exfiltration,84.99735260009766,0.99993384,0.0,7,0,0,16,2
6634097-7366-87,18527366,data_exfiltration,84.9971694946289,0.9999292,0.0,6,0,0,14,2
6414696-1923-70,23191923,data_exfiltration,84.99625396728516,0.9999063,0.0,8,0,0,16,2
8657645-1807-78,20101807,geo_jump,84.99376678466797,0.9998442,0.0,3,1,0,0,0
8271629-4550-83,42954550,geo_jump,84.99257278442383,0.99981433,0.0,5,1,0,1,0
6567153-4323-87,74584323,ping_pong_loop,70.02855041503906,0.99996376,0.002,4,0,0,0,4
2778728-7286-79,55537286,geo_jump,70.01635073462087,0.99966633,0.0019798906902197726,2,1,0,0,0
3245794-0842-75,45740842,data_exfiltration,69.9988784790039,0.999972,0.0,4,0,0,15,0
7070094-0213-89,32910213,ping_pong_loop,69.99851608276367,0.9999629,0.0,4,0,0,0,6
1460282-6967-78,65756967,data_exfiltration,69.99849700927734,0.99996245,0.0,7,0,0,16,1
6718221-4218-79,66254218,ping_pong_loop,69.99842071533203,0.99996054,0.0,6,0,0,4,7
7171458-5396-88,95445396,data_exfiltration,69.99839401245117,0.9999598,0.0,4,0,0,15,1
9089991-8688-86,76588688,ping_pong_loop,69.99837875366211,0.99995947,0.0,8,0,0,0,7
4841869-1923-84,23191923,ping_pong_loop,69.99837875366211,0.99995947,0.0,4,0,0,4,7
6915669-5754-92,94265754,ping_pong_loop,69.99837875366211,0.99995947,0.0,4,0,0,4,7
9897490-0240-72,69040240,ping_pong_loop,69.99831771850586,0.9999579,0.0,4,0,0,4,7
5044148-1632-78,97381632,data_exfiltration,69.99830627441406,0.9999577,0.0,7,0,0,15,1
2832738-6510-89,16886510,distributed_brute_force,69.99826431274414,0.9999566,1.0,4,0,0,0,0
5742257-7689-89,70937689,distributed_brute_force,69.99826431274414,0.9999566,1.0,4,0,0,0,0
7367896-9817-85,83289817,ping_pong_loop,69.99824142456055,0.999956,0.0,4,0,0,3,4
938359-8525-89,54138525,ping_pong_loop,69.99820709228516,0.9999552,0.0,7,0,0,5,8
5675148-6264-74,61156264,data_exfiltration,69.99817657470703,0.99995446,0.0,5,0,0,14,1
2182018-2174-81,67292174,ping_pong_loop,69.99808883666992,0.9999522,0.0,5,0,0,0,8
8241069-1923-79,23191923,data_exfiltration,69.998046875,0.9999511,0.0,4,0,0,13,1
1711219-5178-91,88325178,data_exfiltration,69.9980239868164,0.99995065,0.0,8,0,0,13,0
8938738-5947-83,10045947,ping_pong_loop,69.9980239868164,0.99995065,0.0,4,0,0,4,6
9883589-9172-83,76949172,distributed_brute_force,69.9979248046875,0.99994814,1.0,4,0,0,0,0
3759381-7570-87,76017570,distributed_brute_force,69.9979019165039,0.99994755,1.0,3,0,0,0,0
7357994-3538-86,48973538,distributed_brute_force,69.99790035167408,0.9999491,0.9999958266675941,3,0,0,0,0
1083435-1632-84,97381632,ping_pong_loop,69.99784088134766,0.999946,0.0,5,0,0,4,7
7131524-4974-88,59884974,data_exfiltration,69.99780654907227,0.99994516,0.0,6,0,0,17,1
8032418-4950-81,57174950,distributed_brute_force,69.99779636516979,0.99994814,0.9999914373654856,3,0,0,0,0
5305463-5867-82,82425867,distributed_brute_force,69.9977411217229,0.99995303,0.9999745301851724,3,0,0,0,0
5857666-0967-84,42340967,ping_pong_loop,69.99740219116211,0.99993503,0.0,4,0,0,3,4
4120347-0257-89,60630257,distributed_brute_force,69.99736695598733,0.9999393,0.9999862068965517,3,0,0,0,0
5636316-2210-87,36722210,distributed_brute_force,69.99721908569336,0.9999305,1.0,3,0,0,0,0
6413859-8594-75,17528594,ping_pong_loop,69.99720001220703,0.99993,0.0,3,0,0,0,7
2609228-2961-85,78922961,ping_pong_loop,69.99699020385742,0.9999248,0.0,3,0,0,0,6
9795801-8021-72,26998021,ping_pong_loop,69.996826171875,0.9999206,0.0,3,0,0,4,6
4326220-4571-87,33414571,ping_pong_loop,69.9968032836914,0.9999201,0.0,3,0,0,4,7
9726562-6871-89,39376871,ping_pong_loop,69.99670028686523,0.9999175,0.0,3,0,0,4,7
9159667-7890-92,51497890,distributed_brute_force,69.99668622833902,0.999928,0.9999710883183038,3,0,0,0,0
7577386-9442-79,25209442,ping_pong_loop,69.99662399291992,0.9999156,0.0,3,0,0,4,7
3683469-5543-70,44445543,ping_pong_loop,69.99654769897461,0.9999137,0.0,3,0,0,0,6
7519485-9720-82,76159720,ping_pong_loop,69.99652481079102,0.9999131,0.0,3,0,0,0,4
5737157-7890-85,51497890,ping_pong_loop,69.99626159667969,0.99990654,0.0,3,0,0,0,8
4200437-5754-87,94265754,ping_pong_loop,69.99608612060547,0.9999021,0.0,3,0,0,4,7
8982428-6424-85,59396424,distributed_brute_force,69.99596619577119,0.9999068,0.999979797979798,3,0,0,0,0
9945009-4578-81,68904578,ping_pong_loop,69.99530029296875,0.99988246,0.0,3,0,0,5,8
543690-2174-91,67292174,data_exfiltration,69.99479293823242,0.9998698,0.0,7,0,0,14,1
5371782-5580-77,69605580,ping_pong_loop,69.99457550048828,0.99986434,0.0,3,0,0,4,7
486774-9380-85,18449380,data_exfiltration,69.99319458007812,0.9998299,0.0,2,0,0,15,2
7185111-2858-81,94832858,geo_jump,69.9908676147461,0.99977165,0.0,1,1,0,1,0
8697551-1807-92,20101807,geo_jump,69.99068450927734,0.9997671,0.0,1,1,0,0,1
1111837-7890-91,51497890,repeated_fail,69.99003982543945,0.99975103,0.0,4,0,0,0,2
8446551-9380-89,18449380,geo_jump,69.98933029174805,0.99973327,0.0,1,1,0,2,0
8524182-8135-84,24968135,geo_jump,69.98904418945312,0.9997261,0.0,1,1,0,1,1
9504062-9065-83,27499065,geo_jump,69.98786544799805,0.9996966,0.0,1,1,0,1,0
8289567-7178-80,66657178,geo_jump,69.98702621459961,0.99967563,0.0,1,1,0,0,0
9520342-3938-80,12183938,geo_jump,69.98584747314453,0.9996462,0.0,2,1,0,2,0
669125-2332-91,27322332,geo_jump,69.9847640991211,0.9996191,0.0,0,1,0,1,0
8173585-5893-83,63855893,geo_jump,69.9845199584961,0.999613,0.0,2,1,0,0,0
2518755-1211-86,30561211,geo_jump,69.98381042480469,0.9995952,0.0,2,1,0,1,0
2958249-8964-92,22978964,geo_jump,69.98347473144531,0.9995869,0.0,0,1,0,0,0
9462161-0911-88,15830911,geo_jump,69.98221206665039,0.9995553,0.0,2,1,0,1,0
2148632-2961-78,78922961,geo_jump,69.9820556640625,0.99955136,0.0,1,1,0,1,0
1768331-2080-94,44102080,geo_jump,69.98181533813477,0.9995454,0.0,2,1,0,1,0
1267532-9215-72,64939215,geo_jump,69.98088836669922,0.9995222,0.0,1,1,0,1,0
7557267-1729-72,77221729,geo_jump,69.97780227661133,0.999445,0.0,1,1,0,0,0
7440656-6730-82,35396730,geo_jump,69.97634506225586,0.9994086,0.0,1,1,0,0,0
112780-9697-84,52669697,geo_jump,69.97584915161133,0.9993962,0.0,1,1,0,1,0
3280643-5893-84,63855893,geo_jump,69.97362899780273,0.9993407,0.0,2,1,0,0,0
1900616-5764-91,90495764,geo_jump,69.97274398803711,0.9993186,0.0,2,1,0,1,0
6962090-8964-81,22978964,geo_jump,69.97122573852539,0.99928063,0.0,0,1,0,0,0
852423-7366-85,18527366,geo_jump,69.97115707397461,0.99927896,0.0,1,1,0,0,0
4601962-0257-92,60630257,geo_jump,69.96933364868164,0.99923337,0.0,0,1,0,0,0
892097-0357-77,95930357,zombie_session,69.96878494137823,0.99997675,0.9979810485007365,3,0,0,1,0
7009003-6953-82,84526953,geo_jump,69.9687728881836,0.9992193,0.0,0,1,0,0,0
1141482-4578-77,68904578,geo_jump,69.96821975708008,0.9992055,0.0,2,1,0,1,0
1006430-8688-84,76588688,distributed_brute_force,69.96765167021104,0.9999479,0.9979822996612044,3,0,0,0,0
4809574-9442-83,25209442,geo_jump,69.96725845336914,0.99918145,0.0,0,1,0,0,0
2465091-7235-78,86187235,distributed_brute_force,69.96709935155194,0.9999474,0.9979467499830198,4,0,0,0,0
7012760-0491-79,30500491,geo_jump,69.96395492553711,0.9990989,0.0,0,1,0,0,0
8969390-7724-90,73967724,geo_jump,69.96099090576172,0.99902475,0.0,0,1,0,1,0
515276-1632-75,97381632,geo_jump,69.9533576965332,0.99883395,0.0,2,1,0,1,0
1461807-0659-83,76490659,distributed_brute_force,69.93743426892891,0.99995065,0.9959606854741666,4,0,0,0,0
4895340-6903-70,81316903,zombie_session,69.93414713107424,0.9999349,0.9957832503072932,3,0,0,1,0
2696579-6967-75,65756967,distributed_brute_force,69.90636627024307,0.9999423,0.9939116108059186,4,0,0,0,0
5285591-4578-79,68904578,distributed_brute_force,69.90600956383184,0.9999287,0.9939241971591023,3,0,0,0,0
9477094-7689-90,70937689,zombie_session,69.90154501509684,0.9999224,0.9936433452447374,3,0,0,1,0
4515929-0282-74,64010282,distributed_brute_force,69.87690794000412,0.99993277,0.9919731534384251,4,0,0,0,0
3840610-8990-81,25358990,zombie_session,69.87574813414454,0.9999454,0.9918620093986983,3,0,0,1,0
7058284-7890-81,51497890,zombie_session,69.84516003234293,0.999938,0.9898426390377061,4,0,0,1,0
5160879-9817-95,83289817,zombie_session,69.77954758497069,0.9999281,0.9854949244472646,3,0,0,1,0
1595455-6264-89,61156264,distributed_brute_force,69.72669441677006,0.9999485,0.9819169568862328,4,0,0,0,0
3241537-0864-86,70500864,distributed_brute_force,69.69689278102787,0.9999535,0.9799169568862328,4,0,0,0,0
2038907-7178-86,66657178,distributed_brute_force,69.69629758895657,0.99994326,0.9799044889219742,4,0,0,0,0
4100992-1104-86,37941104,distributed_brute_force,69.69616163659286,0.9999615,0.9798468516192119,4,0,0,0,0
3489242-9506-82,20109506,impossible_seq,55.50636448800748,0.99994993,0.03389114693812891,4,0,0,2,0
8342361-9065-86,27499065,impossible_seq,55.14271135876851,0.9998437,0.009930909839124681,3,0,0,1,0
4523892-9578-76,44739578,impossible_seq,55.085741732950474,0.9999026,0.005975769257245129,3,0,0,1,0
6333260-1563-80,88461563,impossible_seq,55.05522399902344,0.99988055,0.004,3,0,0,1,0
1324165-2961-81,78922961,rapid_fire,55.02531679078086,0.99994576,0.0018324902350003202,3,0,0,1,0
9357745-8422-87,38848422,unusual_hour,55.02377954021995,0.99986494,0.00194541010320478,3,0,0,0,0
3403030-7464-76,37787464,unusual_hour,55.021946770617426,0.99981636,0.0019529251700680273,3,0,0,1,0
1277529-6054-79,83006054,rapid_fire,54.998355865478516,0.9999589,0.0,4,0,0,1,0
4913509-1807-86,20101807,distributed_brute_force,54.99799728393555,0.99994993,1.0,2,0,0,0,0
906575-5867-70,82425867,rapid_fire,54.99791717529297,0.9999479,0.0,4,0,0,2,0
6802899-7034-76,68217034,distributed_brute_force,54.99776840209961,0.9999442,1.0,2,0,0,0,0
3133768-4442-80,25474442,distributed_brute_force,54.997581481933594,0.99993956,1.0,2,0,0,0,0
4192248-7286-87,55537286,rapid_fire,54.99748992919922,0.9999373,0.0,4,0,0,0,0
7870832-0667-86,65770667,rapid_fire,54.99744415283203,0.9999361,0.0,4,0,0,0,0
321503-4323-94,74584323,skip_login,54.99720001220703,0.99993,0.0,3,0,0,0,0
7060303-4123-81,20704123,zombie_session,54.99719731410019,0.9999354,0.9999855785897526,2,0,0,1,0
6658752-1072-80,39331072,zombie_session,54.997121070165264,0.9999597,0.9999153914940907,2,0,0,1,0
3570166-2826-82,22222826,unusual_hour,54.99710464477539,0.99992764,0.0,5,0,0,1,0
4045295-0651-86,43510651,skip_login,54.99699020385742,0.9999248,0.0,3,0,0,0,0
9980721-9542-79,17679542,rapid_fire,54.99657440185547,0.9999144,0.0,3,0,0,1,0
6901570-4900-89,93774900,zombie_session,54.99651398946621,0.99993324,0.9999456185034762,2,0,0,1,0
3289652-9697-95,52669697,impossible_seq,54.996490478515625,0.99991226,0.0,3,0,0,1,0
1111015-8669-91,11358669,distributed_brute_force,54.99645130845903,0.9999237,0.9999668710847687,2,0,0,0,0
8661456-3826-79,10153826,impossible_seq,54.996437072753906,0.99991095,0.0,3,0,0,1,0
5015481-6510-91,16886510,zombie_session,54.996429491469,0.9999422,0.9999160798674646,2,0,0,1,0
368683-0667-78,65770667,zombie_session,54.99619100347803,0.9999212,0.9999561295612956,2,0,0,1,0
4778067-7570-88,76017570,distributed_brute_force,54.99613087388872,0.9999157,0.9999668710847687,2,0,0,0,0
9371046-4366-83,76114366,impossible_seq,54.996063232421875,0.99990153,0.0,3,0,0,1,0
484852-4323-83,74584323,impossible_seq,54.99564743041992,0.99989116,0.0,3,0,0,1,0
2990706-2798-85,37632798,zombie_session,54.99561915017007,0.9998956,0.999986416245062,2,0,0,1,0
2325054-6730-79,35396730,rapid_fire,54.99538040161133,0.9998845,0.0,3,0,0,0,0
6165368-4550-76,42954550,unusual_hour,54.99535369873047,0.9998839,0.0,4,0,0,1,0
9468196-1104-83,37941104,impossible_seq,54.99524688720703,0.99988115,0.0,3,0,0,1,0
8557632-5441-89,49965441,zombie_session,54.994681935566,0.9999418,0.9998005933932019,2,0,0,1,0
7113881-2080-83,44102080,ping_pong_loop,54.99424362182617,0.9998561,0.0,2,0,0,3,4
511096-9065-74,27499065,unusual_hour,54.99418258666992,0.99985456,0.0,3,0,0,1,0
1173116-4442-79,25474442,impossible_seq,54.993934631347656,0.99984837,0.0,3,0,0,2,1
9441646-8377-90,90588377,ping_pong_loop,54.99372482299805,0.9998431,0.0,2,0,0,3,5
4055344-8422-79,38848422,ping_pong_loop,54.99363708496094,0.999841,0.0,2,0,0,3,4
6060580-8451-84,59358451,ping_pong_loop,54.99362564086914,0.9998406,0.0,2,0,0,5,8
8059655-4484-83,95874484,ping_pong_loop,54.99358367919922,0.99983954,0.0,2,0,0,4,7
4753395-8718-76,32908718,ping_pong_loop,54.99355697631836,0.99983895,0.0,2,0,0,3,5
8348661-0667-75,65770667,zombie_session,54.993229249480684,0.99995315,0.9996734843892071,1,0,0,1,0
850933-0667-84,65770667,rapid_fire,54.99309158325195,0.9998273,0.0,3,0,0,1,0
6702246-4950-78,11324950,zombie_session,54.99303564482746,0.9998473,0.9999428650099813,2,0,0,1,0
4215026-8718-89,32908718,repeated_fail,54.99222183227539,0.9998055,0.0,5,0,0,0,0
878896-5178-87,88325178,ping_pong_loop,54.99165344238281,0.9997913,0.0,2,0,0,3,4
4429476-7387-81,64077387,impossible_seq,54.99146270751953,0.99978656,0.0,3,0,0,1,0
4259703-6510-75,16886510,repeated_fail,54.990684509277344,0.9997671,0.0,5,0,0,0,1
9079900-0324-71,48100324,repeated_fail,54.98955154418945,0.99973875,0.0,4,0,0,0,0
8298993-9061-89,55149061,ping_pong_loop,54.98905944824219,0.9997265,0.0,1,0,0,3,4
2447058-5319-76,29595319,repeated_fail,54.98870086669922,0.99971753,0.0,4,0,0,0,0
7313274-8669-92,11358669,repeated_fail,54.98839569091797,0.9997099,0.0,5,0,0,0,0
8319835-8936-82,37428936,repeated_fail,54.987796783447266,0.99969494,0.0,4,0,0,0,0
6399710-1545-92,64011545,repeated_fail,54.98756790161133,0.9996892,0.0,4,0,0,0,0
7101144-1104-76,37941104,ping_pong_loop,54.98756408691406,0.9996891,0.0,1,0,0,0,4
9897541-6518-86,89116518,repeated_fail,54.987159729003906,0.99967897,0.0,4,0,0,0,0
4403330-4550-82,42954550,repeated_fail,54.986263275146484,0.99965656,0.0,4,0,0,0,1
6512509-0682-88,82890682,repeated_fail,54.984371185302734,0.9996093,0.0,4,0,0,0,0
8088329-7304-87,31547304,repeated_fail,54.98265075683594,0.99956626,0.0,5,0,0,0,0
1324947-2826-83,22222826,repeated_fail,54.9813232421875,0.99953306,0.0,4,0,0,0,0
5421456-4578-83,68904578,repeated_fail,54.980831146240234,0.9995208,0.0,6,0,0,0,0
6415877-7286-82,55537286,repeated_fail,54.98052215576172,0.99951303,0.0,4,0,0,0,0
1002731-5386-73,90485386,repeated_fail,54.979698181152344,0.9994924,0.0,6,0,0,0,1
1221723-1274-84,12801274,repeated_fail,54.979183197021484,0.9994796,0.0,4,0,0,0,0
476996-4999-76,26094999,repeated_fail,54.97766876220703,0.9994417,0.0,4,0,0,0,0
5534858-9031-76,66369031,impossible_seq,54.97543716430664,0.99938595,0.0,3,0,0,1,0
9299131-8377-91,90588377,repeated_fail,54.975093841552734,0.9993773,0.0,5,0,0,0,0
7175761-6260-82,11176260,repeated_fail,54.97269058227539,0.9993173,0.0,6,0,0,0,0
1496858-9232-86,26009232,repeated_fail,54.97080612182617,0.99927014,0.0,5,0,0,0,1
2194680-3444-80,86943444,repeated_fail,54.97071838378906,0.999268,0.0,5,0,0,0,0
4987073-4493-75,53384493,zombie_session,54.96688077789956,0.9999329,0.9979710883183038,2,0,0,1,0
4417262-8492-87,98228492,distributed_brute_force,54.96645130845903,0.9999237,0.9979668710847687,2,0,0,0,0
4550459-5122-80,84015122,zombie_session,54.95837421440649,0.9997149,0.9979850896355629,1,0,0,1,0
7507483-0257-73,60630257,zombie_session,54.95632201192181,0.9999205,0.9973002312960897,0,0,0,1,0
2365835-7235-89,86187235,zombie_session,54.93039432975738,0.99996316,0.9954577868601271,1,0,0,0,0
2535041-4974-83,59884974,zombie_session,54.926497082889185,0.9996643,0.9959949878176122,1,0,0,1,0
2946376-5867-81,82425867,zombie_session,54.905805337915936,0.9999361,0.9938907456722601,1,0,0,1,0
1917520-7366-82,18527366,distributed_brute_force,54.90543546685958,0.99989593,0.993973153438425,2,0,0,0,0
5509533-9442-78,25209442,distributed_brute_force,54.90542020807052,0.9998956,0.993973153438425,2,0,0,0,0
8359125-0659-86,76490659,zombie_session,54.89114946287113,0.9997211,0.9934869091783874,1,0,0,1,0
9765100-1665-87,52741665,zombie_session,54.83696013701501,0.99979085,0.9896883845412351,1,0,0,0,0
1168138-0788-75,22270788,zombie_session,54.798960842290526,0.9995173,0.9878844683434569,1,0,0,1,0
3627234-8936-75,37428936,zombie_session,54.776915852463496,0.99979454,0.98567551402491,2,0,0,0,0
7078461-8990-78,25358990,zombie_session,54.75384719087143,0.99989736,0.983863453675283,2,0,0,1,0
4429405-6730-75,35396730,zombie_session,54.736342096750356,0.99951124,0.9837261613491124,1,0,0,1,0
1325977-4900-85,93774900,zombie_session,54.72078855103376,0.9997844,0.9819609054367561,2,0,0,1,0
2999617-8614-88,31638614,distributed_brute_force,54.69501976467045,0.99990666,0.9799169568862328,2,0,0,0,0
874861-4950-84,11324950,zombie_session,54.687206039443396,0.99977523,0.9797464853932317,2,0,0,0,0
3111076-3163-81,69523163,zombie_session,54.63834146321525,0.9996057,0.9769407614474228,0,0,0,1,0
7350029-1072-85,39331072,zombie_session,54.610029005087355,0.99969614,0.9748121753717092,0,0,0,1,0
2740221-3826-78,10153826,distributed_brute_force,54.54493499169465,0.9999558,0.969780334081727,2,0,0,0,0
6873845-5441-70,49965441,zombie_session,54.40935966094538,0.99991083,0.9608617601925823,0,0,0,0,0
6729605-8377-82,90588377,skip_login,41.09221080886318,0.999708,0.07359276079270173,2,0,0,0,0
9088756-5543-81,44445543,skip_login,40.40619089717233,0.9997042,0.02786827253935329,1,0,0,0,0
5982995-6968-91,14296968,impossible_seq,40.205991007395205,0.9991924,0.015886257589367764,2,0,0,0,0
8218545-1665-74,52741665,impossible_seq,40.07865252087789,0.9997422,0.005930909839124681,2,0,0,2,0
1297871-6533-90,84346533,impossible_seq,40.07664395026244,0.99972755,0.00583616935668851,1,0,0,1,0
7587116-6953-90,84526953,impossible_seq,40.07661780822086,0.9996761,0.005971501342328079,1,0,0,0,0
4072333-7724-81,73967724,unusual_hour,40.06738654698923,0.99948055,0.0058776801996729185,0,0,0,0,0
2111373-9559-83,46409559,impossible_seq,40.05642944335938,0.9999107,0.004,2,0,0,2,0
8447420-5947-81,10045947,skip_login,40.04811252681115,0.9997168,0.003962557532852993,2,0,0,0,0
5852371-6424-81,59396424,unusual_hour,40.04707476894452,0.9996872,0.003972465065051284,0,0,0,1,0
5970441-9230-89,97899230,unusual_hour,40.040196640691796,0.99952054,0.003958462569557037,0,0,0,0,0
2755931-7890-78,51497890,impossible_seq,40.02483264741091,0.9998758,0.0019866255500502407,2,0,0,2,0
6142042-3734-77,46443734,impossible_seq,40.02394262045831,0.9998884,0.0018937210839391938,1,0,0,0,0
9000277-4900-79,93774900,skip_login,40.02268557470337,0.99982256,0.0019856484209796513,0,0,0,0,0
4875243-4932-81,84324932,rapid_fire,40.022088317871095,0.9998022,0.002,2,0,0,0,0
8189013-8990-87,25358990,impossible_seq,40.0198731790226,0.9997577,0.0019710883183038483,1,0,0,2,0
6801144-4900-84,93774900,unusual_hour,40.01948462373534,0.99975926,0.0019408613089182773,2,0,0,2,0
4488353-5543-89,44445543,skip_login,40.019406278549454,0.99974066,0.0019852293609791617,2,0,0,0,1
3585633-1807-90,20101807,skip_login,40.018061019039834,0.99973434,0.0019125843747911516,0,0,0,0,0
9983410-8964-91,22978964,impossible_seq,40.01790395468682,0.99973744,0.0018937210839391938,2,0,0,0,0
9360716-8910-91,75168910,impossible_seq,40.01742285302462,0.99969554,0.001973291113099745,2,0,0,1,0
8453867-6250-79,87156250,skip_login,40.01443301175532,0.99961436,0.0019906431665006833,2,0,0,0,0
2553361-7689-80,70937689,impossible_seq,40.0104852090519,0.9995229,0.0019710883183038483,1,0,0,1,0
2321371-1632-72,97381632,rapid_fire,39.996192932128906,0.9999049,0.0,2,0,0,1,0
7890076-9230-75,97899230,rapid_fire,39.995723724365234,0.99989307,0.0,2,0,0,0,0
8255899-0324-85,48100324,impossible_seq,39.99534606933594,0.99988365,0.0,2,0,0,1,0
401398-6274-73,19536274,rapid_fire,39.995338439941406,0.9998834,0.0,2,0,0,0,0
9595937-1729-82,77221729,rapid_fire,39.995304107666016,0.9998826,0.0,0,0,0,0,0
8345589-8492-90,98228492,rapid_fire,39.99505615234375,0.9998764,0.0,2,0,0,1,0
9346457-8467-84,34798467,rapid_fire,39.99504089355469,0.999876,0.0,0,0,0,1,0
3794637-9697-83,52669697,rapid_fire,39.99443817138672,0.999861,0.0,1,0,0,0,0
693554-5867-74,82425867,rapid_fire,39.99365997314453,0.99984145,0.0,1,0,0,1,0
3565732-4154-75,34034154,rapid_fire,39.99311065673828,0.99982774,0.0,2,0,0,0,0
7462006-7622-73,10437622,rapid_fire,39.992610931396484,0.9998153,0.0,1,0,0,1,0
6260071-9542-89,17679542,rapid_fire,39.99233627319336,0.9998084,0.0,1,0,0,0,0
5560614-7738-75,58497738,skip_login,39.99226760864258,0.9998067,0.0,2,0,0,0,1
8328253-5319-80,29595319,skip_login,39.9920539855957,0.99980134,0.0,0,0,0,0,0
4731870-6729-85,91586729,rapid_fire,39.99199676513672,0.9997999,0.0,1,0,0,1,0
564230-4550-69,42954550,rapid_fire,39.99188995361328,0.9997973,0.0,0,0,0,0,0
6892268-9172-74,76949172,rapid_fire,39.99188995361328,0.9997973,0.0,1,0,0,1,0
6790144-4218-88,66254218,skip_login,39.99176788330078,0.9997942,0.0,0,0,0,0,0
6233490-5252-77,55915252,skip_login,39.991737365722656,0.99979347,0.0,2,0,0,0,0
1929514-4950-87,11324950,rapid_fire,39.9916877746582,0.99979216,0.0,1,0,0,1,0
7547961-3321-88,57193321,rapid_fire,39.99142074584961,0.9997855,0.0,2,0,0,0,0
5339836-8132-72,36468132,unusual_hour,39.99077224731445,0.9997693,0.0,2,0,0,0,0
4092879-9892-77,75119892,rapid_fire,39.99007797241211,0.999752,0.0,0,0,0,2,0
2184799-6264-86,61156264,rapid_fire,39.990047454833984,0.99975115,0.0,0,0,0,0,0
342261-2961-72,78922961,rapid_fire,39.98953628540039,0.9997384,0.0,2,0,0,0,0
2467768-5929-67,90155929,impossible_seq,39.98918914794922,0.9997297,0.0,1,0,0,1,0
6668705-5441-79,49965441,skip_login,39.9886589050293,0.99971646,0.0,1,0,0,0,0
4598775-3444-94,86943444,skip_login,39.9867057800293,0.99966764,0.0,1,0,0,0,0
9760377-1058-75,76311058,rapid_fire,39.98598098754883,0.9996495,0.0,1,0,0,0,0
7593881-1451-82,19911451,unusual_hour,39.98595428466797,0.9996488,0.0,1,0,0,1,0
7464981-4571-94,33414571,unusual_hour,39.98592758178711,0.9996482,0.0,1,0,0,1,0
7991863-7387-92,64077387,skip_login,39.98553466796875,0.9996383,0.0,1,0,0,0,0
5327957-2311-80,78272311,skip_login,39.985267639160156,0.99963164,0.0,2,0,0,0,1
6346040-3938-85,12183938,unusual_hour,39.98468017578125,0.999617,0.0,2,0,0,0,0
5399042-8492-76,98228492,skip_login,39.984458923339844,0.99961144,0.0,1,0,0,0,1
6631912-9817-96,83289817,unusual_hour,39.98309326171875,0.99957734,0.0,1,0,0,0,0
4508335-9410-66,34969410,skip_login,39.9830207824707,0.99957556,0.0,2,0,0,0,0
6173953-5201-84,66335201,unusual_hour,39.98161315917969,0.9995403,0.0,1,0,0,0,0
2582420-0651-82,43510651,unusual_hour,39.98136520385742,0.99953413,0.0,2,0,0,0,0
3144242-1923-91,23191923,skip_login,39.98100662231445,0.9995252,0.0,1,0,0,0,0
4642704-1110-72,43571110,skip_login,39.98051452636719,0.9995129,0.0,1,0,0,0,0
4602276-6968-75,14296968,unusual_hour,39.978057861328125,0.99945146,0.0,2,0,0,0,0
3360004-4786-85,68564786,unusual_hour,39.97794723510742,0.9994487,0.0,1,0,0,1,0
9168425-8614-80,31638614,skip_login,39.97352981567383,0.9993382,0.0,1,0,0,0,0
9120403-4900-71,93774900,unusual_hour,39.97350311279297,0.9993376,0.0,2,0,0,0,0
6385218-5764-81,90495764,unusual_hour,39.97288513183594,0.9993222,0.0,1,0,0,0,0
624889-6730-93,35396730,unusual_hour,39.972816467285156,0.9993204,0.0,1,0,0,0,0
6796315-9061-81,55149061,unusual_hour,39.972652435302734,0.99931633,0.0,2,0,0,2,0
2543623-4493-83,53384493,unusual_hour,39.96937561035156,0.99923444,0.0,2,0,0,0,0
1620439-2210-81,36722210,unusual_hour,39.96900939941406,0.99922526,0.0,1,0,0,0,0
1755109-1144-83,99581144,unusual_hour,39.96724782652563,0.99844885,0.0019529251700680273,2,0,0,0,0
5861548-4366-75,76114366,skip_login,39.96221160888672,0.9990553,0.0,2,0,0,0,0
9343492-4932-76,84324932,unusual_hour,39.958770751953125,0.9989693,0.0,2,0,0,0,0
4411350-1648-80,44811648,unusual_hour,39.950233459472656,0.9987558,0.0,2,0,0,0,0
5839093-4571-91,33414571,unusual_hour,39.935585021972656,0.9983896,0.0,2,0,0,1,0
7840313-5319-86,29595319,normal,23.41721974933827,0.5764972,0.023822187797681537,1,0,0,0,0
1586538-4876-86,56944876,normal,15.010568597353995,0.00026421493,0.0,1,0,0,3,2
3890610-6250-78,87156250,normal,15.009494822472334,0.00023737056,0.0,1,0,0,1,2
1694783-9720-88,76159720,normal,15.007136634085327,0.00017841585,0.0,1,0,0,0,2
4909796-8614-84,31638614,normal,15.005761449225247,0.00014403622,0.0,1,0,0,1,2
286493-1175-96,79661175,normal,15.004801835864782,0.000120045894,0.0,1,0,0,1,2
1222443-9788-90,32409788,normal,15.003504428081214,8.76107e-05,0.0,1,0,0,0,2
2186593-9286-80,83879286,normal,15.003140532877296,7.851332e-05,0.0,0,0,0,1,2
4612718-6903-83,81316903,normal,15.00285630300641,7.140757e-05,0.0,0,0,0,2,2
6810643-4578-85,68904578,normal,15.002731571905315,6.82893e-05,0.0,0,0,0,0,2
4320275-7472-83,49677472,normal,15.001990093383938,4.9752336e-05,0.0,0,0,0,0,2
3737337-6533-83,84346533,normal,15.001796804368496,4.492011e-05,0.0,0,0,0,0,2
6272332-6518-80,89116518,normal,15.001759466831572,4.398667e-05,0.0,0,0,0,2,2
9610208-2312-79,28402312,normal,15.001655837986618,4.139595e-05,0.0,0,0,0,0,2
6623581-5543-78,44445543,normal,15.00157973903697,3.9493476e-05,0.0,0,0,0,1,2
5089320-9506-65,20109506,normal,15.00112190679647,2.8047669e-05,0.0,0,0,0,2,2
9501514-4950-74,57174950,normal,15.001106409239583,2.7660231e-05,0.0,0,0,0,1,2
7066055-7472-82,49677472,normal,15.001040031434968,2.6000787e-05,0.0,0,0,0,0,2
6874893-5319-85,29595319,normal,15.001002309261821,2.505773e-05,0.0,0,0,0,0,2
7431135-4900-80,93774900,skip_login,6.618545189775022,0.16397767,0.003962557532852993,2,0,0,0,0
2029597-7178-82,66657178,normal,1.8163676261901855,0.04540919,0.0,2,0,0,0,0
9584918-0659-81,76490659,normal,1.4029946327209473,0.035074867,0.0,2,0,0,0,0
2500324-9172-82,76949172,normal,1.032880187034607,0.025822004,0.0,2,0,0,0,0
2689274-4876-83,56944876,normal,0.942927360534668,0.023573184,0.0,2,0,0,0,0
8346216-6250-88,87156250,normal,0.7091307693646419,0.01699035,0.001967784126110002,2,0,0,2,0
100532-9715-76,59829715,normal,0.6858265536373068,0.016414022,0.0019510437206772284,1,0,0,0,0
4594572-1729-85,77221729,normal,0.5998126864433289,0.014995317,0.0,2,0,0,0,0
1150492-5396-85,95445396,normal,0.5996569395065308,0.014991424,0.0,2,0,0,0,0
7819018-9737-74,26339737,normal,0.49295857548713684,0.012323964,0.0,2,0,0,0,0
8242236-8964-90,22978964,normal,0.4772612750530243,0.011931532,0.0,2,0,0,1,0
4222639-1885-81,24671885,normal,0.45323875546455383,0.011330969,0.0,2,0,0,1,0
2850903-8688-79,76588688,normal,0.44762855768203735,0.011190714,0.0,2,0,0,1,0
4076439-8669-87,11358669,normal,0.3899686485585571,0.0015416713,0.02188678632217646,1,0,0,0,0
5875719-1632-71,97381632,normal,0.3832936242321855,0.00068794197,0.023718396401072383,1,0,0,0,0
4076763-9230-90,97899230,normal,0.3636196255683899,0.009090491,0.0,2,0,0,0,0
4274342-8135-77,24968135,normal,0.32397104321284126,0.0014114825,0.017834116199521906,1,0,0,0,0
762630-8377-87,90588377,normal,0.32377660274505615,0.008094415,0.0,2,0,0,0,0
6543413-2311-95,78272311,normal,0.32182538837978253,0.0065507027,0.00398648601822655,1,0,0,0,0
5256874-1110-92,43571110,normal,0.31439904257092005,0.0071213343,0.001969711571556412,2,0,0,2,0
4003069-5396-73,95445396,normal,0.29928329586982727,0.007482082,0.0,2,0,0,1,0
6380231-4366-87,76114366,normal,0.29299196600914,0.0073247994,0.0,2,0,0,2,0
2958350-9885-71,93739885,normal,0.2854278165648166,0.005776899,0.0036234572764885656,0,0,0,0,0
9663312-6510-81,24846510,normal,0.27081555128097534,0.006770389,0.0,2,0,0,2,0
7007732-6102-72,58536102,normal,0.2700481790850345,0.005392408,0.0036234572764885656,0,0,0,0,0
9485670-5929-78,90155929,normal,0.26099318265914917,0.006524829,0.0,2,0,0,2,0
9913537-9559-93,46409559,normal,0.25778503006197845,0.005085829,0.0036234572764885656,0,0,0,0,0
521489-1185-91,52321185,normal,0.2557510776671471,0.0042962353,0.005593444197394465,0,0,0,0,0
6174353-5178-80,88325178,normal,0.24989216029644012,0.006247304,0.0,2,0,0,1,0
820341-9788-67,32409788,normal,0.23696638643741608,0.0059241597,0.0,2,0,0,0,0
1088577-8910-83,75168910,normal,0.23290125414165977,0.0050838897,0.001969711571556412,2,0,0,2,0
9504135-4123-73,20704123,normal,0.2274124253342334,0.004326514,0.0036234572764885656,0,0,0,0,0
891850-4999-78,26094999,normal,0.2271226942539215,0.0056780674,0.0,2,0,0,1,0
5144182-4786-87,68564786,normal,0.19696059823036194,0.004924015,0.0,2,0,0,1,0
4765014-4950-80,57174950,normal,0.1824788749217987,0.004561972,0.0,2,0,0,2,0
7297577-5947-80,10045947,normal,0.17572264780499197,7.761105e-05,0.01150788040038457,0,0,0,0,0
4666073-5319-88,29595319,normal,0.16167360544204712,0.0040418403,0.0,2,0,0,0,0
8665716-4550-78,42954550,normal,0.1463041603565216,0.003657604,0.0,2,0,0,0,0
1039201-1782-81,80051782,normal,0.14337612688541412,0.003584403,0.0,2,0,0,0,1
6326105-1175-79,79661175,normal,0.13765572617794428,0.00045580557,0.007961566902097962,1,0,0,0,0
8238957-1072-72,39331072,normal,0.13108103508309865,0.0010363705,0.005975080883871412,1,0,0,0,0
4136867-5929-74,90155929,normal,0.1273359295498797,0.00032666087,0.007617966287808079,0,0,0,0,0
8944441-5319-75,29595319,normal,0.1261061131954193,0.0031526529,0.0,2,0,0,0,0
9765224-3329-88,70183329,normal,0.12468554079532623,0.0031171385,0.0,2,0,0,0,1
2097026-8669-79,11358669,normal,0.12446276843547821,0.0031115692,0.0,2,0,0,0,0
9652217-7890-84,51497890,normal,0.11867726476091739,0.00011166715,0.007614038588585851,0,0,0,0,0
4373067-0240-85,69040240,normal,0.11859362966541048,0.00010957627,0.007614038588585851,0,0,0,0,0
1514080-0491-70,30500491,normal,0.11657450348138809,0.0029143626,0.0,2,0,0,1,0
9022381-6953-86,84526953,normal,0.11524242788553238,0.0021310607,0.002,1,0,0,0,0
5081606-7304-71,31547304,normal,0.11401578116305724,3.64158e-05,0.007503943274468552,0,0,0,0,0
1977030-9817-91,83289817,normal,0.10566384345293045,0.0026415961,0.0,2,0,0,0,0
4983458-7738-89,58497738,normal,0.0978568035364151,0.0016964201,0.002,1,0,0,0,0
7004609-6260-70,11176260,normal,0.09619934717786485,0.00029622077,0.005623367770660039,0,0,0,0,0
2294868-1104-80,37941104,normal,0.0947408527135849,0.0023685214,0.0,2,0,0,0,1
3830716-4323-93,74584323,normal,0.0933439094834697,0.00023488552,0.0055965659288113095,0,0,0,0,0
1071132-9230-92,97899230,normal,0.09308880775272972,0.00022141215,0.0056154881436626955,0,0,0,0,0
7396713-4366-76,76114366,normal,0.09293307517310606,0.00020678021,0.00564412447600936,0,0,0,0,0
4242741-1545-89,64011545,normal,0.09178970754146576,0.0022947427,0.0,1,0,0,0,0
6448873-3292-86,75583292,normal,0.09001901176047578,0.0001430532,0.00561979226037678,0,0,0,0,0
8910869-7425-85,18577425,normal,0.089124357305465,2.4839012e-05,0.005875386459193982,0,0,0,0,0
9698363-3538-72,48973538,normal,0.08706153929233551,0.0021765386,0.0,2,0,0,2,0
8384651-1072-93,39331072,normal,0.08667011863415755,5.0388477e-05,0.005643638643655722,0,0,0,0,0
8712916-7387-85,64077387,normal,0.08529241247997241,3.8331586e-05,0.005583943274468552,0,0,0,0,0
8369589-5201-79,66335201,normal,0.08184633404016495,0.0020461583,0.0,2,0,0,3,0
298488-3100-75,38303100,normal,0.0714835673570633,0.0017870892,0.0,1,0,0,0,0
9669416-1058-73,76311058,normal,0.06753694351587877,0.00032902436,0.003625064586483231,0,0,0,0,0
6182490-6250-90,87156250,normal,0.06271459755441866,0.00020383121,0.0036374232650739097,0,0,0,0,0
435837-0491-74,30500491,normal,0.062347242654222375,0.00018465106,0.0036640800255608643,0,0,0,0,0
5030243-9506-83,20109506,normal,0.0621207728295353,0.00018418895,0.003650214332235038,0,0,0,0,0
5357524-7724-88,27557724,normal,0.06119780416554532,0.00016591138,0.0036374232650739097,0,0,0,0,0
2119485-1144-84,99581144,normal,0.061190334860280464,5.1183993e-05,0.003942865009981414,0,0,0,0,0
5217189-6730-86,35396730,normal,0.060925554881128365,0.0001543085,0.003650214332235038,0,0,0,0,0
6364102-5754-71,94265754,normal,0.06062210623759299,0.00014672228,0.003650214332235038,0,0,0,0,0
5255767-9559-92,46409559,normal,0.06019296210843592,0.00013599367,0.003650214332235038,0,0,0,0,0
9620792-9061-73,55149061,normal,0.059197826189461566,0.000115911935,0.0036374232650739097,0,0,0,0,0
9137078-3734-90,46443734,normal,0.058450879644822526,0.00011945884,0.003578168409829103,0,0,0,0,0
8557416-1144-87,99581144,normal,0.057346319135827675,5.6606492e-05,0.0036721373013276428,0,0,0,0,0
9536343-1492-73,36481492,normal,0.05722860246896744,0.0014307151,0.0,1,0,0,0,0
9654737-0491-69,30500491,normal,0.05629006300749424,0.00066279055,0.0019852293609791617,1,0,0,0,0
8410270-2332-92,27322332,normal,0.051669202994159405,0.00056320516,0.0019427330709729951,1,0,0,1,0
7942153-1110-89,43571110,normal,0.051434896886348724,0.0012858724,0.0,1,0,0,1,0
6256220-8669-93,11358669,normal,0.0467243418097496,0.0011681085,0.0,1,0,0,1,0
7981507-5764-92,90495764,normal,0.04499072581529617,0.0011247682,0.0,1,0,0,0,0
6654030-5441-82,49965441,normal,0.04410959407687187,0.0011027398,0.0,1,0,0,1,0
5754740-5257-83,60355257,normal,0.04280573129653931,0.0010701433,0.0,1,0,0,0,0
2833115-5754-82,94265754,normal,0.04250282049179077,0.0010625705,0.0,1,0,0,0,0
5568608-4974-89,59884974,normal,0.039716366678476334,0.0009929092,0.0,1,0,0,1,0
6611870-6424-71,59396424,normal,0.03960461914539337,0.0009901155,0.0,1,0,0,0,0
5798023-2180-87,94762180,normal,0.038851458579301834,0.00097128644,0.0,1,0,0,0,0
6925553-9892-88,75119892,normal,0.03841003403067589,0.00096025085,0.0,1,0,0,1,0
884596-9215-81,64939215,normal,0.038175445050001144,0.00095438614,0.0,1,0,0,0,0
9825814-7464-81,37787464,normal,0.03815174719521175,0.00032422467,0.0016788506645817026,0,0,0,0,0
6725162-0967-80,42340967,normal,0.037841136306524276,0.0001960284,0.002,1,0,0,2,0
4580062-5257-70,60355257,normal,0.0373726412653923,0.0009343161,0.0,1,0,0,0,0
3809857-6102-85,58536102,normal,0.036481861025094986,0.0009120465,0.0,2,0,0,0,0
5177107-4578-75,68904578,normal,0.03546293079853058,0.0008865733,0.0,1,0,0,0,0
6438960-7724-84,73967724,normal,0.03530516347118984,0.00025306008,0.0016788506645817026,0,0,0,0,0
1775958-3826-71,10153826,normal,0.03488945544453034,0.00012774918,0.001985299216420498,1,0,0,0,1
5999941-1072-82,39331072,normal,0.03446717990764747,0.0002321105,0.0016788506645817026,0,0,0,0,0
4174578-4442-78,25474442,normal,0.034451029842881065,0.00023170674,0.0016788506645817026,0,0,0,0,0
3639296-9559-89,46409559,normal,0.03440563159265886,0.0002305718,0.0016788506645817026,0,0,0,0,0
2529932-8594-82,17528594,normal,0.034059327095746994,0.0008514832,0.0,1,0,0,1,0
2090898-8451-77,59358451,normal,0.034038765935388904,0.00022140014,0.0016788506645817026,0,0,0,0,0
4088590-7724-91,27557724,normal,0.033582977559505955,9.9641904e-05,0.0019731534384250017,0,0,0,0,0
4073699-0911-81,15830911,normal,0.03349068166890512,0.00020769805,0.0016788506645817026,0,0,0,0,0
5803054-7304-72,31547304,normal,0.03348484600165258,0.00020755215,0.0016788506645817026,0,0,0,0,0
8863874-8990-84,25358990,normal,0.03307871671595941,0.00019739893,0.0016788506645817026,0,0,0,0,0
7825883-5732-90,11185732,normal,0.03284246101975441,0.0008210615,0.0,1,0,0,2,0
888368-5543-88,44445543,normal,0.03277287259697914,0.0008193218,0.0,1,0,0,1,0
5373677-4442-85,25474442,normal,0.03242552012407551,0.000181069,0.0016788506645817026,0,0,0,0,0
3582445-1211-91,30561211,normal,0.032329608334390025,0.00017867121,0.0016788506645817026,0,0,0,0,0
1824036-9215-83,64939215,normal,0.03223319130220781,0.00017626079,0.0016788506645817026,0,0,0,0,0
1933952-0788-80,22270788,normal,0.032104069946495395,0.00017303275,0.0016788506645817026,0,0,0,0,0
1250963-8525-75,54138525,normal,0.03191473392972122,0.00016829935,0.0016788506645817026,0,0,0,0,0
7879256-2332-86,27322332,normal,0.031832993609992366,0.00016625584,0.0016788506645817026,0,0,0,0,0
2556857-8990-91,25358990,normal,0.031505197286605835,0.00078763,0.0,1,0,0,3,0
9344926-7054-89,80787054,normal,0.03149814864780039,4.7727688e-05,0.0019726027397260273,0,0,0,0,0
6324098-5929-81,90155929,normal,0.03134417405554424,0.00015403536,0.0016788506645817026,0,0,0,0,0
5369572-4323-89,74584323,normal,0.031284364054141145,0.0001525401,0.0016788506645817026,0,0,0,0,0
1616561-7464-83,37787464,normal,0.031240051612257957,0.0007810013,0.0,1,0,0,0,0
6629586-1885-77,24671885,normal,0.031192174181342125,0.00077980437,0.0,1,0,0,1,0
6031168-6250-68,87156250,normal,0.031177873836991884,0.00014987784,0.0016788506645817026,0,0,0,0,0
1975705-4154-78,34034154,normal,0.03099112624805182,4.8156893e-05,0.0019376567052924035,0,0,0,0,0
6035744-3444-92,86943444,normal,0.03097941353917122,0.00077448535,0.0,1,0,0,0,0
1231216-1632-92,97381632,normal,0.03089968452432523,0.00014292312,0.0016788506645817026,0,0,0,0,0
4100382-0788-76,22270788,normal,0.030841846598473884,0.00014147717,0.0016788506645817026,0,0,0,0,0
1300630-8669-71,11358669,normal,0.03077937290072441,0.0007694843,0.0,1,0,0,0,0
5052930-9215-80,64939215,normal,0.030727084374216892,0.00013860811,0.0016788506645817026,0,0,0,0,0
9383201-6871-78,39376871,normal,0.030584966763854027,0.00076462416,0.0,1,0,0,0,0
6574700-6730-80,35396730,normal,0.030446053413113055,3.4530072e-05,0.0019376567052924035,0,0,0,1,0
3585948-6510-83,24846510,normal,0.030433917066243984,0.00013127892,0.0016788506645817026,0,0,0,0,0
3107606-4154-87,34034154,normal,0.030312872841361922,4.4620654e-05,0.0019018697785439598,0,0,0,0,1
6816016-6953-89,84526953,normal,0.03008582826906214,0.0001225767,0.0016788506645817026,0,0,0,0,0
873992-9286-75,83879286,normal,0.0298163791982384,5.283037e-05,0.0018468776180962819,0,0,0,2,0
9998886-7689-84,70937689,normal,0.029797795808104374,0.0001153759,0.0016788506645817026,0,0,0,0,0
4492803-8135-85,24968135,normal,0.029739605376658537,0.00011392113,0.0016788506645817026,0,0,0,0,0
4771874-8451-86,59358451,normal,0.029739244489160873,0.000113912116,0.0016788506645817026,0,0,0,0,0
6385844-2180-78,94762180,normal,0.02972873730787406,0.00011364944,0.0016788506645817026,0,0,0,0,0
1681061-4572-90,15254572,normal,0.029722378237334587,0.00011349046,0.0016788506645817026,0,0,0,0,0
1779018-8723-78,70908723,normal,0.02964969689228902,0.00011167343,0.0016788506645817026,0,0,0,0,0
2584388-8594-71,17528594,normal,0.029632330520240165,0.000111239264,0.0016788506645817026,0,0,0,0,0
2993569-2332-80,27322332,normal,0.029617043791500427,0.0001108571,0.0016788506645817026,0,0,0,0,0
5143754-0324-82,48100324,normal,0.02958311477878461,0.00011000887,0.0016788506645817026,0,0,0,0,0
6673037-0842-86,45740842,normal,0.029535348175255157,0.000108814704,0.0016788506645817026,0,0,0,0,0
9507227-7425-89,18577425,normal,0.029491368681192398,0.0007372842,0.0,1,0,0,0,0
7543389-7738-87,58497738,normal,0.029388188498256303,0.00010513572,0.0016788506645817026,0,0,0,0,0
9159179-7286-78,55537286,normal,0.029278064726082183,0.00010238262,0.0016788506645817026,0,0,0,0,0
8390429-0240-83,69040240,normal,0.02925613522529602,0.00073140336,0.0,1,0,0,1,0
3414430-5970-80,76515970,normal,0.029222498761651613,0.00010099347,0.0016788506645817026,0,0,0,0,0
6225035-6903-74,81316903,normal,0.02917538594656954,9.9815654e-05,0.0016788506645817026,0,0,0,0,0
1739795-4932-89,84324932,normal,0.02913987834208975,9.892796e-05,0.0016788506645817026,0,0,0,0,0
8254117-9410-77,34969410,normal,0.029066506773233414,0.0007266627,0.0,1,0,0,0,0
4228299-4571-85,33414571,normal,0.02898367866873741,0.00072459196,0.0,1,0,0,1,0
6890852-1648-78,44811648,normal,0.02862379141151905,0.0007155948,0.0,1,0,0,1,0
5459840-8525-82,54138525,normal,0.028562603518366814,0.0007140651,0.0,1,0,0,0,0
1332462-0967-74,42340967,normal,0.02790459245443344,0.0006976148,0.0,1,0,0,0,0
8511859-9817-94,83289817,normal,0.027746187523007393,0.0006936547,0.0,1,0,0,0,0
6959164-7425-75,18577425,normal,0.02769443392753601,0.00069236086,0.0,2,0,0,0,0
2730016-1451-73,19911451,normal,0.027655508369207382,0.0006913877,0.0,1,0,0,0,0
8673178-9720-72,76159720,normal,0.027646412996793684,0.000115187366,0.00153592790279752,0,0,0,1,0
1059896-6919-87,76106919,normal,0.027575749903917313,0.0006893937,0.0,1,0,0,0,0
1799774-8723-75,70908723,normal,0.027118699625134468,0.0006779675,0.0,1,0,0,0,0
5348468-7425-92,18577425,normal,0.027030929923057556,0.00067577325,0.0,1,0,0,0,0
532094-7178-69,66657178,normal,0.026727885007858276,0.0006681971,0.0,1,0,0,1,0
4357037-6518-77,89116518,normal,0.026529531925916672,0.0006632383,0.0,1,0,0,1,0
5282400-9788-81,32409788,normal,0.02640466019511223,0.0006601165,0.0,1,0,0,0,0
8887324-0213-73,32910213,normal,0.0263781388460049,8.348051e-05,0.00153592790279752,0,0,0,1,0
6290250-4123-82,20704123,normal,0.02617040548309177,7.828717e-05,0.00153592790279752,0,0,0,1,0
9615255-5257-86,60355257,normal,0.026028867269153294,7.474872e-05,0.00153592790279752,0,0,0,1,1
4088245-4717-88,86054717,normal,0.025891415774822235,0.0006472854,0.0,1,0,0,2,0
4380747-7738-78,58497738,normal,0.02579161897301674,0.0006447905,0.0,1,0,0,2,0
5941792-5580-75,69605580,normal,0.025708472356200218,0.0006427118,0.0,1,0,0,1,0
485259-0213-71,32910213,normal,0.0255125832448104,6.1841616e-05,0.00153592790279752,0,0,0,1,0
4053343-7286-94,55537286,normal,0.025404926389455795,0.0006351232,0.0,1,0,0,1,0
7603405-8492-88,98228492,normal,0.025344006717205048,0.00063360017,0.0,1,0,0,1,0
7255782-8525-90,54138525,normal,0.0251425988210687,5.2592004e-05,0.00153592790279752,0,0,0,1,0
7280921-2210-74,36722210,normal,0.02512744814157486,0.0006281862,0.0,1,0,0,0,0
8528054-9885-87,93739885,normal,0.02449988542891532,3.6524172e-05,0.00153592790279752,0,0,0,1,1
2632271-4040-85,58984040,normal,0.024209770065019426,2.9271287e-05,0.00153592790279752,0,0,0,1,0
2728583-9230-82,97899230,normal,0.024040329659576115,2.5035277e-05,0.00153592790279752,0,0,0,1,0
3678890-1632-85,97381632,normal,0.02400243654847145,0.0006000609,0.0,1,0,0,1,0
1348819-4900-82,93774900,normal,0.02394750334158033,2.271462e-05,0.00153592790279752,0,0,0,1,1
2538103-4484-86,95874484,normal,0.02394487305379897,2.2648863e-05,0.00153592790279752,0,0,0,1,1
848541-0682-78,82890682,normal,0.023674752563238144,0.0005918688,0.0,1,0,0,0,0
8229317-4040-87,58984040,normal,0.02356870099902153,0.0005892175,0.0,1,0,0,1,0
4763420-4550-75,42954550,normal,0.023443831130862236,0.0005860958,0.0,1,0,0,1,0
3256890-0651-81,43510651,normal,0.02318241447210312,0.00057956035,0.0,1,0,0,1,0
7615262-9286-68,83879286,normal,0.023120606318116188,0.00057801517,0.0,1,0,0,2,0
4898173-4484-90,95874484,normal,0.02305886521935463,0.0005764716,0.0,1,0,0,0,0
3733937-7570-84,76017570,normal,0.022837713360786438,0.0005709428,0.0,1,0,0,0,0
4795959-6533-73,84346533,normal,0.022814301773905754,0.00057035754,0.0,1,0,0,0,0
5244552-9559-71,46409559,normal,0.022791048511862755,0.0005697762,0.0,1,0,0,2,0
1409267-4040-69,58984040,normal,0.022652920335531235,0.000566323,0.0,1,0,0,0,0
5169795-2332-89,27322332,normal,0.022603346034884453,0.00056508364,0.0,1,0,0,2,0
8236699-8467-82,34798467,normal,0.022334473207592964,0.0005583618,0.0,1,0,0,0,0
7722511-2210-91,36722210,normal,0.02209298498928547,0.00055232464,0.0,1,0,0,0,0
413860-4717-85,86054717,normal,0.021976351737976074,0.0005494088,0.0,1,0,0,1,0
5438109-6533-88,84346533,normal,0.021920325234532356,0.00054800813,0.0,1,0,0,0,0
613985-4218-86,66254218,normal,0.021806128323078156,0.0005451532,0.0,1,0,0,1,0
916200-1545-91,64011545,normal,0.021796010434627533,0.00054490025,0.0,1,0,0,1,0
9315044-3538-83,48973538,normal,0.021461598575115204,0.00053653994,0.0,1,0,0,0,0
1964563-6967-86,65756967,normal,0.021448766812682152,0.00053621916,0.0,1,0,0,1,1
5695103-0287-76,27030287,normal,0.02118261158466339,0.00052956527,0.0,1,0,0,0,1
3601373-2112-68,85582112,normal,0.021180612966418266,0.0005295153,0.0,1,0,0,1,0
5141016-1274-83,12801274,normal,0.02097371593117714,0.0005243429,0.0,1,0,0,1,0
1264664-6208-73,34756208,normal,0.020752334967255592,0.0005188084,0.0,1,0,0,1,0
3082184-8492-85,98228492,normal,0.02054397016763687,0.00051359925,0.0,1,0,0,0,0
6627414-8718-83,32908718,normal,0.020469896495342255,0.00051174744,0.0,1,0,0,1,0
9755398-0967-78,42340967,normal,0.02045556902885437,0.0005113892,0.0,1,0,0,0,0
4219139-5732-83,11185732,normal,0.0203236173838377,0.0005080904,0.0,1,0,0,1,0
3355577-0213-91,32910213,normal,0.0201738141477108,0.00050434534,0.0,1,0,0,0,0
1060323-2826-75,22222826,normal,0.019974518567323685,0.00049936294,0.0,1,0,0,0,0
2668948-4950-85,11324950,normal,0.019974326714873314,0.00049935817,0.0,1,0,0,0,1
9021982-9108-70,75559108,normal,0.01967300847172737,0.0004918252,0.0,1,0,0,1,0
9798988-8718-88,32908718,normal,0.019513912498950958,0.0004878478,0.0,1,0,0,0,0
7598128-9720-93,76159720,normal,0.019513577222824097,0.00048783945,0.0,1,0,0,0,0
9316920-8492-91,98228492,normal,0.019487379118800163,0.00048718447,0.0,1,0,0,1,0
9686588-7034-81,68217034,normal,0.01945732720196247,0.0004864332,0.0,1,0,0,0,0
2967388-8814-77,31498814,normal,0.019408822059631348,0.00048522055,0.0,1,0,0,0,0
6779866-1110-83,43571110,normal,0.01936177723109722,0.00048404443,0.0,1,0,0,0,0
4133638-8451-78,59358451,normal,0.019232219085097313,0.00048080547,0.0,1,0,0,1,0
6681198-6260-80,11176260,normal,0.019206039607524872,0.00048015098,0.0,1,0,0,0,0
5948286-0788-87,22270788,normal,0.019077658653259277,0.00047694147,0.0,1,0,0,1,0
389114-0838-90,62090838,normal,0.01899229735136032,0.00047480746,0.0,1,0,0,1,0
5581905-5252-68,55915252,normal,0.01878667250275612,0.00046966682,0.0,1,0,0,2,0
6162116-5319-89,29595319,normal,0.018638214096426964,0.00046595535,0.0,1,0,0,0,0
1160677-9892-87,75119892,normal,0.018598360940814018,0.00046495904,0.0,1,0,0,0,0
8929459-7626-72,94527626,normal,0.018597422167658806,0.00046493555,0.0,1,0,0,0,0
9831443-8718-91,32908718,normal,0.018592696636915207,0.00046481742,0.0,1,0,0,0,0
7957422-9230-80,97899230,normal,0.01855333149433136,0.00046383328,0.0,1,0,0,1,0
352617-0682-74,82890682,normal,0.018456974998116493,0.00046142438,0.0,1,0,0,1,0
421505-1211-75,30561211,normal,0.018439030274748802,0.00046097575,0.0,1,0,0,0,0
5140461-2112-77,85582112,normal,0.018308719620108604,0.000457718,0.0,1,0,0,1,0
8790300-9410-73,34969410,normal,0.018283206969499588,0.00045708017,0.0,1,0,0,2,0
7659872-4123-87,20704123,normal,0.01782124489545822,0.0004455311,0.0,1,0,0,0,0
1518446-6730-92,35396730,normal,0.017816700041294098,0.00044541748,0.0,1,0,0,0,0
7278143-0967-76,42340967,normal,0.017804570496082306,0.00044511424,0.0,1,0,0,1,0
6243888-8467-79,34798467,normal,0.017775822430849075,0.00044439558,0.0,1,0,0,1,0
1571773-1866-77,65621866,normal,0.01774708367884159,0.0004436771,0.0,1,0,0,0,0
9855962-4550-85,42954550,normal,0.01767953485250473,0.00044198838,0.0,1,0,0,2,0
1177256-2903-89,19152903,normal,0.01767316646873951,0.00044182915,0.0,1,0,0,0,0
619787-1729-88,77221729,normal,0.017537906765937805,0.00043844766,0.0,1,0,0,0,0
9512519-6968-83,14296968,normal,0.017513524740934372,0.0004378381,0.0,1,0,0,1,0
461389-4154-72,34034154,normal,0.017512815073132515,0.00043782036,0.0,1,0,0,0,0
5975587-6264-92,61156264,normal,0.017456095665693283,0.0004364024,0.0,1,0,0,0,0
2682215-9578-87,44739578,normal,0.017455389723181725,0.00043638473,0.0,1,0,0,1,0
7193872-2858-72,94832858,normal,0.017432525753974915,0.00043581313,0.0,1,0,0,0,0
262188-5252-63,55915252,normal,0.017389411106705666,0.0004347353,0.0,1,0,0,1,0
9643014-5386-85,90485386,normal,0.017269432544708252,0.00043173583,0.0,1,0,0,1,0
1967417-2903-88,19152903,normal,0.01718531921505928,0.00042963296,0.0,1,0,0,0,0
9644971-5257-80,60355257,normal,0.01717948727309704,0.00042948718,0.0,1,0,0,0,0
8230211-9286-73,83879286,normal,0.01713898591697216,0.00042847465,0.0,1,0,0,1,0
1833816-7425-90,18577425,normal,0.01709873601794243,0.0004274684,0.0,1,0,0,0,0
273142-0287-82,27030287,normal,0.01699594222009182,0.00042489855,0.0,1,0,0,0,0
2884444-9542-98,17679542,normal,0.016918020322918892,0.0004229505,0.0,1,0,0,1,0
9490466-3734-75,46443734,normal,0.01690206304192543,0.0004225516,0.0,1,0,0,2,0
873366-2826-80,22222826,normal,0.01686462014913559,0.0004216155,0.0,1,0,0,0,1
8458564-3734-92,46443734,normal,0.016855956986546516,0.00042139893,0.0,1,0,0,2,0
673492-1665-92,52741665,normal,0.0168291125446558,0.0004207278,0.0,1,0,0,1,0
2997757-6838-86,44416838,normal,0.016763104125857353,0.0004190776,0.0,1,0,0,2,0
2880011-2174-82,67292174,normal,0.016727866604924202,0.00041819667,0.0,1,0,0,0,0
9903117-7472-72,49677472,normal,0.016633499413728714,0.0004158375,0.0,1,0,0,0,0
672099-0659-87,76490659,normal,0.01662721484899521,0.00041568038,0.0,1,0,0,1,0
4583258-9442-76,25209442,normal,0.016605887562036514,0.00041514717,0.0,1,0,0,0,0
8988466-0257-90,60630257,normal,0.01659916713833809,0.00041497918,0.0,1,0,0,1,0
8316289-5867-89,82425867,normal,0.016554666683077812,0.00041386668,0.0,1,0,0,1,0
1457831-2180-92,94762180,normal,0.01654379814863205,0.00041359494,0.0,1,0,0,0,0
333291-5970-76,76515970,normal,0.016410905867815018,0.00041027265,0.0,1,0,0,1,0
6306323-3938-79,12183938,normal,0.01635940745472908,0.0004089852,0.0,1,0,0,1,0
6619677-3163-88,69523163,normal,0.016342783346772194,0.00040856958,0.0,1,0,0,1,0
4392501-4900-70,93774900,normal,0.01628832146525383,0.00040720805,0.0,1,0,0,0,0
9666984-8936-85,37428936,normal,0.016273895278573036,0.0004068474,0.0,1,0,0,0,0
5466328-8594-78,17528594,normal,0.016273733228445053,0.00040684335,0.0,1,0,0,1,0
1203150-0287-79,27030287,normal,0.016271337866783142,0.00040678342,0.0,1,0,0,2,0
4102669-0324-78,48100324,normal,0.01619269885122776,0.0004048175,0.0,1,0,0,2,0
1750719-1632-76,97381632,normal,0.016184527426958084,0.00040461318,0.0,1,0,0,1,0
6692405-9065-81,27499065,normal,0.01616300269961357,0.00040407508,0.0,1,0,0,2,0
9494428-2130-89,73322130,normal,0.016128195449709892,0.00040320487,0.0,1,0,0,2,1
3142857-6424-78,59396424,normal,0.015873726457357407,0.00039684316,0.0,1,0,0,0,0
9898780-9442-86,25209442,normal,0.015716010704636574,0.00039290026,0.0,1,0,0,1,0
2953188-7286-85,55537286,normal,0.015700722113251686,0.00039251804,0.0,1,0,0,1,0
2689665-0842-85,45740842,normal,0.015696022659540176,0.00039240054,0.0,1,0,0,1,0
1803338-6274-83,19536274,normal,0.015693560242652893,0.00039233902,0.0,1,0,0,1,0
814592-0589-75,73030589,normal,0.015626203268766403,0.00039065507,0.0,1,0,0,2,0
4425613-0682-79,82890682,normal,0.015616455115377903,0.00039041138,0.0,1,0,0,1,0
1076225-9817-84,83289817,normal,0.01559537649154663,0.0003898844,0.0,1,0,0,0,0
7181740-0324-75,48100324,normal,0.015553305856883526,0.00038883265,0.0,1,0,0,2,0
4518132-6871-81,39376871,normal,0.015518967993557453,0.0003879742,0.0,1,0,0,1,0
7204123-5319-69,29595319,normal,0.01540280319750309,0.00038507007,0.0,1,0,0,0,0
4042795-4974-78,59884974,normal,0.01539678405970335,0.0003849196,0.0,1,0,0,0,0
8153838-1058-87,76311058,normal,0.015385568141937256,0.0003846392,0.0,1,0,0,2,0
206780-3538-78,48973538,normal,0.015214616432785988,0.0003803654,0.0,1,0,0,1,0
9993443-3163-92,69523163,normal,0.015178609639406204,0.00037946523,0.0,1,0,0,1,0
3383107-6871-91,39376871,normal,0.015147428959608078,0.0003786857,0.0,1,0,0,1,0
6107727-2041-85,26202041,normal,0.015107951126992702,0.00037769877,0.0,1,0,0,1,0
3330090-4578-76,68904578,normal,0.014966597780585289,0.00037416496,0.0,1,0,0,0,1
7325258-7286-91,55537286,normal,0.014906687662005424,0.0003726672,0.0,1,0,0,0,0
5826716-1492-81,36481492,normal,0.014774426817893982,0.00036936067,0.0,1,0,0,0,0
8481830-5893-78,63855893,normal,0.014712969772517681,0.00036782425,0.0,1,0,0,1,0
8401097-6060-75,22986060,normal,0.014586049132049084,0.00036465123,0.0,1,0,0,0,0
7167728-6102-82,58536102,normal,0.014564339071512222,0.00036410848,0.0,1,0,0,1,0
7058558-8525-83,54138525,normal,0.014378311112523079,0.00035945777,0.0,1,0,0,1,0
2227712-0357-86,95930357,normal,0.014369841665029526,0.00035924604,0.0,1,0,0,2,0
1706126-5754-77,94265754,normal,0.014273149892687798,0.00035682874,0.0,1,0,0,1,0
6383619-8964-71,22978964,normal,0.014227734878659248,0.00035569337,0.0,1,0,0,0,0
2312447-9542-94,17679542,normal,0.01418566145002842,0.00035464152,0.0,1,0,0,1,0
4701391-8492-80,98228492,normal,0.014097410254180431,0.00035243525,0.0,0,0,0,0,0
250608-4066-85,61094066,normal,0.014085997827351093,0.00035214995,0.0,1,0,0,1,0
4307385-1058-85,76311058,normal,0.014058783650398254,0.00035146959,0.0,1,0,0,0,0
6323272-9230-87,97899230,normal,0.014026259072124958,0.00035065648,0.0,1,0,0,0,0
2273079-6968-82,14296968,normal,0.01398447435349226,0.00034961186,0.0,1,0,0,1,0
4622463-4932-78,84324932,normal,0.013957596383988857,0.0003489399,0.0,1,0,0,1,0
9146540-9172-87,76949172,normal,0.013935066759586334,0.00034837666,0.0,1,0,0,0,0
6026086-7425-81,18577425,normal,0.013846585527062416,0.00034616463,0.0,1,0,0,0,0
7858732-3100-78,38303100,normal,0.013778099790215492,0.0003444525,0.0,1,0,0,0,0
3607108-7304-84,31547304,normal,0.013707448728382587,0.00034268622,0.0,1,0,0,1,0
7273501-4493-72,53384493,normal,0.013707220554351807,0.00034268052,0.0,1,0,0,1,0
1286358-6060-81,22986060,normal,0.013687248341739178,0.0003421812,0.0,1,0,0,0,0
550953-5929-80,90155929,normal,0.013683849014341831,0.00034209623,0.0,1,0,0,1,0
9012039-5947-75,10045947,normal,0.013568280264735222,0.000339207,0.0,1,0,0,0,0
3668616-5386-83,90485386,normal,0.013491494581103325,0.00033728738,0.0,1,0,0,0,0
3025363-1175-89,79661175,normal,0.013478312641382217,0.0003369578,0.0,1,0,0,0,0
8548722-5252-76,55915252,normal,0.013442669063806534,0.00033606673,0.0,1,0,0,1,0
2474200-4484-80,95874484,normal,0.013418974354863167,0.00033547435,0.0,1,0,0,0,0
1627452-1072-83,39331072,normal,0.013363242149353027,0.00033408107,0.0,1,0,0,1,0
3956415-2903-81,19152903,normal,0.013332179747521877,0.0003333045,0.0,1,0,0,1,0
697886-7304-79,31547304,normal,0.013293128460645676,0.0003323282,0.0,1,0,0,1,0
5378200-5257-89,60355257,normal,0.013255681842565536,0.00033139205,0.0,1,0,0,1,0
7797395-7235-81,86187235,normal,0.01324610598385334,0.00033115264,0.0,1,0,0,0,0
7843265-9031-80,66369031,normal,0.013236865401268005,0.00033092164,0.0,1,0,0,1,0
1355380-6967-87,65756967,normal,0.013226495124399662,0.00033066238,0.0,1,0,0,0,0
7999702-8910-80,75168910,normal,0.013166571967303753,0.0003291643,0.0,1,0,0,2,0
7308213-6518-81,89116518,normal,0.013163208961486816,0.0003290802,0.0,1,0,0,1,0
6621295-1144-80,99581144,normal,0.013132774271070957,0.00032831935,0.0,1,0,0,0,0
917647-5122-78,84015122,normal,0.013054468668997288,0.0003263617,0.0,1,0,0,0,0
3702029-1110-82,43571110,normal,0.012989219278097153,0.00032473047,0.0,1,0,0,1,0
8713892-0589-84,73030589,normal,0.012934548780322075,0.00032336373,0.0,1,0,0,2,0
7205614-4123-83,20704123,normal,0.01279349997639656,0.0003198375,0.0,1,0,0,0,0
3532883-0838-82,62090838,normal,0.012789353728294373,0.00031973384,0.0,1,0,0,0,1
7581681-5257-73,60355257,normal,0.012730573303997517,0.00031826433,0.0,1,0,0,1,0
1206382-3375-85,68033375,normal,0.012698463164269924,0.00031746158,0.0,1,0,0,1,0
6285719-1807-81,20101807,normal,0.012680316343903542,0.0003170079,0.0,1,0,0,1,0
4670593-4154-77,34034154,normal,0.012458688579499722,0.0003114672,0.0,1,0,0,0,0
5739776-6953-87,84526953,normal,0.01240312959998846,0.00031007823,0.0,1,0,0,2,0
8206412-4123-88,20704123,normal,0.012367445975542068,0.00030918614,0.0,1,0,0,0,1
9500755-2826-88,22222826,normal,0.01236315444111824,0.00030907887,0.0,1,0,0,0,0
9069761-9230-77,97899230,normal,0.012320959009230137,0.00030802397,0.0,1,0,0,0,0
5257981-0213-86,32910213,normal,0.012299492955207825,0.00030748732,0.0,1,0,0,0,0
3358282-6838-78,44416838,normal,0.012293960899114609,0.00030734902,0.0,1,0,0,1,0
6715027-7366-83,18527366,normal,0.012275665998458862,0.00030689166,0.0,1,0,0,0,0
831290-6274-77,19536274,normal,0.012222612276673317,0.0003055653,0.0,1,0,0,2,0
8379412-8688-85,76588688,normal,0.012209183536469936,0.0003052296,0.0,1,0,0,1,0
951797-6424-88,59396424,normal,0.012185867875814438,0.0003046467,0.0,1,0,0,0,0
5807482-0240-88,69040240,normal,0.012099102139472961,0.00030247757,0.0,1,0,0,1,0
4259281-9788-84,32409788,normal,0.01201977115124464,0.00030049428,0.0,1,0,0,0,0
4931387-8990-90,25358990,normal,0.011868366971611977,0.0002967092,0.0,1,0,0,1,0
1589015-5201-94,66335201,normal,0.011825311928987503,0.0002956328,0.0,1,0,0,1,0
5111546-2112-82,85582112,normal,0.01181369461119175,0.00029534235,0.0,1,0,0,2,0
9973287-3100-76,38303100,normal,0.011795069091022015,0.00029487672,0.0,1,0,0,2,0
6918508-6510-81,16886510,normal,0.011758106760680676,0.00029395267,0.0,1,0,0,0,0
3265734-3826-87,10153826,normal,0.011710426770150661,0.00029276067,0.0,1,0,0,0,1
5603377-7626-81,94527626,normal,0.011659614741802216,0.00029149037,0.0,1,0,0,0,0
9089102-8669-85,11358669,normal,0.011485797353088856,0.00028714494,0.0,1,0,0,1,0
9111425-5201-82,66335201,normal,0.011482207104563713,0.00028705518,0.0,1,0,0,0,0
8319798-2080-86,44102080,normal,0.011472184211015701,0.0002868046,0.0,1,0,0,1,0
7854445-9410-74,34969410,normal,0.011462464928627014,0.0002865616,0.0,1,0,0,1,0
8766529-6967-76,65756967,normal,0.011429823935031891,0.0002857456,0.0,1,0,0,1,0
6823180-1981-85,29051981,normal,0.01138688251376152,0.00028467207,0.0,1,0,0,1,0
7863869-4442-82,25474442,normal,0.011370057240128517,0.00028425144,0.0,1,0,0,0,0
4243046-9108-87,75559108,normal,0.011286623775959015,0.0002821656,0.0,1,0,0,1,0
4350075-4218-76,66254218,normal,0.011253442615270615,0.00028133608,0.0,1,0,0,1,0
1839174-8990-82,25358990,normal,0.011251533403992653,0.00028128835,0.0,1,0,0,2,0
2113827-6510-86,24846510,normal,0.01121553685516119,0.00028038843,0.0,1,0,0,2,0
9040093-1981-88,29051981,normal,0.011170386336743832,0.00027925966,0.0,1,0,0,0,0
2246023-3163-82,69523163,normal,0.011145439930260181,0.000278636,0.0,1,0,0,0,0
8975448-5319-77,29595319,normal,0.011120306327939034,0.00027800765,0.0,1,0,0,0,0
5200995-7550-88,95227550,normal,0.011095217429101467,0.00027738043,0.0,1,0,0,1,0
6045404-6518-76,89116518,normal,0.011094360612332821,0.000277359,0.0,1,0,0,2,0
9097056-2180-82,94762180,normal,0.011086705140769482,0.00027716762,0.0,1,0,0,0,0
6160063-1782-86,80051782,normal,0.011054249480366707,0.00027635624,0.0,1,0,0,0,0
1077262-3538-74,48973538,normal,0.011034095659852028,0.0002758524,0.0,1,0,0,1,0
8200213-9788-77,32409788,normal,0.011004689149558544,0.00027511723,0.0,1,0,0,1,0
9333799-9578-85,44739578,normal,0.011000902391970158,0.00027502255,0.0,1,0,0,1,0
1724064-5201-73,66335201,normal,0.010978375561535358,0.0002744594,0.0,1,0,0,3,0
8780578-0282-77,64010282,normal,0.010958025231957436,0.00027395063,0.0,1,0,0,0,0
8857009-7626-85,94527626,normal,0.010924207046627998,0.00027310516,0.0,1,0,0,1,0
8714230-6250-89,87156250,normal,0.010862845927476883,0.00027157116,0.0,1,0,0,1,0
8177172-1782-82,80051782,normal,0.010823189280927181,0.00027057974,0.0,1,0,0,1,0
3525391-1632-89,97381632,normal,0.010734431445598602,0.00026836077,0.0,1,0,0,1,0
7638608-9380-80,18449380,normal,0.010538280010223389,0.000263457,0.0,1,0,0,0,0
5863070-9559-84,46409559,normal,0.010530958883464336,0.00026327398,0.0,1,0,0,1,0
3458989-0589-83,73030589,normal,0.010511267930269241,0.0002627817,0.0,1,0,0,0,0
312871-4974-72,59884974,normal,0.01050272211432457,0.00026256806,0.0,1,0,0,0,0
4631165-2210-73,36722210,normal,0.010447553358972073,0.00026118883,0.0,1,0,0,0,0
487852-1782-80,80051782,normal,0.010438422672450542,0.00026096057,0.0,1,0,0,1,0
9420948-1885-85,24671885,normal,0.01034938357770443,0.0002587346,0.0,1,0,0,1,0
3998334-5201-90,66335201,normal,0.010327087715268135,0.0002581772,0.0,1,0,0,0,0
5849926-2210-88,36722210,normal,0.010325541719794273,0.00025813855,0.0,1,0,0,0,0
4043510-6260-76,11176260,normal,0.01025020144879818,0.00025625504,0.0,1,0,0,1,0
9819411-5970-74,76515970,normal,0.01023191213607788,0.00025579782,0.0,1,0,0,0,0
3500117-5764-73,90495764,normal,0.010181980207562447,0.0002545495,0.0,1,0,0,0,0
2863712-2826-86,22222826,normal,0.010175604373216629,0.00025439012,0.0,1,0,0,0,1
603295-7054-75,80787054,normal,0.010157031938433647,0.0002539258,0.0,1,0,0,1,0
5975121-6510-89,24846510,normal,0.010105268098413944,0.0002526317,0.0,1,0,0,1,0
7975642-0282-85,64010282,normal,0.01009557954967022,0.0002523895,0.0,1,0,0,0,0
6097436-3444-71,86943444,normal,0.01007091160863638,0.00025177278,0.0,0,0,0,1,1
6101229-9542-90,17679542,normal,0.010034414008259773,0.00025086035,0.0,0,0,0,2,0
2641724-9410-70,34969410,normal,0.009946154430508614,0.00024865387,0.0,1,0,0,1,0
6874827-6730-96,35396730,normal,0.009928114712238312,0.00024820288,0.0,1,0,0,0,1
7060877-4932-77,84324932,normal,0.00991777516901493,0.00024794438,0.0,0,0,0,1,0
1334843-7034-73,68217034,normal,0.009806622751057148,0.00024516557,0.0,1,0,0,0,0
4055613-7890-72,51497890,normal,0.009780720807611942,0.000244518,0.0,1,0,0,0,0
4535312-4575-80,91674575,normal,0.009678159840404987,0.000241954,0.0,1,0,0,0,0
6772931-2332-74,27322332,normal,0.009579827077686787,0.00023949567,0.0,1,0,0,2,0
2552203-1492-75,36481492,normal,0.009506362490355968,0.00023765907,0.0,1,0,0,0,0
9661688-4484-87,95874484,normal,0.009478306397795677,0.00023695767,0.0,1,0,0,0,1
5587463-5441-85,49965441,normal,0.009457589127123356,0.00023643972,0.0,0,0,0,1,0
3841108-1492-74,36481492,normal,0.009423627518117428,0.00023559069,0.0,1,0,0,0,0
3696971-8467-70,34798467,normal,0.009407549165189266,0.00023518874,0.0,0,0,0,0,0
111925-9506-76,20109506,normal,0.009364798665046692,0.00023411997,0.0,1,0,0,0,0
1806295-2080-79,44102080,normal,0.009357409551739693,0.00023393524,0.0,1,0,0,1,0
4075307-6903-86,81316903,normal,0.009302105754613876,0.00023255264,0.0,1,0,0,1,0
6917631-6729-93,91586729,normal,0.009235032834112644,0.00023087581,0.0,1,0,0,0,0
1469731-1885-75,24671885,normal,0.00922990869730711,0.00023074773,0.0,1,0,0,1,0
3637010-5386-75,90485386,normal,0.009183192625641823,0.00022957982,0.0,1,0,0,1,0
9634912-0282-78,64010282,normal,0.009174930863082409,0.00022937327,0.0,1,0,0,1,0
8423207-7054-77,80787054,normal,0.009122653864324093,0.00022806635,0.0,1,0,0,1,0
2630476-8814-85,31498814,normal,0.00910175871104002,0.00022754398,0.0,1,0,0,2,0
5855163-4950-79,57174950,normal,0.009095616638660431,0.00022739042,0.0,1,0,0,0,0
9843778-8021-89,26998021,normal,0.009093613363802433,0.00022734034,0.0,1,0,0,0,0
2835931-1175-78,79661175,normal,0.009040731936693192,0.00022601831,0.0,1,0,0,0,0
9594377-1866-79,65621866,normal,0.009017943404614925,0.00022544859,0.0,1,0,0,0,0
633882-8669-76,11358669,normal,0.008983881212770939,0.00022459704,0.0,1,0,0,1,0
818043-4950-75,11324950,normal,0.008969519287347794,0.00022423799,0.0,1,0,0,0,0
5598855-8910-89,75168910,normal,0.008887684904038906,0.00022219212,0.0,1,0,0,1,0
5616626-5178-90,88325178,normal,0.008835164830088615,0.00022087911,0.0,1,0,0,0,0
3555656-9215-87,64939215,normal,0.00882990937680006,0.00022074774,0.0,1,0,0,0,0
6117961-9031-78,66369031,normal,0.00879999715834856,0.00021999993,0.0,1,0,0,0,0
8799917-4950-82,57174950,normal,0.008781046606600285,0.00021952616,0.0,1,0,0,1,0
8316903-7286-83,55537286,normal,0.008766574785113335,0.00021916436,0.0,1,0,0,0,0
1459550-6208-74,34756208,normal,0.008765462785959244,0.00021913658,0.0,1,0,0,0,0
4742596-9215-88,64939215,normal,0.008731388486921787,0.00021828471,0.0,1,0,0,0,0
6983162-0589-77,73030589,normal,0.008674969896674156,0.00021687424,0.0,0,0,0,0,0
7069556-0667-76,65770667,normal,0.008672819472849369,0.00021682048,0.0,1,0,0,0,0
1780171-4218-87,66254218,normal,0.008660762570798397,0.00021651907,0.0,1,0,0,0,0
4570511-9031-88,66369031,normal,0.008656973019242287,0.00021642432,0.0,1,0,0,0,1
1071504-6102-89,58536102,normal,0.008655454963445663,0.00021638637,0.0,0,0,0,0,0
3737692-7425-82,18577425,normal,0.008651222102344036,0.00021628056,0.0,1,0,0,0,0
330294-8132-86,36468132,normal,0.008540602400898933,0.00021351507,0.0,1,0,0,1,0
804735-2903-79,19152903,normal,0.008507061749696732,0.00021267655,0.0,1,0,0,0,0
9720239-0659-77,76490659,normal,0.008506940677762032,0.00021267352,0.0,1,0,0,1,0
2263090-4999-81,26094999,normal,0.008492100983858109,0.00021230253,0.0,1,0,0,0,0
6711480-5580-80,69605580,normal,0.008487090468406677,0.00021217727,0.0,1,0,0,1,0
3014862-3329-77,70183329,normal,0.008485982194542885,0.00021214956,0.0,1,0,0,1,0
1122781-5178-83,88325178,normal,0.00847059115767479,0.00021176477,0.0,1,0,0,0,0
7672352-4932-90,84324932,normal,0.008429799228906631,0.00021074497,0.0,1,0,0,0,0
6709415-9230-71,97899230,normal,0.008428223431110382,0.00021070558,0.0,1,0,0,0,0
8830469-8669-81,11358669,normal,0.008410850539803505,0.00021027128,0.0,1,0,0,1,0
712824-2798-73,37632798,normal,0.008387697860598564,0.00020969246,0.0,1,0,0,1,0
8861442-4900-69,93774900,normal,0.00838278979063034,0.00020956974,0.0,0,0,0,0,0
3750858-2041-76,26202041,normal,0.008374799974262714,0.00020937,0.0,1,0,0,1,1
1884319-9892-81,75119892,normal,0.008370306342840195,0.00020925765,0.0,1,0,0,0,1
251822-6208-82,34756208,normal,0.008310511708259583,0.0002077628,0.0,1,0,0,2,0
2065201-8669-83,11358669,normal,0.008308563381433487,0.00020771408,0.0,1,0,0,0,0
329985-3292-85,75583292,normal,0.008306235074996948,0.00020765587,0.0,0,0,0,1,0
7278169-7570-73,76017570,normal,0.008292497135698795,0.00020731243,0.0,1,0,0,1,0
3766216-9788-87,32409788,normal,0.008292299695312977,0.00020730749,0.0,1,0,0,1,0
1329250-8132-79,36468132,normal,0.008291548117995262,0.00020728871,0.0,1,0,0,0,0
1790898-6903-84,81316903,normal,0.008276257663965225,0.00020690644,0.0,1,0,0,1,0
955547-7472-73,49677472,normal,0.008258615620434284,0.0002064654,0.0,1,0,0,1,1
7426593-9108-84,75559108,normal,0.008258441463112831,0.00020646105,0.0,1,0,0,2,0
3248110-5696-89,77065696,normal,0.00823610182851553,0.00020590254,0.0,1,0,0,0,0
6847399-5893-91,63855893,normal,0.008207770064473152,0.00020519424,0.0,1,0,0,0,0
9115633-3292-80,75583292,normal,0.00820090901106596,0.00020502273,0.0,1,0,0,0,0
6980902-8814-84,31498814,normal,0.008180283941328526,0.0002045071,0.0,1,0,0,3,0
7893711-6060-84,22986060,normal,0.008176783099770546,0.00020441957,0.0,1,0,0,1,0
6513253-3100-69,38303100,normal,0.008157650008797646,0.00020394125,0.0,1,0,0,1,0
4018077-9232-78,26009232,normal,0.008145881816744804,0.00020364705,0.0,1,0,0,0,0
7231969-0682-70,82890682,normal,0.008143901824951172,0.00020359755,0.0,1,0,0,0,0
9651363-7738-70,58497738,normal,0.008096163161098957,0.00020240409,0.0,1,0,0,2,0
8646055-7054-93,80787054,normal,0.008078889921307564,0.00020197225,0.0,0,0,0,0,0
6018889-1866-76,65621866,normal,0.00805605947971344,0.00020140148,0.0,0,0,0,1,0
3981663-3375-86,68033375,normal,0.00805231835693121,0.00020130796,0.0,1,0,0,0,0
7654583-9559-88,46409559,normal,0.008051213808357716,0.00020128035,0.0,1,0,0,1,0
2373328-4366-81,76114366,normal,0.008021636866033077,0.00020054092,0.0,1,0,0,2,0
4413763-1545-76,64011545,normal,0.007983559742569923,0.000199589,0.0,0,0,0,1,0
8760404-2112-72,85582112,normal,0.007970538921654224,0.00019926348,0.0,1,0,0,2,0
4085489-6729-88,91586729,normal,0.007913865149021149,0.00019784662,0.0,1,0,0,2,0
731905-1648-70,44811648,normal,0.00789935328066349,0.00019748382,0.0,1,0,0,1,0
1523283-1866-89,65621866,normal,0.00788420531898737,0.00019710514,0.0,1,0,0,1,0
9284460-3105-83,67363105,normal,0.007884093560278416,0.00019710233,0.0,0,0,0,1,0
147990-5178-85,88325178,normal,0.007876571267843246,0.00019691429,0.0,1,0,0,0,0
6097153-7054-71,80787054,normal,0.007874048314988613,0.00019685121,0.0,0,0,0,2,0
8888568-3329-89,70183329,normal,0.007863941602408886,0.00019659854,0.0,1,0,0,0,0
720453-8936-73,37428936,normal,0.007856650277972221,0.00019641625,0.0,0,0,0,1,0
8728550-2903-80,19152903,normal,0.007832079194486141,0.00019580199,0.0,1,0,0,1,0
6944087-5754-84,94265754,normal,0.007831661030650139,0.00019579154,0.0,1,0,0,0,1
6298109-4575-89,91674575,normal,0.007804393768310547,0.00019510984,0.0,1,0,0,0,0
247816-2180-79,94762180,normal,0.007794554345309734,0.00019486385,0.0,1,0,0,0,0
1357057-6729-81,91586729,normal,0.007776685990393162,0.00019441715,0.0,1,0,0,1,0
7601469-4950-74,11324950,normal,0.007762114517390728,0.00019405286,0.0,1,0,0,0,0
1907358-4974-86,59884974,normal,0.0077345725148916245,0.0001933643,0.0,1,0,0,0,0
8029606-8594-88,17528594,normal,0.007731386460363865,0.00019328466,0.0,1,0,0,2,0
9723338-6871-83,39376871,normal,0.007710207253694534,0.00019275518,0.0,1,0,0,1,0
4350186-4950-84,57174950,normal,0.0076952166855335236,0.00019238042,0.0,1,0,0,1,0
2652133-2312-76,28402312,normal,0.007682329043745995,0.00019205823,0.0,1,0,0,1,0
3060871-4786-83,68564786,normal,0.007665770128369331,0.00019164426,0.0,1,0,0,1,0
340010-7622-68,10437622,normal,0.007657171692699194,0.0001914293,0.0,1,0,0,0,1
3324471-1923-89,23191923,normal,0.00759894959628582,0.00018997374,0.0,1,0,0,1,0
3400764-8467-74,34798467,normal,0.007589781656861305,0.00018974455,0.0,1,0,0,2,0
6594569-0788-81,22270788,normal,0.007578414399176836,0.00018946036,0.0,1,0,0,0,0
6158758-2130-80,73322130,normal,0.007559462450444698,0.00018898657,0.0,0,0,0,2,0
8669824-3100-82,38303100,normal,0.007527340669184923,0.00018818352,0.0,1,0,0,2,0
2348078-4550-67,42954550,normal,0.007490289863198996,0.00018725725,0.0,1,0,0,0,0
7320042-4066-89,61094066,normal,0.007478650659322739,0.00018696627,0.0,1,0,0,0,0
9321905-9286-84,83879286,normal,0.007428822107613087,0.00018572055,0.0,1,0,0,2,0
3965713-8377-86,90588377,normal,0.007394624873995781,0.00018486562,0.0,1,0,0,0,0
5961661-4999-75,26094999,normal,0.007363315671682358,0.00018408289,0.0,1,0,0,1,0
4267360-4550-81,42954550,normal,0.007325507700443268,0.00018313769,0.0,1,0,0,0,0
7613684-6919-91,76106919,normal,0.007317046634852886,0.00018292616,0.0,1,0,0,2,0
5182577-9410-83,34969410,normal,0.007301434874534607,0.00018253588,0.0,1,0,0,1,1
399786-2180-80,94762180,normal,0.007269896566867828,0.00018174741,0.0,0,0,0,1,0
6926838-2311-84,78272311,normal,0.007254952564835548,0.00018137382,0.0,1,0,0,0,0
6349226-0659-90,76490659,normal,0.007243603002279997,0.00018109007,0.0,0,0,0,2,0
847926-9286-86,83879286,normal,0.007227100431919098,0.00018067751,0.0,1,0,0,1,1
3990878-6510-77,16886510,normal,0.00722435861825943,0.00018060897,0.0,1,0,0,1,0
7286458-7387-82,64077387,normal,0.007163597736507654,0.00017908994,0.0,0,0,0,1,0
9621418-5893-81,63855893,normal,0.007124830037355423,0.00017812075,0.0,1,0,0,1,0
1449483-3105-70,67363105,normal,0.007122758775949478,0.00017806896,0.0,0,0,0,2,0
5068253-0667-65,65770667,normal,0.007112219464033842,0.00017780549,0.0,0,0,0,2,0
1949294-1563-85,88461563,normal,0.00710955448448658,0.00017773887,0.0,1,0,0,2,1
8626906-4999-69,26094999,normal,0.007093810476362705,0.00017734527,0.0,0,0,0,0,0
3971371-5252-80,55915252,normal,0.007078398484736681,0.00017695996,0.0,1,0,0,0,0
8967254-9885-81,93739885,normal,0.007072273176163435,0.00017680683,0.0,1,0,0,0,0
3960153-0213-78,32910213,normal,0.007068464066833258,0.0001767116,0.0,1,0,0,0,0
7959970-9232-84,26009232,normal,0.007066435646265745,0.00017666089,0.0,1,0,0,0,0
9081018-6730-87,35396730,normal,0.007063956465572119,0.00017659891,0.0,1,0,0,0,0
3228480-1632-73,97381632,normal,0.007055528461933136,0.00017638822,0.0,1,0,0,2,0
6702067-1923-76,23191923,normal,0.0070136068388819695,0.00017534017,0.0,1,0,0,1,0
1210184-1104-74,37941104,normal,0.006993252784013748,0.00017483132,0.0,1,0,0,2,0
4526627-3163-90,69523163,normal,0.006974168121814728,0.00017435421,0.0,0,0,0,2,0
8078444-6871-86,39376871,normal,0.006962805986404419,0.00017407016,0.0,0,0,0,0,0
4201062-7890-86,51497890,normal,0.006962586659938097,0.00017406467,0.0,0,0,0,1,0
7788581-2311-87,78272311,normal,0.006931460928171873,0.00017328652,0.0,0,0,0,0,0
1682613-6274-85,19536274,normal,0.00689290463924408,0.00017232262,0.0,1,0,0,0,0
2592721-4218-78,66254218,normal,0.006879883818328381,0.00017199709,0.0,1,0,0,0,0
4782366-9410-80,34969410,normal,0.006842781789600849,0.00017106955,0.0,1,0,0,2,0
8852669-8814-93,31498814,normal,0.006822058465331793,0.00017055146,0.0,1,0,0,0,0
9675523-1185-77,52321185,normal,0.006806399207562208,0.00017015998,0.0,1,0,0,1,0
9458541-3375-75,68033375,normal,0.006762687582522631,0.00016906719,0.0,1,0,0,0,0
8452721-5970-84,76515970,normal,0.006748497486114502,0.00016871243,0.0,0,0,0,0,0
1506693-8492-84,98228492,normal,0.0067241913639009,0.00016810479,0.0,1,0,0,1,0
1437907-6838-88,44416838,normal,0.006722621154040098,0.00016806553,0.0,1,0,0,1,0
4963405-8377-79,90588377,normal,0.006719967350363731,0.00016799918,0.0,1,0,0,0,0
9347361-4154-85,34034154,normal,0.00671369768679142,0.00016784245,0.0,1,0,0,1,0
1242478-6730-81,35396730,normal,0.006666365545243025,0.00016665914,0.0,1,0,0,0,0
5599233-6903-77,81316903,normal,0.006643964909017086,0.00016609913,0.0,1,0,0,2,0
2291167-7724-78,73967724,normal,0.006577363703399897,0.0001644341,0.0,0,0,0,3,0
6293452-1211-89,30561211,normal,0.0065707252360880375,0.00016426813,0.0,1,0,0,0,0
1428963-6510-80,16886510,normal,0.006552400067448616,0.00016381001,0.0,0,0,0,0,0
5708539-1122-81,15391122,normal,0.006524046882987022,0.00016310117,0.0,1,0,0,1,0
1955978-7235-76,86187235,normal,0.006494130939245224,0.00016235327,0.0,0,0,0,0,0
4242928-5257-81,60355257,normal,0.006491623818874359,0.0001622906,0.0,0,0,0,0,0
6284486-5893-79,63855893,normal,0.006490231025964022,0.00016225578,0.0,1,0,0,1,0
5494751-4900-86,93774900,normal,0.0064646052196621895,0.00016161513,0.0,0,0,0,1,0
4551979-0864-79,70500864,normal,0.006447620689868927,0.00016119052,0.0,0,0,0,1,0
3615054-4493-80,53384493,normal,0.006415431387722492,0.00016038578,0.0,1,0,0,0,0
7572727-8467-87,34798467,normal,0.006390167400240898,0.00015975419,0.0,1,0,0,0,1
717017-5441-84,49965441,normal,0.006306662689894438,0.00015766657,0.0,0,0,0,0,0
3013975-3734-95,46443734,normal,0.006280048284679651,0.00015700121,0.0,1,0,0,2,0
7835699-1981-74,29051981,normal,0.006279970984905958,0.00015699927,0.0,0,0,0,1,0
849653-1866-81,65621866,normal,0.006256654858589172,0.00015641637,0.0,1,0,0,0,0
7801025-8936-83,37428936,normal,0.006247896701097488,0.00015619742,0.0,1,0,0,0,0
6775971-4484-82,95874484,normal,0.006235404871404171,0.00015588512,0.0,0,0,0,1,0
8462251-5543-69,44445543,normal,0.0062322840094566345,0.0001558071,0.0,1,0,0,1,0
2512962-7286-75,55537286,normal,0.006226955913007259,0.0001556739,0.0,0,0,0,1,0
1558379-1492-68,36481492,normal,0.00621813302859664,0.00015545332,0.0,1,0,0,0,0
840930-4123-89,20704123,normal,0.006182011216878891,0.00015455027,0.0,0,0,0,1,0
2369073-8990-93,25358990,normal,0.00616905651986599,0.0001542264,0.0,1,0,0,1,1
6722934-9788-75,32409788,normal,0.0061577316373586655,0.00015394329,0.0,1,0,0,1,0
8946485-5386-66,90485386,normal,0.006153064779937267,0.00015382662,0.0,1,0,0,0,0
8871044-2180-90,94762180,normal,0.006129711866378784,0.0001532428,0.0,1,0,0,0,1
7881697-6510-79,16886510,normal,0.006102726794779301,0.00015256817,0.0,1,0,0,2,0
9404009-6871-72,39376871,normal,0.0060868095606565475,0.00015217024,0.0,0,0,0,1,0
5891755-4123-79,20704123,normal,0.0060773734003305435,0.00015193434,0.0,0,0,0,0,0
7355379-7890-82,51497890,normal,0.006062730215489864,0.00015156825,0.0,1,0,0,1,0
2387511-4550-86,42954550,normal,0.006014873273670673,0.00015037184,0.0,1,0,0,1,0
6769025-2041-80,26202041,normal,0.006009685341268778,0.00015024214,0.0,1,0,0,0,0
349512-7464-78,37787464,normal,0.006007731892168522,0.0001501933,0.0,0,0,0,0,0
8062961-1632-91,97381632,normal,0.005995731335133314,0.00014989328,0.0,0,0,0,1,0
2696869-9542-75,17679542,normal,0.005994690582156181,0.00014986726,0.0,0,0,0,1,0
442778-6967-80,65756967,normal,0.0059898169711232185,0.00014974542,0.0,1,0,0,0,0
3452636-4040-80,58984040,normal,0.005978302098810673,0.00014945756,0.0,1,0,0,0,0
3614707-0838-77,62090838,normal,0.005978302098810673,0.00014945756,0.0,1,0,0,0,0
3737274-8936-81,37428936,normal,0.005953425541520119,0.00014883564,0.0,1,0,0,1,0
8089017-2174-88,67292174,normal,0.005942791700363159,0.00014856979,0.0,0,0,0,0,0
9243629-9065-73,27499065,normal,0.005921641830354929,0.00014804104,0.0,1,0,0,0,0
626343-5201-91,66335201,normal,0.005916759371757507,0.00014791898,0.0,0,0,0,2,0
9713346-6953-93,84526953,normal,0.005900814197957516,0.00014752036,0.0,0,0,0,2,0
7987717-7626-69,94527626,normal,0.005895269103348255,0.00014738172,0.0,1,0,0,2,0
9481278-6919-85,76106919,normal,0.005874764174222946,0.0001468691,0.0,1,0,0,1,0
8022785-4123-80,20704123,normal,0.005869545973837376,0.00014673865,0.0,0,0,0,1,0
2936158-4717-79,86054717,normal,0.005868672858923674,0.00014671682,0.0,0,0,0,0,0
8005001-4571-95,33414571,normal,0.005858223419636488,0.00014645558,0.0,0,0,0,1,0
9910759-6260-85,11176260,normal,0.005856363568454981,0.00014640909,0.0,0,0,0,1,0
1380156-5257-78,60355257,normal,0.005846710409969091,0.00014616776,0.0,0,0,0,1,0
421671-2180-85,94762180,normal,0.005845857784152031,0.00014614644,0.0,1,0,0,1,0
6635030-1185-90,52321185,normal,0.005836511962115765,0.0001459128,0.0,0,0,0,0,0
6602486-9559-86,46409559,normal,0.005830971524119377,0.00014577429,0.0,0,0,0,1,0
6618521-7472-78,49677472,normal,0.005827730521559715,0.00014569327,0.0,0,0,0,0,0
7410925-0287-89,27030287,normal,0.005813888274133205,0.0001453472,0.0,0,0,0,0,0
7430318-3826-86,10153826,normal,0.005806198343634605,0.00014515496,0.0,0,0,0,0,0
363872-9410-87,34969410,normal,0.005803348030894995,0.0001450837,0.0,0,0,0,1,0
7658213-4493-85,53384493,normal,0.0057903858833014965,0.00014475964,0.0,0,0,0,0,0
9264454-9737-87,26339737,normal,0.005787692032754421,0.0001446923,0.0,0,0,0,0,0
8836848-8669-90,11358669,normal,0.005787217523902655,0.00014468044,0.0,0,0,0,0,0
4248034-8718-90,32908718,normal,0.005785380024462938,0.0001446345,0.0,0,0,0,0,0
5963718-1782-77,80051782,normal,0.0057497648522257805,0.00014374412,0.0,1,0,0,1,0
9148295-6264-85,61156264,normal,0.005742132663726807,0.00014355332,0.0,0,0,0,0,0
7201501-5580-73,69605580,normal,0.005736846476793289,0.00014342116,0.0,1,0,0,0,0
6727117-6208-81,34756208,normal,0.005734106060117483,0.00014335265,0.0,0,0,0,0,0
1231527-3375-84,68033375,normal,0.005682912189513445,0.00014207281,0.0,1,0,0,1,0
8841207-7366-94,18527366,normal,0.005671078804880381,0.00014177697,0.0,0,0,0,2,0
6229756-8467-69,34798467,normal,0.005661510396748781,0.00014153776,0.0,1,0,0,0,1
2390272-4950-72,11324950,normal,0.005646813195198774,0.00014117033,0.0,1,0,0,1,0
7648426-1563-83,88461563,normal,0.005643981974571943,0.00014109955,0.0,0,0,0,2,0
2175244-6838-77,44416838,normal,0.005636430345475674,0.00014091076,0.0,0,0,0,0,0
1285069-9885-84,93739885,normal,0.0056233638897538185,0.0001405841,0.0,0,0,0,1,0
2363036-5543-85,44445543,normal,0.005608097650110722,0.00014020244,0.0,1,0,0,2,0
1718652-3734-93,46443734,normal,0.005607696250081062,0.00014019241,0.0,0,0,0,1,0
8998170-4366-85,76114366,normal,0.005607423838227987,0.0001401856,0.0,0,0,0,1,0
4515656-8669-78,11358669,normal,0.005592510104179382,0.00013981275,0.0,0,0,0,0,0
7848598-4571-93,33414571,normal,0.005568282678723335,0.00013920707,0.0,0,0,0,1,0
3777821-8669-80,11358669,normal,0.0055452068336308,0.00013863017,0.0,0,0,0,0,0
3146322-9697-94,52669697,normal,0.005542738363146782,0.00013856846,0.0,0,0,0,0,0
7365006-9885-70,93739885,normal,0.005507786758244038,0.00013769467,0.0,0,0,0,1,0
4672718-2311-94,78272311,normal,0.005504500586539507,0.00013761251,0.0,1,0,0,1,0
5352084-8525-86,54138525,normal,0.005501981358975172,0.00013754953,0.0,1,0,0,0,0
4381865-5122-82,84015122,normal,0.005484973080456257,0.00013712433,0.0,0,0,0,1,0
7303850-2312-88,28402312,normal,0.005469121970236301,0.00013672805,0.0,0,0,0,1,0
1783866-4974-84,59884974,normal,0.005469028372317553,0.0001367257,0.0,0,0,0,1,0
9824820-6968-84,14296968,normal,0.005462951492518187,0.00013657378,0.0,0,0,0,0,0
1455056-1885-83,24671885,normal,0.005451284348964691,0.0001362821,0.0,0,0,0,2,0
7691071-4484-92,95874484,normal,0.0054322718642652035,0.0001358068,0.0,0,0,0,1,1
6193670-3938-73,12183938,normal,0.005417973734438419,0.00013544934,0.0,0,0,0,1,0
7666830-8525-80,54138525,normal,0.005416191183030605,0.00013540479,0.0,1,0,0,0,0
3217412-9172-75,76949172,normal,0.0054155923426151276,0.00013538981,0.0,1,0,0,0,0
3889817-2798-91,37632798,normal,0.005396905355155468,0.00013492264,0.0,0,0,0,0,0
1438542-7286-86,55537286,normal,0.005388811696320772,0.00013472029,0.0,0,0,0,1,0
1149628-9061-86,55149061,normal,0.005385092459619045,0.0001346273,0.0,1,0,0,1,0
5930800-9061-88,55149061,normal,0.0053828745149075985,0.00013457186,0.0,0,0,0,0,0
5777447-1981-69,29051981,normal,0.005371686536818743,0.00013429216,0.0,0,0,0,0,0
2829257-4571-90,33414571,normal,0.005357925780117512,0.00013394814,0.0,0,0,0,1,0
6138116-2858-89,94832858,normal,0.005354146007448435,0.00013385365,0.0,0,0,0,2,0
2873324-4900-90,93774900,normal,0.005348441191017628,0.00013371103,0.0,0,0,0,1,1
253757-6424-84,59396424,normal,0.005341026000678539,0.00013352565,0.0,1,0,0,0,0
8362991-6264-87,61156264,normal,0.005333976820111275,0.00013334941,0.0,1,0,0,0,0
9139886-8814-74,31498814,normal,0.005305474158376455,0.00013263685,0.0,0,0,0,0,0
4990164-6729-74,91586729,normal,0.005304972641170025,0.00013262432,0.0,0,0,0,0,0
8931428-6060-89,22986060,normal,0.005300998687744141,0.00013252496,0.0,0,0,0,1,0
5757922-2080-96,44102080,normal,0.0052823638543486595,0.0001320591,0.0,0,0,0,1,0
5152971-4786-79,68564786,normal,0.005273742601275444,0.00013184357,0.0,0,0,0,1,0
7880084-3375-82,68033375,normal,0.005265411455184221,0.00013163529,0.0,0,0,0,1,0
6902085-7366-78,18527366,normal,0.005253595765680075,0.0001313399,0.0,0,0,0,2,0
8773358-2130-75,73322130,normal,0.005252929404377937,0.00013132324,0.0,0,0,0,1,0
8721925-6871-85,39376871,normal,0.005242851562798023,0.00013107128,0.0,1,0,0,1,1
1652800-4442-76,25474442,normal,0.005241776816546917,0.00013104442,0.0,0,0,0,0,0
9314341-1110-84,43571110,normal,0.005235567688941956,0.0001308892,0.0,0,0,0,0,0
6565398-9442-85,25209442,normal,0.005218934267759323,0.00013047336,0.0,0,0,0,1,0
9440572-8614-75,31638614,normal,0.005210058763623238,0.00013025147,0.0,0,0,0,1,0
6276547-3105-82,67363105,normal,0.005209656432271004,0.00013024142,0.0,0,0,0,2,0
1449134-8910-86,75168910,normal,0.005191962234675884,0.00012979905,0.0,0,0,0,0,0
9605603-5252-69,55915252,normal,0.00516100786626339,0.0001290252,0.0,1,0,0,2,1
1439853-2312-86,28402312,normal,0.005148062016814947,0.00012870155,0.0,0,0,0,0,0
6108925-5696-79,77065696,normal,0.005137091968208551,0.0001284273,0.0,0,0,0,0,0
2965101-2080-92,44102080,normal,0.0051200734451413155,0.00012800183,0.0,0,0,0,2,0
5938459-9442-77,25209442,normal,0.005095817614346743,0.00012739544,0.0,0,0,0,0,0
4628411-4040-78,58984040,normal,0.005090300925076008,0.00012725752,0.0,0,0,0,0,0
2711370-0287-88,27030287,normal,0.0050899563357234,0.0001272489,0.0,0,0,0,0,0
9696705-3375-81,68033375,normal,0.005086909048259258,0.00012717272,0.0,0,0,0,0,0
5945472-9065-88,27499065,normal,0.005038623232394457,0.00012596558,0.0,0,0,0,1,0
5141495-5732-84,11185732,normal,0.005014638416469097,0.00012536596,0.0,0,0,0,1,0
7317401-7724-86,27557724,normal,0.004996801260858774,0.00012492003,0.0,0,0,0,1,0
7396884-5947-74,10045947,normal,0.004979121498763561,0.00012447804,0.0,0,0,0,0,0
560729-6510-92,24846510,normal,0.004977892152965069,0.00012444731,0.0,0,0,0,2,0
1287485-0864-84,70500864,normal,0.004974580369889736,0.00012436451,0.0,0,0,0,1,0
1989842-6729-89,91586729,normal,0.004969739355146885,0.00012424348,0.0,0,0,0,1,0
917220-1175-87,79661175,normal,0.004946435801684856,0.0001236609,0.0,1,0,0,0,0
2883169-6919-73,76106919,normal,0.004944233689457178,0.00012360585,0.0,0,0,0,1,0
759922-9061-82,55149061,normal,0.004934145137667656,0.00012335363,0.0,0,0,0,1,0
683557-7034-68,68217034,normal,0.004928451497107744,0.00012321128,0.0,0,0,0,0,0
2866203-5764-83,90495764,normal,0.004927041474729776,0.00012317604,0.0,1,0,0,0,0
3021426-1981-82,29051981,normal,0.00490871025249362,0.00012271776,0.0,0,0,0,0,0
4272611-1563-79,88461563,normal,0.004906360991299152,0.00012265902,0.0,1,0,0,2,0
9811676-7724-71,73967724,normal,0.004894072189927101,0.0001223518,0.0,0,0,0,1,0
3180554-9506-86,20109506,normal,0.004887664224952459,0.0001221916,0.0,0,0,0,0,0
1428681-6871-75,39376871,normal,0.0048823305405676365,0.00012205826,0.0,1,0,0,1,0
8074733-7387-76,64077387,normal,0.004866861272603273,0.00012167153,0.0,0,0,0,1,0
1632018-7550-80,95227550,normal,0.004856152459979057,0.00012140381,0.0,0,0,0,2,0
3141003-7626-71,94527626,normal,0.004853203892707825,0.00012133009,0.0,0,0,0,0,0
5320441-9788-91,32409788,normal,0.004852634854614735,0.000121315876,0.0,0,0,0,1,0
9919832-9817-82,83289817,normal,0.0048399632796645164,0.00012099908,0.0,1,0,0,0,0
2463004-7472-84,49677472,normal,0.004838421940803528,0.00012096055,0.0,1,0,0,1,0
2384244-9410-85,34969410,normal,0.004835765343159437,0.00012089413,0.0,1,0,0,0,0
8396241-1648-79,44811648,normal,0.004822663962841034,0.000120566605,0.0,0,0,0,0,0
332627-7387-83,64077387,normal,0.004821459762752056,0.00012053649,0.0,0,0,0,1,0
6428555-4571-88,33414571,normal,0.004797991365194321,0.00011994978,0.0,0,0,0,0,0
7841549-0842-89,45740842,normal,0.004797428380697966,0.000119935714,0.0,0,0,0,0,0
6092912-8422-82,38848422,normal,0.004796879831701517,0.00011992199,0.0,0,0,0,0,0
1097535-9286-74,83879286,normal,0.004795901011675596,0.00011989752,0.0,0,0,0,1,0
1013944-1110-91,43571110,normal,0.004792865365743637,0.000119821634,0.0,0,0,0,2,0
7853965-4154-82,34034154,normal,0.004792239051312208,0.000119805976,0.0,0,0,0,0,0
1667749-8814-82,31498814,normal,0.004786666948348284,0.00011966668,0.0,0,0,0,1,0
5791234-7689-86,70937689,normal,0.004771013744175434,0.00011927535,0.0,0,0,0,0,0
5847756-7738-80,58497738,normal,0.004768444690853357,0.000119211116,0.0,0,0,0,0,0
1948411-2041-82,26202041,normal,0.004752243869006634,0.0001188061,0.0,1,0,0,1,0
2306916-5386-79,90485386,normal,0.004744668956845999,0.00011861672,0.0,1,0,0,0,0
6845747-8614-82,31638614,normal,0.0047363825142383575,0.00011840957,0.0,0,0,0,2,0
8244599-4876-84,56944876,normal,0.004734377842396498,0.00011835944,0.0,0,0,0,0,0
3109908-9578-94,44739578,normal,0.00473193172365427,0.000118298296,0.0,0,0,0,0,0
2357469-4366-78,76114366,normal,0.004730505868792534,0.00011826265,0.0,0,0,0,2,0
3186473-0357-81,95930357,normal,0.004729968961328268,0.00011824923,0.0,0,0,0,1,0
9176661-3538-87,48973538,normal,0.004725879989564419,0.000118147,0.0,0,0,0,0,0
940579-3105-84,67363105,normal,0.004718063399195671,0.00011795159,0.0,0,0,0,1,0
7591569-8614-69,31638614,normal,0.004715085960924625,0.00011787715,0.0,0,0,0,1,0
2750317-4572-86,15254572,normal,0.004710066597908735,0.00011775166,0.0,0,0,0,1,0
3998811-7570-93,76017570,normal,0.004704675171524286,0.00011761688,0.0,0,0,0,0,0
7070468-1211-87,30561211,normal,0.004702719859778881,0.000117568,0.0,0,0,0,0,1
9519566-7689-83,70937689,normal,0.004699412267655134,0.0001174853,0.0,0,0,0,1,0
424007-6510-90,16886510,normal,0.004698273725807667,0.00011745684,0.0,1,0,0,1,0
858870-0287-84,27030287,normal,0.00469636544585228,0.00011740914,0.0,0,0,0,1,0
3778210-5732-89,11185732,normal,0.004687484819442034,0.00011718712,0.0,0,0,0,1,0
802802-1563-74,88461563,normal,0.004685187712311745,0.00011712969,0.0,0,0,0,2,0
1433341-5754-90,94265754,normal,0.004679432604461908,0.000116985815,0.0,0,0,0,1,0
8493322-0357-79,95930357,normal,0.004676617216318846,0.000116915435,0.0,0,0,0,1,0
9750171-9410-84,34969410,normal,0.004656078293919563,0.000116401956,0.0,1,0,0,0,0
8332912-4717-83,86054717,normal,0.004640157334506512,0.00011600393,0.0,0,0,0,1,0
6215715-6518-68,89116518,normal,0.004598356783390045,0.000114958915,0.0,0,0,0,2,0
1060666-5201-88,66335201,normal,0.004581938497722149,0.00011454846,0.0,0,0,0,0,0
934480-4040-67,58984040,normal,0.004579291678965092,0.00011448229,0.0,0,0,0,0,0
3550474-3538-81,48973538,normal,0.004561658017337322,0.00011404145,0.0,0,0,0,1,0
8054007-1492-72,36481492,normal,0.004545106552541256,0.00011362766,0.0,0,0,0,0,0
492287-5970-67,76515970,normal,0.004544608294963837,0.000113615206,0.0,1,0,0,1,0
3660304-8910-82,75168910,normal,0.0045321485958993435,0.000113303715,0.0,0,0,0,1,0
6983519-2130-81,73322130,normal,0.004523215815424919,0.0001130804,0.0,0,0,0,0,0
5615543-3375-87,68033375,normal,0.00451949518173933,0.00011298738,0.0,0,0,0,2,0
2130909-1782-76,80051782,normal,0.004500491078943014,0.00011251228,0.0,0,0,0,0,0
7698400-1665-83,52741665,normal,0.0045000663958489895,0.00011250166,0.0,0,0,0,0,0
7652640-6510-93,24846510,normal,0.004497320391237736,0.000112433016,0.0,0,0,0,1,0
6828338-4575-90,91674575,normal,0.004479597322642803,0.00011198993,0.0,0,0,0,1,0
687773-1492-82,36481492,normal,0.004469250328838825,0.00011173126,0.0,0,0,0,0,0
2539516-1632-80,97381632,normal,0.004463232588022947,0.00011158081,0.0,0,0,0,2,0
9172325-0357-91,95930357,normal,0.004462632350623608,0.00011156581,0.0,0,0,0,2,0
2958392-0324-84,48100324,normal,0.004453140310943127,0.00011132851,0.0,0,0,0,0,0
7696238-7235-80,86187235,normal,0.0044527072459459305,0.000111317684,0.0,0,0,0,0,0
3023882-0842-67,45740842,normal,0.004447089042514563,0.00011117723,0.0,0,0,0,1,0
5070149-7689-76,70937689,normal,0.004438116680830717,0.00011095292,0.0,0,0,0,2,0
8926623-8964-82,22978964,normal,0.0044356160797178745,0.0001108904,0.0,0,0,0,0,0
4372158-2041-83,26202041,normal,0.004435527138411999,0.00011088818,0.0,0,0,0,1,0
5175864-4154-67,34034154,normal,0.0044311475940048695,0.00011077869,0.0,0,0,0,0,0
6731969-0287-78,27030287,normal,0.004424468148499727,0.000110611705,0.0,0,0,0,0,0
5500279-6838-84,44416838,normal,0.0044226208701729774,0.00011056552,0.0,0,0,0,0,0
6654857-0324-80,48100324,normal,0.004409919958561659,0.000110247995,0.0,0,0,0,1,0
5128909-7366-89,18527366,normal,0.004399414639919996,0.00010998537,0.0,0,0,0,0,0
3824544-9720-81,76159720,normal,0.004398479126393795,0.000109961984,0.0,0,0,0,1,0
7914189-6208-83,34756208,normal,0.004397015552967787,0.00010992539,0.0,0,0,0,0,0
4548697-6871-87,39376871,normal,0.0043969908729195595,0.00010992477,0.0,1,0,0,1,0
6654765-6729-82,91586729,normal,0.0043889605440199375,0.00010972401,0.0,0,0,0,1,0
3890855-8614-87,31638614,normal,0.0043869102373719215,0.00010967275,0.0,0,0,0,1,0
7156157-4575-72,91674575,normal,0.0043853833340108395,0.00010963459,0.0,0,0,0,0,0
9889248-7034-83,68217034,normal,0.004384104162454605,0.0001096026,0.0,0,0,0,0,0
5171138-9286-85,83879286,normal,0.004382298327982426,0.00010955746,0.0,0,0,0,0,0
4030324-4575-83,91674575,normal,0.004380505997687578,0.00010951265,0.0,1,0,0,0,0
7666020-9578-81,44739578,normal,0.004377545788884163,0.000109438646,0.0,1,0,0,0,0
4064130-2858-88,94832858,normal,0.0043750666081905365,0.00010937667,0.0,0,0,0,0,0
2788728-1782-75,80051782,normal,0.004372731316834688,0.00010931829,0.0,0,0,0,0,0
6604678-5764-69,90495764,normal,0.004370288457721472,0.00010925721,0.0,0,0,0,0,0
4227633-1104-77,37941104,normal,0.004362086299806833,0.00010905216,0.0,0,0,0,1,0
3243875-1981-83,29051981,normal,0.004360493738204241,0.00010901234,0.0,0,0,0,0,0
8369891-0491-90,30500491,normal,0.004355552606284618,0.00010888882,0.0,0,0,0,0,0
1261174-9559-82,46409559,normal,0.004355328157544136,0.0001088832,0.0,0,0,0,0,0
2839806-5257-82,60355257,normal,0.004350907169282436,0.000108772685,0.0,0,0,0,0,0
9112627-1175-90,79661175,normal,0.004344995133578777,0.00010862488,0.0,0,0,0,0,0
1641933-8525-81,54138525,normal,0.004341487307101488,0.000108537184,0.0,0,0,0,1,0
4707137-1807-89,20101807,normal,0.004341218154877424,0.000108530454,0.0,0,0,0,0,0
7982212-6903-85,81316903,normal,0.004325338639318943,0.00010813346,0.0,0,0,0,0,0
6422291-2312-90,28402312,normal,0.00432379636913538,0.00010809491,0.0,0,0,0,1,0
6246759-8422-88,38848422,normal,0.004322926513850689,0.00010807316,0.0,0,0,0,0,0
1421845-8718-85,32908718,normal,0.004318521823734045,0.000107963046,0.0,0,0,0,0,0
9724826-8910-90,75168910,normal,0.004318282939493656,0.00010795708,0.0,0,0,0,2,0
6049735-4442-86,25474442,normal,0.0043152207508683205,0.000107880514,0.0,0,0,0,0,1
7986389-7304-75,31547304,normal,0.004312834702432156,0.000107820866,0.0,0,0,0,1,0
8529594-6054-93,83006054,normal,0.004303545691072941,0.00010758865,0.0,0,0,0,0,0
1020633-0213-84,32910213,normal,0.004303541965782642,0.000107588545,0.0,1,0,0,1,0
4915842-9697-93,52669697,normal,0.00430041179060936,0.0001075103,0.0,0,0,0,0,0
3754304-0659-84,76490659,normal,0.004283214919269085,0.00010708038,0.0,0,0,0,0,0
1129742-8132-73,36468132,normal,0.0042791529558598995,0.00010697882,0.0,0,0,0,0,0
1254838-8614-83,31638614,normal,0.004277313128113747,0.00010693283,0.0,0,0,0,1,0
8975881-6968-77,14296968,normal,0.004271517042070627,0.00010678793,0.0,0,0,0,1,0
9880842-5122-86,84015122,normal,0.004266273695975542,0.000106656844,0.0,0,0,0,2,0
7933966-6968-92,14296968,normal,0.004265659488737583,0.00010664149,0.0,0,0,0,1,0
7071339-8964-89,22978964,normal,0.004262418951839209,0.000106560474,0.0,1,0,0,0,0
481201-0357-83,95930357,normal,0.0042563993483781815,0.000106409985,0.0,0,0,0,0,0
3200516-6060-86,22986060,normal,0.004255892243236303,0.0001063973,0.0,0,0,0,1,0
5748635-9410-71,34969410,normal,0.004247669596225023,0.00010619174,0.0,0,0,0,0,0
274344-1058-86,76311058,normal,0.0042451838962733746,0.0001061296,0.0,0,0,0,1,0
247935-4578-90,68904578,normal,0.004244945012032986,0.000106123625,0.0,0,0,0,0,0
9876531-3826-84,10153826,normal,0.004236073233187199,0.00010590183,0.0,0,0,0,0,0
3860763-6518-72,89116518,normal,0.0042319633066654205,0.00010579908,0.0,0,0,0,0,0
4305231-4442-89,25474442,normal,0.004212399944663048,0.00010531,0.0,0,0,0,1,0
3971692-5764-87,90495764,normal,0.004211215302348137,0.00010528038,0.0,0,0,0,0,0
7170759-0911-86,15830911,normal,0.0042082685977220535,0.00010520672,0.0,0,0,0,0,0
8422314-4876-80,56944876,normal,0.00420248182490468,0.00010506205,0.0,0,0,0,0,0
3891062-0282-83,64010282,normal,0.004201364237815142,0.00010503411,0.0,0,0,0,1,0
2042553-4442-88,25474442,normal,0.00419042119756341,0.000104760526,0.0,0,0,0,0,0
2889787-6274-74,19536274,normal,0.004189210943877697,0.00010473027,0.0,0,0,0,2,0
8722374-9215-77,64939215,normal,0.004188918974250555,0.000104722974,0.0,0,0,0,0,0
2548013-7472-90,49677472,normal,0.0041883280500769615,0.0001047082,0.0,0,0,0,0,0
3134635-1563-89,88461563,normal,0.004183147102594376,0.00010457868,0.0,0,0,0,0,0
8088747-4932-83,84324932,normal,0.00418205838650465,0.00010455146,0.0,0,0,0,1,0
8390050-0491-92,30500491,normal,0.004177809692919254,0.00010444524,0.0,0,0,0,0,0
9958404-3538-69,48973538,normal,0.004172056447714567,0.00010430141,0.0,0,0,0,1,0
7452585-3538-82,48973538,normal,0.0041658272966742516,0.00010414568,0.0,0,0,0,0,0
6547937-4999-79,26094999,normal,0.004165088292211294,0.00010412721,0.0,0,0,0,1,0
1173484-5441-77,49965441,normal,0.004162162076681852,0.00010405405,0.0,0,0,0,1,0
7586484-9578-75,44739578,normal,0.0041576046496629715,0.00010394011,0.0,0,0,0,0,0
3875409-3938-88,12183938,normal,0.004156145732849836,0.00010390364,0.0,0,0,0,1,0
2526549-6919-82,76106919,normal,0.004143948666751385,0.00010359872,0.0,0,0,0,2,0
3503453-0667-82,65770667,normal,0.004143810831010342,0.000103595274,0.0,0,0,0,1,0
8777827-7724-82,73967724,normal,0.004141515586525202,0.00010353789,0.0,0,0,0,2,0
9373670-6054-78,83006054,normal,0.0041410853154957294,0.000103527134,0.0,0,0,0,0,0
7331126-0682-68,82890682,normal,0.004125886131078005,0.000103147155,0.0,0,0,0,1,0
3521017-4323-96,74584323,normal,0.004120122641324997,0.00010300306,0.0,0,0,0,1,0
4447378-4950-72,57174950,normal,0.0041149514727294445,0.00010287378,0.0,0,0,0,1,0
8921797-4575-79,91674575,normal,0.004114214330911636,0.00010285535,0.0,0,0,0,1,0
5297380-9031-79,66369031,normal,0.00410763593390584,0.0001026909,0.0,0,0,0,0,0
9936418-2174-78,67292174,normal,0.004103658255189657,0.00010259145,0.0,0,0,0,0,0
8648738-7235-83,86187235,normal,0.00410118605941534,0.00010252965,0.0,0,0,0,0,0
6458081-7472-87,49677472,normal,0.004086148925125599,0.000102153725,0.0,0,0,0,1,0
8783613-9442-82,25209442,normal,0.004084112122654915,0.0001021028,0.0,0,0,0,0,0
3177711-7235-90,86187235,normal,0.004083664156496525,0.0001020916,0.0,0,0,0,0,0
4252789-6102-77,58536102,normal,0.004072623327374458,0.00010181559,0.0,0,0,0,0,0
2567597-9697-90,52669697,normal,0.004065701272338629,0.00010164253,0.0,0,0,0,0,0
7026623-8990-88,25358990,normal,0.004064588807523251,0.00010161472,0.0,0,0,0,0,0
6675846-5178-75,88325178,normal,0.004062074236571789,0.00010155185,0.0,0,0,0,0,0
9370354-5386-84,90485386,normal,0.004061051178723574,0.00010152628,0.0,0,0,0,1,0
532119-1104-68,37941104,normal,0.004059263039380312,0.00010148157,0.0,0,0,0,0,0
5718518-8021-76,26998021,normal,0.004057935439050198,0.000101448386,0.0,0,0,0,1,0
2326011-1923-90,23191923,normal,0.004056635778397322,0.00010141589,0.0,0,0,0,2,0
818912-8467-78,34798467,normal,0.00405256450176239,0.00010131411,0.0,0,0,0,0,0
4573426-1175-91,79661175,normal,0.004050790797919035,0.00010126977,0.0,0,0,0,2,0
2738999-7304-69,31547304,normal,0.004046605434268713,0.00010116514,0.0,0,0,0,2,0
9949328-1175-94,79661175,normal,0.004045224282890558,0.00010113061,0.0,0,0,0,1,0
9081516-6871-88,39376871,normal,0.004044580738991499,0.000101114514,0.0,0,0,0,2,0
3420676-3100-87,38303100,normal,0.004034311044961214,0.000100857775,0.0,0,0,0,0,0
188735-1866-80,65621866,normal,0.004029766656458378,0.00010074416,0.0,0,0,0,1,0
1551698-9230-83,97899230,normal,0.004028598312288523,0.000100714955,0.0,0,0,0,0,0
517331-4932-85,84324932,normal,0.004020807798951864,0.00010052019,0.0,0,0,0,1,0
4917107-9737-82,26339737,normal,0.0040147192776203156,0.000100367986,0.0,0,0,0,0,0
6186307-1451-68,19911451,normal,0.003993204794824123,9.9830126e-05,0.0,0,0,0,1,0
8466351-8669-94,11358669,normal,0.0039834268391132355,9.958567e-05,0.0,0,0,0,0,0
8730893-3321-90,57193321,normal,0.003975912928581238,9.9397825e-05,0.0,0,0,0,0,0
9667200-1451-81,19911451,normal,0.003953904844820499,9.884762e-05,0.0,0,0,0,0,0
5437398-0788-83,22270788,normal,0.0039433506317436695,9.858376e-05,0.0,0,0,0,0,0
9001615-4572-88,15254572,normal,0.003936024848371744,9.840062e-05,0.0,0,0,0,2,0
899658-4572-84,15254572,normal,0.003934381064027548,9.835953e-05,0.0,0,0,0,2,0
3598451-8132-83,36468132,normal,0.003934107255190611,9.835268e-05,0.0,0,0,0,0,0
7688395-2130-88,73322130,normal,0.003930945880711079,9.8273646e-05,0.0,0,0,0,1,0
6475825-0842-87,45740842,normal,0.003925143741071224,9.81286e-05,0.0,0,0,0,1,0
2312251-6729-90,91586729,normal,0.003921099938452244,9.802749e-05,0.0,1,0,0,0,0
7719333-8723-90,70908723,normal,0.003920647315680981,9.8016186e-05,0.0,0,0,0,0,0
9636912-9232-80,26009232,normal,0.003920079208910465,9.8001976e-05,0.0,0,0,0,1,0
8645642-3375-89,68033375,normal,0.003916488494724035,9.791221e-05,0.0,0,0,0,0,0
1579836-2798-82,37632798,normal,0.003916021436452866,9.790054e-05,0.0,0,0,0,0,0
7040837-8135-88,24968135,normal,0.003913404885679483,9.783512e-05,0.0,0,0,0,0,0
8805364-2210-89,36722210,normal,0.003904306562617421,9.760766e-05,0.0,0,0,0,0,0
3379578-1110-88,43571110,normal,0.0039016411174088717,9.754103e-05,0.0,0,0,0,1,0
6619597-3105-88,67363105,normal,0.003898498835042119,9.746247e-05,0.0,0,0,0,2,0
1534662-9506-85,20109506,normal,0.003897621762007475,9.744054e-05,0.0,0,0,0,1,0
5882599-5970-81,76515970,normal,0.003893654327839613,9.7341355e-05,0.0,0,0,0,1,0
4933842-6208-76,34756208,normal,0.003893420100212097,9.7335505e-05,0.0,0,0,0,1,0
5136765-3826-80,10153826,normal,0.003892432665452361,9.731082e-05,0.0,0,0,0,0,0
984559-9715-77,59829715,normal,0.003881254233419895,9.7031356e-05,0.0,0,0,0,0,0
6758541-9885-85,93739885,normal,0.003879833035171032,9.699583e-05,0.0,0,0,0,0,0
5623624-3938-84,12183938,normal,0.003877370385453105,9.693426e-05,0.0,0,0,0,0,0
4247624-1110-94,43571110,normal,0.003877074457705021,9.692686e-05,0.0,0,0,0,1,0
6739676-3538-84,48973538,normal,0.00387101573869586,9.6775395e-05,0.0,0,0,0,2,0
3882500-1144-75,99581144,normal,0.003864358877763152,9.660897e-05,0.0,0,0,0,1,0
9869693-5396-87,95445396,normal,0.003858279436826706,9.6456984e-05,0.0,0,0,0,1,0
6531781-7738-79,58497738,normal,0.0038544037379324436,9.636009e-05,0.0,0,0,0,2,0
4538363-1072-87,39331072,normal,0.0038511850871145725,9.6279626e-05,0.0,0,0,0,0,0
1559208-2112-85,85582112,normal,0.0038438986521214247,9.6097465e-05,0.0,0,0,0,1,0
5580580-1545-82,64011545,normal,0.0038336599245667458,9.58415e-05,0.0,0,0,0,0,0
5955654-6871-93,39376871,normal,0.0038308058865368366,9.577015e-05,0.0,0,0,0,1,0
2225014-6838-70,44416838,normal,0.003827351611107588,9.568379e-05,0.0,0,0,0,0,0
6305114-7626-68,94527626,normal,0.003820602083578706,9.551505e-05,0.0,1,0,0,0,1
4198643-9715-75,59829715,normal,0.003803049214184284,9.507623e-05,0.0,0,0,0,1,0
3339427-1923-85,23191923,normal,0.003788459114730358,9.4711475e-05,0.0,0,0,0,1,0
6373694-0491-83,30500491,normal,0.0037774094380438328,9.4435236e-05,0.0,0,0,0,1,0
1574293-2798-90,37632798,normal,0.0037753067445009947,9.438267e-05,0.0,0,0,0,0,0
3849165-9232-70,26009232,normal,0.0037748890463262796,9.4372226e-05,0.0,0,0,0,1,0
5647661-0213-90,32910213,normal,0.0037661301903426647,9.4153256e-05,0.0,0,0,0,1,0
8068227-7178-83,66657178,normal,0.0037640801165252924,9.4102004e-05,0.0,0,0,0,0,0
2666377-8451-72,59358451,normal,0.0037613066378980875,9.4032664e-05,0.0,0,0,0,1,0
7785453-1144-82,99581144,normal,0.0037599727511405945,9.399932e-05,0.0,0,0,0,1,0
6573144-5201-93,66335201,normal,0.003753750119358301,9.384375e-05,0.0,0,0,0,1,0
884849-2903-85,19152903,normal,0.0037535494193434715,9.383874e-05,0.0,0,0,0,1,0
8384544-2903-83,19152903,normal,0.003751294920220971,9.378237e-05,0.0,0,0,0,0,0
5454088-1545-86,64011545,normal,0.0037488385569304228,9.372096e-05,0.0,0,0,0,0,0
1837486-6533-85,84346533,normal,0.00374421919696033,9.360548e-05,0.0,0,0,0,0,0
2935699-2130-82,73322130,normal,0.003724839072674513,9.312098e-05,0.0,0,0,0,1,0
216416-0240-69,69040240,normal,0.003722626715898514,9.306567e-05,0.0,0,0,0,1,0
3961603-1058-77,76311058,normal,0.0037212069146335125,9.3030176e-05,0.0,0,0,0,2,0
5097413-5580-72,69605580,normal,0.0037183198146522045,9.2958e-05,0.0,0,0,0,0,0
7829076-9061-90,55149061,normal,0.003715980565175414,9.2899514e-05,0.0,0,0,0,0,0
1201936-7304-76,31547304,normal,0.0037157393526285887,9.289348e-05,0.0,0,0,0,0,0
7047292-4123-76,20704123,normal,0.0037096217274665833,9.274054e-05,0.0,0,0,0,0,0
1638535-1563-84,88461563,normal,0.003704725531861186,9.261814e-05,0.0,0,0,0,2,0
5618259-1665-79,52741665,normal,0.0037027231883257627,9.256808e-05,0.0,0,0,0,0,0
8921208-7550-79,95227550,normal,0.0037023064214736223,9.255766e-05,0.0,0,0,0,1,0
9269432-1104-89,37941104,normal,0.0036994721740484238,9.248681e-05,0.0,0,0,0,0,0
3875862-3105-81,67363105,normal,0.003695565974339843,9.238915e-05,0.0,0,0,0,1,0
5308690-0864-76,70500864,normal,0.0036941247526556253,9.235312e-05,0.0,0,0,0,2,0
9104393-0324-83,48100324,normal,0.0036901533603668213,9.225383e-05,0.0,0,0,0,1,0
8611287-8377-83,90588377,normal,0.003681447356939316,9.2036185e-05,0.0,0,0,0,0,0
108266-6510-80,24846510,normal,0.003676844062283635,9.19211e-05,0.0,0,0,0,1,0
2271526-8718-80,32908718,normal,0.0036738826893270016,9.184707e-05,0.0,0,0,0,0,0
8031230-9720-87,76159720,normal,0.0036736412439495325,9.184103e-05,0.0,0,0,0,0,0
1706041-8467-77,34798467,normal,0.00367192504927516,9.179812e-05,0.0,0,0,0,1,0
122865-2130-83,73322130,normal,0.0036700102500617504,9.1750255e-05,0.0,0,0,0,2,0
5307389-1274-78,12801274,normal,0.0036632479168474674,9.15812e-05,0.0,0,0,0,0,0
607095-8614-76,31638614,normal,0.0036618055310100317,9.154514e-05,0.0,0,0,0,0,0
9454570-7622-66,10437622,normal,0.003658908186480403,9.1472706e-05,0.0,0,0,0,1,0
9794811-0257-77,60630257,normal,0.0036500985734164715,9.125246e-05,0.0,0,0,0,0,0
1839350-6518-78,89116518,normal,0.0036498340778052807,9.124585e-05,0.0,0,0,0,2,0
3919481-4484-76,95874484,normal,0.003649211023002863,9.123028e-05,0.0,0,0,0,0,0
4699934-0589-87,73030589,normal,0.003649085992947221,9.122715e-05,0.0,0,0,0,1,0
6498428-2826-85,22222826,normal,0.003648491110652685,9.121228e-05,0.0,0,0,0,0,0
8065714-9172-88,76949172,normal,0.003643869888037443,9.109675e-05,0.0,0,0,0,0,0
8371579-5929-87,90155929,normal,0.003640049835667014,9.1001246e-05,0.0,0,0,0,1,0
4164426-5580-79,69605580,normal,0.003639793023467064,9.099483e-05,0.0,0,0,0,1,0
3160890-9817-93,83289817,normal,0.003631178056821227,9.077945e-05,0.0,0,0,0,1,0
7133059-8467-80,34798467,normal,0.003630738239735365,9.076846e-05,0.0,0,0,0,1,0
7924437-5732-86,11185732,normal,0.0036307107657194138,9.076777e-05,0.0,0,0,0,1,0
7631414-0842-79,45740842,normal,0.003619096241891384,9.0477406e-05,0.0,0,0,0,1,0
343548-6102-78,58536102,normal,0.003615419380366802,9.038548e-05,0.0,0,0,0,0,0
5323844-6838-79,44416838,normal,0.003606026526540518,9.0150665e-05,0.0,0,0,0,0,0
4803909-4040-73,58984040,normal,0.0036041629500687122,9.010408e-05,0.0,0,0,0,0,0
3568871-5867-84,82425867,normal,0.0036025207955390215,9.006302e-05,0.0,1,0,0,0,0
1172765-8525-84,54138525,normal,0.0035932811442762613,8.983203e-05,0.0,0,0,0,1,0
3031297-7724-87,73967724,normal,0.003590760286897421,8.9769004e-05,0.0,0,0,0,0,0
1089923-1110-86,43571110,normal,0.003582377452403307,8.9559435e-05,0.0,0,0,0,0,0
1481920-9737-85,26339737,normal,0.0035819336771965027,8.954834e-05,0.0,0,0,0,0,0
3314456-1110-85,43571110,normal,0.003581875003874302,8.954688e-05,0.0,0,0,0,1,0
8187492-1274-86,12801274,normal,0.003576694056391716,8.941735e-05,0.0,0,0,0,1,0
1619727-1492-83,36481492,normal,0.0035746858920902014,8.9367146e-05,0.0,0,0,0,0,0
1319330-7550-77,95227550,normal,0.0035705361515283585,8.9263405e-05,0.0,0,0,0,2,0
9806308-5122-77,84015122,normal,0.003568058367818594,8.920146e-05,0.0,0,0,0,1,0
4129172-5867-80,82425867,normal,0.0035675312392413616,8.918828e-05,0.0,0,0,0,1,0
7253799-0659-71,76490659,normal,0.003565398743376136,8.913497e-05,0.0,0,0,0,1,0
4075695-7034-84,68217034,normal,0.00355322053655982,8.8830515e-05,0.0,0,0,0,0,0
9799466-9715-85,59829715,normal,0.003547173924744129,8.867935e-05,0.0,0,0,0,0,0
7946146-8688-68,76588688,normal,0.003541999263688922,8.854998e-05,0.0,0,0,0,0,0
5816468-9885-82,93739885,normal,0.003540476318448782,8.851191e-05,0.0,0,0,0,1,0
9463790-1807-85,20101807,normal,0.003539531258866191,8.848828e-05,0.0,0,0,0,0,0
9295252-9286-83,83879286,normal,0.00353914313018322,8.847858e-05,0.0,0,0,0,2,0
9815849-1665-78,52741665,normal,0.0035388257820159197,8.8470646e-05,0.0,0,0,0,0,0
8500549-6953-74,84526953,normal,0.0035384041257202625,8.84601e-05,0.0,0,0,0,1,0
2560374-9506-84,20109506,normal,0.0035361270420253277,8.8403176e-05,0.0,0,0,0,1,0
8714234-5441-72,49965441,normal,0.0035316217690706253,8.8290544e-05,0.0,0,0,0,2,0
7236285-0911-79,15830911,normal,0.0035222950391471386,8.805738e-05,0.0,0,0,0,1,0
5166763-1211-70,30561211,normal,0.003522224724292755,8.805562e-05,0.0,0,0,0,0,0
6515836-5441-90,49965441,normal,0.00352139538154006,8.803488e-05,0.0,0,0,0,0,0
1402365-1451-76,19911451,normal,0.003519783727824688,8.7994595e-05,0.0,0,0,0,1,0
789713-2130-77,73322130,normal,0.003514873329550028,8.7871835e-05,0.0,0,0,0,0,0
9913373-5754-88,94265754,normal,0.0035098192747682333,8.774548e-05,0.0,1,0,0,1,0
8635309-3163-76,69523163,normal,0.0035090260207653046,8.772565e-05,0.0,0,0,0,1,0
7840699-5929-69,90155929,normal,0.00350811961106956,8.770299e-05,0.0,0,0,0,0,0
1739358-7387-88,64077387,normal,0.0035080057568848133,8.7700144e-05,0.0,0,0,0,1,0
2220541-4932-80,84324932,normal,0.0035073398612439632,8.76835e-05,0.0,0,0,0,0,0
7654128-9559-87,46409559,normal,0.003506072796881199,8.765182e-05,0.0,0,0,0,1,0
5740019-9108-76,75559108,normal,0.003496863879263401,8.74216e-05,0.0,0,0,0,0,0
9929133-4876-76,56944876,normal,0.0034962338395416737,8.7405846e-05,0.0,0,0,0,2,0
5055569-1807-88,20101807,normal,0.003490833332762122,8.727083e-05,0.0,0,0,0,1,0
4156232-5441-80,49965441,normal,0.003490703646093607,8.726759e-05,0.0,0,0,0,0,0
9414198-6510-87,24846510,normal,0.003488354617729783,8.7208864e-05,0.0,0,0,0,0,0
5067576-8990-86,25358990,normal,0.0034866086207330227,8.7165216e-05,0.0,0,0,0,2,0
5362305-8525-79,54138525,normal,0.0034866086207330227,8.7165216e-05,0.0,0,0,0,0,0
5339184-5764-85,90495764,normal,0.0034848167560994625,8.712042e-05,0.0,0,0,0,0,0
6806257-7622-65,10437622,normal,0.003479942213743925,8.699855e-05,0.0,0,0,0,0,0
1812104-6533-89,84346533,normal,0.0034733477514237165,8.6833694e-05,0.0,0,0,0,0,0
4026518-5319-84,29595319,normal,0.003468221053481102,8.670553e-05,0.0,0,0,0,1,0
5814933-2210-80,36722210,normal,0.003462841035798192,8.6571024e-05,0.0,0,0,0,0,0
5114574-7366-77,18527366,normal,0.0034553203731775284,8.638301e-05,0.0,0,0,0,2,0
5216526-0682-89,82890682,normal,0.003451582742854953,8.628957e-05,0.0,0,0,0,0,0
3999894-4323-82,74584323,normal,0.003449039300903678,8.6225984e-05,0.0,0,0,0,1,0
1418385-6424-79,59396424,normal,0.0034485687501728535,8.621422e-05,0.0,0,0,0,2,0
4675989-6729-86,91586729,normal,0.0034430422820150852,8.6076056e-05,0.0,0,0,0,1,0
2620200-9892-76,75119892,normal,0.0034420834854245186,8.605209e-05,0.0,0,0,0,0,0
9995383-3538-79,48973538,normal,0.00344195868819952,8.604897e-05,0.0,0,0,0,2,0
1960285-3163-93,69523163,normal,0.0034403735771775246,8.600934e-05,0.0,0,0,0,1,0
9626748-6729-80,91586729,normal,0.0034392718225717545,8.5981796e-05,0.0,0,0,0,1,0
5892219-0491-91,30500491,normal,0.0034311541821807623,8.5778855e-05,0.0,0,0,0,0,0
7473373-2311-77,78272311,normal,0.003430715762078762,8.57679e-05,0.0,0,0,0,0,0
9697612-7425-80,18577425,normal,0.003427537390962243,8.5688436e-05,0.0,0,0,0,0,0
8946225-2858-85,94832858,normal,0.0034265993162989616,8.5664986e-05,0.0,0,0,0,1,0
6439359-3100-77,38303100,normal,0.003413306549191475,8.5332664e-05,0.0,0,0,0,2,0
3026440-4999-74,26094999,normal,0.0034127109684050083,8.531778e-05,0.0,0,0,0,1,0
6602802-4950-80,11324950,normal,0.0034091202542185783,8.5228006e-05,0.0,0,0,0,0,0
9259566-4123-78,20704123,normal,0.003404893446713686,8.512234e-05,0.0,0,0,0,0,1
6034965-2312-81,28402312,normal,0.0034048575907945633,8.512144e-05,0.0,0,0,0,0,0
6879246-6060-90,22986060,normal,0.0034018747974187136,8.504687e-05,0.0,0,0,0,0,0
8787236-4932-79,84324932,normal,0.0033970256336033344,8.492564e-05,0.0,0,0,0,0,0
9089394-1648-81,44811648,normal,0.003384083043783903,8.460208e-05,0.0,0,0,0,1,0
8347001-7178-78,66657178,normal,0.0033826602157205343,8.4566505e-05,0.0,0,0,0,0,0
792681-5257-84,60355257,normal,0.0033768457360565662,8.4421146e-05,0.0,0,0,0,0,0
9622762-1274-88,12801274,normal,0.003370742779225111,8.426857e-05,0.0,0,0,0,0,0
2793270-8910-88,75168910,normal,0.003369804471731186,8.424511e-05,0.0,0,0,0,2,0
5790289-8814-94,31498814,normal,0.003368969075381756,8.422423e-05,0.0,0,0,0,1,0
4467154-4572-81,15254572,normal,0.0033689592964947224,8.422398e-05,0.0,0,0,0,0,0
1724995-5257-90,60355257,normal,0.0033665155060589314,8.4162886e-05,0.0,0,0,0,1,0
1760589-6250-80,87156250,normal,0.003363300347700715,8.408251e-05,0.0,0,0,0,1,0
1043931-7034-74,68217034,normal,0.003362322458997369,8.405806e-05,0.0,0,0,0,0,0
8590658-3375-80,68033375,normal,0.003358803689479828,8.3970095e-05,0.0,0,0,0,0,0
7774862-8594-91,17528594,normal,0.00335732102394104,8.3933024e-05,0.0,0,0,0,1,0
9197697-8525-85,54138525,normal,0.003356283763423562,8.390709e-05,0.0,0,0,0,1,0
4255444-2798-87,37632798,normal,0.0033557945862412453,8.389486e-05,0.0,0,0,0,1,0
8177975-6903-79,81316903,normal,0.0033531649969518185,8.382912e-05,0.0,0,0,0,0,0
7823877-0842-76,45740842,normal,0.0033474843949079514,8.368711e-05,0.0,0,0,0,1,0
596589-4323-92,74584323,normal,0.0033466191962361336,8.366548e-05,0.0,0,0,0,2,0
3972667-9442-88,25209442,normal,0.0033431299962103367,8.357825e-05,0.0,0,0,0,1,0
683611-5178-86,88325178,normal,0.0033386312425136566,8.3465784e-05,0.0,0,0,0,1,0
1601025-9720-79,76159720,normal,0.0033382081892341375,8.3455205e-05,0.0,0,0,0,0,1
8516362-7304-85,31547304,normal,0.0033371991012245417,8.342998e-05,0.0,0,0,0,1,0
1103721-9031-84,66369031,normal,0.0033354272600263357,8.338568e-05,0.0,0,0,0,0,0
4196842-7626-75,94527626,normal,0.0033350992016494274,8.337748e-05,0.0,0,0,0,0,0
4487951-1729-86,77221729,normal,0.0033348770812153816,8.3371924e-05,0.0,0,0,0,1,0
7227114-2858-84,94832858,normal,0.0033313173335045576,8.328293e-05,0.0,0,0,0,1,0
6288480-9215-75,64939215,normal,0.003330211853608489,8.32553e-05,0.0,0,0,0,1,0
1030126-5580-86,69605580,normal,0.003328802064061165,8.322005e-05,0.0,0,0,0,0,0
7047314-6730-74,35396730,normal,0.00332622230052948,8.315556e-05,0.0,0,0,0,0,0
9841064-0838-84,62090838,normal,0.0033255848102271557,8.313962e-05,0.0,0,0,0,0,0
8994284-0287-90,27030287,normal,0.003316571470350027,8.291429e-05,0.0,0,0,0,0,0
4995654-3292-88,75583292,normal,0.0033164608757942915,8.291152e-05,0.0,0,0,0,0,1
9701295-0257-79,60630257,normal,0.0033121786545962095,8.2804465e-05,0.0,0,0,0,2,0
8800666-0213-80,32910213,normal,0.003301104297861457,8.252761e-05,0.0,0,0,0,0,0
566151-4575-82,91674575,normal,0.0032978104427456856,8.244526e-05,0.0,0,0,0,1,0
3222950-1923-77,23191923,normal,0.0032954495400190353,8.2386236e-05,0.0,0,0,0,1,0
2806858-4900-83,93774900,normal,0.003287511644884944,8.218779e-05,0.0,0,0,0,0,0
422933-9031-75,66369031,normal,0.003287019208073616,8.217548e-05,0.0,0,0,0,0,0
599753-9885-67,93739885,normal,0.0032813288271427155,8.203322e-05,0.0,0,0,0,0,0
266861-3938-81,12183938,normal,0.0032809721305966377,8.20243e-05,0.0,0,0,0,0,0
7200247-9559-90,46409559,normal,0.0032806466333568096,8.2016166e-05,0.0,0,0,0,1,0
8586653-2961-83,78922961,normal,0.00328042171895504,8.201054e-05,0.0,0,0,0,0,0
5821174-9892-73,75119892,normal,0.0032789234537631273,8.1973085e-05,0.0,0,0,0,2,1
7234459-8718-79,32908718,normal,0.0032721643801778555,8.180411e-05,0.0,0,0,0,1,0
1170175-0967-82,42340967,normal,0.0032675524707883596,8.168881e-05,0.0,0,0,0,1,0
7162642-3292-73,75583292,normal,0.003267141291871667,8.167853e-05,0.0,0,0,0,0,0
1938204-1563-87,88461563,normal,0.003265832783654332,8.164582e-05,0.0,0,0,0,1,0
5179331-0282-76,64010282,normal,0.0032650388311594725,8.162597e-05,0.0,0,0,0,0,0
9993098-8492-81,98228492,normal,0.0032642201986163855,8.16055e-05,0.0,0,0,0,0,1
5456605-3292-87,75583292,normal,0.003262079320847988,8.155198e-05,0.0,0,0,0,1,0
899372-9230-85,97899230,normal,0.003257444594055414,8.143611e-05,0.0,0,0,0,0,0
8323634-5867-83,82425867,normal,0.0032553637865930796,8.1384096e-05,0.0,0,0,0,1,0
7014608-2112-75,85582112,normal,0.003251361660659313,8.1284044e-05,0.0,0,0,0,1,0
4476382-1058-81,76311058,normal,0.003249065252020955,8.122663e-05,0.0,0,0,0,3,0
7315927-3826-81,10153826,normal,0.003247940680012107,8.1198516e-05,0.0,0,0,0,0,0
6070455-1981-86,29051981,normal,0.003245305735617876,8.1132646e-05,0.0,0,0,0,1,0
9429948-1632-83,97381632,normal,0.003244909690693021,8.1122744e-05,0.0,0,0,0,2,0
5726403-5929-71,90155929,normal,0.0032425743993371725,8.106436e-05,0.0,0,0,0,0,0
9957292-7235-77,86187235,normal,0.0032417457550764084,8.104365e-05,0.0,0,0,0,0,0
7279990-4717-69,86054717,normal,0.003236232791095972,8.090582e-05,0.0,0,0,0,0,0
5574276-9232-79,26009232,normal,0.003234424628317356,8.086061e-05,0.0,0,0,0,0,0
5709218-1807-87,20101807,normal,0.0032319179736077785,8.079795e-05,0.0,0,0,0,2,0
3862994-2858-77,94832858,normal,0.0032314404379576445,8.078601e-05,0.0,0,0,0,0,0
5221920-2332-83,27322332,normal,0.0032265109475702047,8.066277e-05,0.0,0,0,0,1,0
8639663-5441-87,49965441,normal,0.0032239302527159452,8.0598256e-05,0.0,0,0,0,2,0
564984-2112-78,85582112,normal,0.003222009399905801,8.0550235e-05,0.0,0,0,0,0,0
8720224-1185-82,52321185,normal,0.0032209251075983047,8.0523125e-05,0.0,0,0,0,0,0
8773232-8614-78,31638614,normal,0.0032200037967413664,8.05001e-05,0.0,0,0,0,1,0
9365238-5257-87,60355257,normal,0.0032157415989786386,8.039354e-05,0.0,0,0,0,0,0
7028068-5396-89,95445396,normal,0.0032116963993757963,8.029241e-05,0.0,0,0,0,0,0
1094150-0842-82,45740842,normal,0.0032071422319859266,8.017856e-05,0.0,0,0,0,1,0
415058-0911-74,15830911,normal,0.003203593660145998,8.008984e-05,0.0,0,0,0,2,0
9711089-7890-87,51497890,normal,0.0032031137961894274,8.007784e-05,0.0,0,0,0,0,0
3493150-1545-81,64011545,normal,0.003202900057658553,8.00725e-05,0.0,0,0,0,1,0
1088198-1058-84,76311058,normal,0.0032025121618062258,8.0062804e-05,0.0,0,0,0,1,0
4683957-0788-85,22270788,normal,0.0032021701335906982,8.0054255e-05,0.0,0,0,0,0,0
6303567-4066-90,61094066,normal,0.0032008576672524214,8.002144e-05,0.0,0,0,0,1,0
9277843-6510-90,24846510,normal,0.003197858575731516,7.994646e-05,0.0,0,0,0,2,0
1789961-4366-86,76114366,normal,0.0031971693970263004,7.992923e-05,0.0,0,0,0,1,0
7354464-5970-87,76515970,normal,0.003196766832843423,7.991917e-05,0.0,0,0,0,2,0
5567412-6264-75,61156264,normal,0.003196468111127615,7.9911704e-05,0.0,0,0,0,0,0
9134976-6510-84,24846510,normal,0.0031964529771357775,7.9911326e-05,0.0,0,0,0,2,0
524643-9230-81,97899230,normal,0.0031959316693246365,7.9898295e-05,0.0,0,0,0,1,0
9760174-1632-79,97381632,normal,0.003187236376106739,7.968091e-05,0.0,0,0,0,2,0
8363070-4366-82,76114366,normal,0.0031854044646024704,7.963511e-05,0.0,0,0,0,2,0
4980867-6967-83,65756967,normal,0.003175117541104555,7.937794e-05,0.0,0,0,0,0,0
4234498-3538-76,48973538,normal,0.003174811601638794,7.937029e-05,0.0,0,0,0,1,0
1509419-4442-71,25474442,normal,0.0031745298765599728,7.936325e-05,0.0,0,0,0,0,0
2629895-1274-69,12801274,normal,0.003172457218170166,7.931143e-05,0.0,0,0,0,0,0
6398358-9506-74,20109506,normal,0.0031719880644232035,7.92997e-05,0.0,0,0,0,2,0
2327429-9215-82,64939215,normal,0.0031660529784858227,7.915132e-05,0.0,0,0,0,0,0
2780294-0864-85,70500864,normal,0.003165889997035265,7.914725e-05,0.0,0,0,0,2,0
4215405-2903-69,19152903,normal,0.003163783811032772,7.909459e-05,0.0,0,0,0,1,0
9625034-1122-75,15391122,normal,0.003163195215165615,7.907988e-05,0.0,0,0,0,1,0
8607011-3105-89,67363105,normal,0.0031617716886103153,7.9044294e-05,0.0,0,0,0,1,0
6674193-3538-85,48973538,normal,0.003158655483275652,7.896639e-05,0.0,0,0,0,1,0
1790363-2080-93,44102080,normal,0.0031581223011016846,7.895306e-05,0.0,0,0,0,1,0
3277015-7178-85,66657178,normal,0.0031576710753142834,7.8941775e-05,0.0,0,0,0,0,0
7524468-7178-90,66657178,normal,0.0031575325410813093,7.893831e-05,0.0,0,0,0,1,0
1882942-0491-87,30500491,normal,0.0031556510366499424,7.889127e-05,0.0,0,0,0,0,0
6062114-6903-78,81316903,normal,0.003152739256620407,7.8818484e-05,0.0,0,0,0,1,0
6392539-5122-79,84015122,normal,0.0031472966074943542,7.868242e-05,0.0,0,0,0,0,0
7116905-3105-90,67363105,normal,0.00314392801374197,7.85982e-05,0.0,0,0,0,0,0
4011879-9506-67,20109506,normal,0.0031436611898243427,7.859153e-05,0.0,0,0,0,1,0
1253491-5178-82,88325178,normal,0.0031432141549885273,7.858036e-05,0.0,0,0,0,1,0
1402586-4366-74,76114366,normal,0.0031423931941390038,7.855983e-05,0.0,0,0,0,2,0
4664926-8614-89,31638614,normal,0.0031421445310115814,7.855361e-05,0.0,0,0,0,1,0
3664622-2080-75,44102080,normal,0.0031394311226904392,7.848578e-05,0.0,0,0,0,1,0
4587163-1110-90,43571110,normal,0.00313750677742064,7.843767e-05,0.0,0,0,0,2,0
1994639-1866-74,65621866,normal,0.0031360287684947252,7.840072e-05,0.0,0,0,0,0,0
2278539-1545-79,64011545,normal,0.0031322515569627285,7.8306286e-05,0.0,0,0,0,1,0
3910774-5929-83,90155929,normal,0.003131716512143612,7.829291e-05,0.0,0,0,0,1,0
7190372-6260-87,11176260,normal,0.0031311670318245888,7.8279176e-05,0.0,0,0,0,0,0
487419-9061-71,55149061,normal,0.003128185635432601,7.820464e-05,0.0,0,0,0,1,0
6975573-2903-90,19152903,normal,0.003126763040199876,7.8169076e-05,0.0,0,0,0,0,0
6487014-4323-74,74584323,normal,0.0031228535808622837,7.807134e-05,0.0,0,0,0,2,0
9277218-1175-93,79661175,normal,0.0031228060834109783,7.807015e-05,0.0,0,0,0,1,0
4816569-1782-85,80051782,normal,0.0031194009352475405,7.798502e-05,0.0,0,0,0,0,0
8176755-3444-85,86943444,normal,0.003117346204817295,7.7933655e-05,0.0,0,0,0,0,0
5989838-4572-82,15254572,normal,0.0031170968431979418,7.792742e-05,0.0,0,0,0,1,0
8516696-6510-73,24846510,normal,0.003113896818831563,7.784742e-05,0.0,0,0,0,1,0
9671721-7387-79,64077387,normal,0.003112688660621643,7.781722e-05,0.0,0,0,0,0,0
7284261-8132-71,36468132,normal,0.0031115072779357433,7.7787685e-05,0.0,0,0,0,1,0
6210796-8467-85,34798467,normal,0.0031107955146580935,7.776989e-05,0.0,0,0,0,0,0
7238844-9737-90,26339737,normal,0.0031104334630072117,7.776084e-05,0.0,0,0,0,0,0
5636237-4950-86,57174950,normal,0.003108535660430789,7.771339e-05,0.0,0,0,0,0,0
8519148-4575-86,91674575,normal,0.0031074536964297295,7.7686345e-05,0.0,0,0,0,0,0
1986080-7286-90,55537286,normal,0.003104646224528551,7.7616154e-05,0.0,0,0,0,0,0
4053688-4571-75,33414571,normal,0.003103195922449231,7.75799e-05,0.0,0,0,0,1,0
6394382-4974-77,59884974,normal,0.0031015598215162754,7.753899e-05,0.0,0,0,0,0,0
8470714-1451-87,19911451,normal,0.0030997442081570625,7.7493605e-05,0.0,0,0,0,0,0
4759477-2112-84,85582112,normal,0.003096506465226412,7.741266e-05,0.0,0,0,0,0,0
2104140-2798-84,37632798,normal,0.0030954997055232525,7.738749e-05,0.0,0,0,0,1,0
5044051-5947-79,10045947,normal,0.0030953402165323496,7.7383505e-05,0.0,0,0,0,1,0
6732619-4366-79,76114366,normal,0.0030927290208637714,7.7318226e-05,0.0,0,0,0,2,0
4849895-8910-85,75168910,normal,0.0030923723243176937,7.7309305e-05,0.0,0,0,0,2,0
9122130-6518-89,89116518,normal,0.003092097816988826,7.7302444e-05,0.0,0,0,0,1,0
6887181-9542-87,17679542,normal,0.0030899581033736467,7.724895e-05,0.0,0,0,0,1,0
4854398-9380-81,18449380,normal,0.0030847261659801006,7.711815e-05,0.0,0,0,0,0,0
1774146-6274-82,19536274,normal,0.0030830735340714455,7.707684e-05,0.0,0,0,0,0,0
528353-9817-89,83289817,normal,0.003081962699070573,7.7049066e-05,0.0,0,0,0,0,0
500062-0667-81,65770667,normal,0.003079732647165656,7.699332e-05,0.0,0,0,0,0,0
736912-0842-81,45740842,normal,0.003077372442930937,7.693431e-05,0.0,0,0,0,2,0
1850651-8718-74,32908718,normal,0.003075377317145467,7.688443e-05,0.0,0,0,0,1,0
5693649-4575-84,91674575,normal,0.0030741808004677296,7.685452e-05,0.0,0,0,0,1,0
2511288-0324-86,48100324,normal,0.0030727186240255833,7.681797e-05,0.0,0,0,0,0,0
7088235-4484-89,95874484,normal,0.003071988932788372,7.6799726e-05,0.0,0,0,0,0,0
2025519-9506-80,20109506,normal,0.0030681772623211145,7.670443e-05,0.0,0,0,0,1,0
7199109-5893-85,63855893,normal,0.0030666738748550415,7.6666845e-05,0.0,0,0,0,0,0
7281211-1144-74,99581144,normal,0.0030651709530502558,7.662927e-05,0.0,0,0,0,1,0
8808076-9715-83,59829715,normal,0.0030644519720226526,7.66113e-05,0.0,0,0,0,1,0
569649-9720-86,76159720,normal,0.0030628510285168886,7.6571276e-05,0.0,0,0,0,0,0
4935117-0491-85,30500491,normal,0.0030613942071795464,7.653485e-05,0.0,0,0,0,1,0
3885132-9737-68,26339737,normal,0.0030589746311306953,7.647437e-05,0.0,0,0,0,0,0
8222490-6102-79,58536102,normal,0.003058954607695341,7.6473865e-05,0.0,0,0,0,0,0
9839652-1274-85,12801274,normal,0.003058656817302108,7.646642e-05,0.0,0,0,0,0,0
8552530-6054-84,83006054,normal,0.0030545061454176903,7.636265e-05,0.0,0,0,0,0,0
2887610-6871-84,39376871,normal,0.003054319880902767,7.6357996e-05,0.0,0,0,0,1,0
8884544-6274-70,19536274,normal,0.0030526425689458847,7.6316064e-05,0.0,0,0,0,1,0
2842613-1632-81,97381632,normal,0.00305123976431787,7.6280994e-05,0.0,0,0,0,2,0
665162-0788-88,22270788,normal,0.0030506725888699293,7.626681e-05,0.0,0,0,0,0,0
9334681-5543-71,44445543,normal,0.0030506113544106483,7.6265285e-05,0.0,0,0,0,0,0
9456578-0838-72,62090838,normal,0.0030502097215503454,7.6255244e-05,0.0,0,0,0,0,0
6297983-2826-87,22222826,normal,0.003049704013392329,7.62426e-05,0.0,0,0,0,0,0
8414560-1110-80,43571110,normal,0.0030488488264381886,7.622122e-05,0.0,0,0,0,1,0
459020-0357-78,95930357,normal,0.0030487473122775555,7.621868e-05,0.0,0,0,0,1,0
7914190-5580-88,69605580,normal,0.003046919358894229,7.617298e-05,0.0,0,0,0,0,0
1403904-5867-85,82425867,normal,0.003046001074835658,7.615003e-05,0.0,0,0,0,0,0
9311518-6424-89,59396424,normal,0.0030455482192337513,7.6138705e-05,0.0,0,0,0,1,0
8037452-4572-83,15254572,normal,0.0030439249239861965,7.609812e-05,0.0,0,0,0,0,0
6754895-1807-79,20101807,normal,0.0030425351578742266,7.606338e-05,0.0,0,0,0,1,0
4236172-0357-80,95930357,normal,0.0030379833187907934,7.594958e-05,0.0,0,0,0,2,0
4339298-3100-84,38303100,normal,0.003029544372111559,7.573861e-05,0.0,0,0,0,1,0
9357201-9542-91,17679542,normal,0.003026298712939024,7.565747e-05,0.0,0,0,0,1,0
5858950-2180-81,94762180,normal,0.003022970398887992,7.557426e-05,0.0,0,0,0,0,0
5830816-8814-78,31498814,normal,0.0030197114683687687,7.549279e-05,0.0,0,0,0,0,0
7744462-2080-84,44102080,normal,0.0030184248462319374,7.546062e-05,0.0,0,0,0,0,0
3969825-5764-86,90495764,normal,0.0030178579036146402,7.544645e-05,0.0,0,0,0,1,0
9979475-6264-81,61156264,normal,0.0030141621828079224,7.535405e-05,0.0,0,0,0,0,0
2085057-6208-78,34756208,normal,0.003011421300470829,7.5285534e-05,0.0,0,0,0,0,0
6174703-5257-91,60355257,normal,0.0030111942905932665,7.527986e-05,0.0,0,0,0,0,0
6003845-3292-76,75583292,normal,0.003008832223713398,7.522081e-05,0.0,0,0,0,0,0
6039100-5732-88,11185732,normal,0.0030017048120498657,7.504262e-05,0.0,0,0,0,2,0
6963631-6260-83,11176260,normal,0.0029997245874255896,7.499311e-05,0.0,0,0,0,0,0
3179021-6838-80,44416838,normal,0.002998251933604479,7.49563e-05,0.0,0,0,0,0,0
5660278-7366-88,18527366,normal,0.002997188363224268,7.492971e-05,0.0,0,0,0,2,0
4184944-9172-77,76949172,normal,0.0029959767125546932,7.489942e-05,0.0,0,0,0,1,0
1680679-7622-78,10437622,normal,0.0029945913702249527,7.486479e-05,0.0,0,0,0,1,0
3244297-6968-80,14296968,normal,0.0029832590371370316,7.4581476e-05,0.0,0,0,0,0,0
3050066-9697-82,52669697,normal,0.0029826387763023376,7.456597e-05,0.0,0,0,0,0,0
3770777-6533-86,84346533,normal,0.002977341879159212,7.443355e-05,0.0,0,0,0,0,0
5581804-7464-85,37787464,normal,0.0029763425700366497,7.440856e-05,0.0,0,0,0,1,0
4981987-8688-80,76588688,normal,0.002974084112793207,7.43521e-05,0.0,0,0,0,0,0
5293737-2311-92,78272311,normal,0.0029737637378275394,7.434409e-05,0.0,0,0,0,0,0
5403454-9061-87,55149061,normal,0.002972530433908105,7.431326e-05,0.0,0,0,0,0,0
635691-7178-84,66657178,normal,0.002971901325508952,7.429753e-05,0.0,0,0,0,0,1
1085911-9108-85,75559108,normal,0.002971742767840624,7.4293566e-05,0.0,0,0,0,1,0
1959841-1072-84,39331072,normal,0.0029687259811908007,7.421815e-05,0.0,0,0,0,1,0
1520381-0838-92,62090838,normal,0.00296281510964036,7.4070376e-05,0.0,0,0,0,0,0
743768-4550-90,42954550,normal,0.0029599685221910477,7.399921e-05,0.0,0,0,0,1,0
6121065-8377-88,90588377,normal,0.0029594209045171738,7.3985524e-05,0.0,0,0,0,0,0
4242918-2041-88,26202041,normal,0.002958661876618862,7.396655e-05,0.0,0,0,0,0,0
581447-0838-86,62090838,normal,0.002958605531603098,7.396514e-05,0.0,0,0,0,1,0
3139811-8723-82,70908723,normal,0.0029573417268693447,7.3933545e-05,0.0,0,0,0,2,0
3948961-1072-92,39331072,normal,0.0029560900293290615,7.390225e-05,0.0,0,0,0,1,0
6511490-8718-84,32908718,normal,0.0029529372695833445,7.382343e-05,0.0,0,0,0,0,0
5865801-6260-72,11176260,normal,0.0029523824341595173,7.380956e-05,0.0,0,0,0,0,0
8736692-8021-73,26998021,normal,0.002951884176582098,7.3797106e-05,0.0,0,0,0,1,0
8461457-6968-89,14296968,normal,0.0029515011701732874,7.378753e-05,0.0,0,0,0,0,0
2629081-6264-80,61156264,normal,0.0029514029156416655,7.378507e-05,0.0,0,0,0,0,0
1658333-9215-89,64939215,normal,0.0029511749744415283,7.3779374e-05,0.0,0,0,0,1,0
2107377-4876-87,56944876,normal,0.0029479488730430603,7.369872e-05,0.0,0,0,0,0,0
7027098-2826-77,22222826,normal,0.0029463551472872496,7.365888e-05,0.0,0,0,0,0,0
9988668-6919-88,76106919,normal,0.0029456501360982656,7.3641255e-05,0.0,0,0,0,0,0
1546607-7738-85,58497738,normal,0.002940216800197959,7.350542e-05,0.0,0,0,0,2,0
8933569-7178-79,66657178,normal,0.002939740428701043,7.349351e-05,0.0,0,0,0,0,0
317746-7724-79,27557724,normal,0.0029380840715020895,7.34521e-05,0.0,0,0,0,0,0
9864962-2332-90,27322332,normal,0.002937621669843793,7.344054e-05,0.0,0,0,0,0,0
900116-1885-76,24671885,normal,0.0029354263097047806,7.338566e-05,0.0,0,0,0,2,0
5669370-9506-72,20109506,normal,0.0029336914885789156,7.3342286e-05,0.0,0,0,0,0,0
7529463-6730-83,35396730,normal,0.0029315687716007233,7.328922e-05,0.0,0,0,0,0,0
2910599-0287-85,27030287,normal,0.0029300989117473364,7.325247e-05,0.0,0,0,0,1,0
4112730-6730-97,35396730,normal,0.0029282995965331793,7.320749e-05,0.0,0,0,0,0,0
8947034-7622-74,10437622,normal,0.0029279172886162996,7.319793e-05,0.0,0,0,0,1,0
4368298-0491-77,30500491,normal,0.002926552202552557,7.316381e-05,0.0,0,0,0,0,0
5909915-1492-70,36481492,normal,0.002926535438746214,7.3163385e-05,0.0,0,0,0,0,1
9782666-0659-91,76490659,normal,0.0029248895589262247,7.312224e-05,0.0,0,0,0,0,0
3940574-6102-91,58536102,normal,0.0029190964996814728,7.297741e-05,0.0,0,0,0,0,1
2330313-9885-83,93739885,normal,0.002918311394751072,7.295779e-05,0.0,0,0,0,0,0
4933577-5947-87,10045947,normal,0.002914734883233905,7.286837e-05,0.0,0,0,0,0,1
3571407-7724-79,73967724,normal,0.0029140207916498184,7.285052e-05,0.0,0,0,0,1,0
1769431-2858-73,94832858,normal,0.0029117236845195293,7.279309e-05,0.0,0,0,0,1,0
5672113-9230-74,97899230,normal,0.002909319940954447,7.2733e-05,0.0,0,0,0,0,0
907289-3734-74,46443734,normal,0.002907677786424756,7.2691946e-05,0.0,0,0,0,1,0
4999961-3826-76,10153826,normal,0.002906394423916936,7.265986e-05,0.0,0,0,0,0,0
5124922-1632-88,97381632,normal,0.00290542165748775,7.263554e-05,0.0,0,0,0,0,0
247881-4493-76,53384493,normal,0.0029049536678940058,7.262384e-05,0.0,0,0,0,0,0
4974942-4123-68,20704123,normal,0.0029049175791442394,7.262294e-05,0.0,0,0,0,2,0
7008886-7724-89,27557724,normal,0.0029032116290181875,7.258029e-05,0.0,0,0,0,0,0
2536270-7472-89,49677472,normal,0.00289987213909626,7.2496805e-05,0.0,0,0,0,0,0
8561255-9410-79,34969410,normal,0.0028941642958670855,7.235411e-05,0.0,0,0,0,1,0
4693786-1729-81,77221729,normal,0.002893921686336398,7.234804e-05,0.0,0,0,0,1,0
6855941-2130-76,73322130,normal,0.0028932951390743256,7.2332376e-05,0.0,0,0,0,0,0
1072411-1175-82,79661175,normal,0.0028930939733982086,7.232735e-05,0.0,0,0,0,0,0
2357499-6903-76,81316903,normal,0.002887517912313342,7.218795e-05,0.0,0,0,0,2,0
770004-7366-84,18527366,normal,0.0028863479383289814,7.21587e-05,0.0,0,0,0,1,0
6438203-9715-79,59829715,normal,0.002882400993257761,7.206002e-05,0.0,0,0,0,1,0
2493499-7550-82,95227550,normal,0.0028819884173572063,7.204971e-05,0.0,0,0,0,1,0
3592630-1122-91,15391122,normal,0.0028805681504309177,7.2014205e-05,0.0,0,0,0,0,0
9998096-1866-84,65621866,normal,0.0028802272863686085,7.2005685e-05,0.0,0,0,0,0,0
1792749-5396-80,95445396,normal,0.0028800268191844225,7.200067e-05,0.0,0,0,0,0,0
7139961-1175-84,79661175,normal,0.0028773013036698103,7.193253e-05,0.0,0,0,0,1,0
2924421-0864-82,70500864,normal,0.0028762943111360073,7.190736e-05,0.0,0,0,0,0,0
191205-2332-85,27322332,normal,0.0028729226905852556,7.1823066e-05,0.0,0,0,0,1,0
6687858-4323-86,74584323,normal,0.002872166456654668,7.180416e-05,0.0,0,0,0,0,0
8594854-4974-80,59884974,normal,0.0028689391911029816,7.172348e-05,0.0,0,0,0,1,0
9341938-4999-85,26094999,normal,0.002868134994059801,7.1703376e-05,0.0,0,0,0,1,0
1966548-7570-90,76017570,normal,0.002866234863176942,7.165587e-05,0.0,0,0,0,0,0
861122-0357-89,95930357,normal,0.0028645514976233244,7.161379e-05,0.0,0,0,0,2,0
3378792-6967-81,65756967,normal,0.002863795030862093,7.159488e-05,0.0,0,0,0,0,0
1708114-0282-84,64010282,normal,0.002861725864931941,7.1543145e-05,0.0,0,0,0,0,0
3587466-0842-83,45740842,normal,0.0028594969771802425,7.1487426e-05,0.0,0,0,0,2,0
6477951-1885-84,24671885,normal,0.0028591779991984367,7.147945e-05,0.0,0,0,0,1,0
6534903-8614-85,31638614,normal,0.0028589842841029167,7.1474606e-05,0.0,0,0,0,1,0
3905975-6518-85,89116518,normal,0.002855842700228095,7.139607e-05,0.0,0,0,0,0,0
9887866-1058-83,76311058,normal,0.0028558126650750637,7.139532e-05,0.0,0,0,0,1,0
9028860-8422-80,38848422,normal,0.002854549326002598,7.1363735e-05,0.0,0,0,0,2,0
6077826-8422-92,38848422,normal,0.0028536757454276085,7.134189e-05,0.0,0,0,0,1,0
3968083-3163-87,69523163,normal,0.002853468991816044,7.1336726e-05,0.0,0,0,0,0,0
1461116-8594-83,17528594,normal,0.0028501972556114197,7.125493e-05,0.0,0,0,0,2,0
3155456-1274-79,12801274,normal,0.0028499120380729437,7.12478e-05,0.0,0,0,0,0,0
8963678-2174-84,67292174,normal,0.002849824959412217,7.1245624e-05,0.0,0,0,0,0,0
3674883-4900-88,93774900,normal,0.002848787233233452,7.121968e-05,0.0,0,0,0,0,0
4419260-4974-79,59884974,normal,0.0028464514762163162,7.116129e-05,0.0,0,0,0,0,0
7639004-2826-79,22222826,normal,0.002844788134098053,7.1119706e-05,0.0,0,0,0,1,0
2345698-3321-86,57193321,normal,0.002843619091436267,7.109048e-05,0.0,0,0,0,1,0
7263599-6903-73,81316903,normal,0.0028434130363166332,7.108533e-05,0.0,0,0,0,1,0
7688091-2332-79,27322332,normal,0.0028386665508151054,7.0966664e-05,0.0,0,0,0,3,0
5318812-0659-92,76490659,normal,0.0028354418464004993,7.0886046e-05,0.0,0,0,0,1,0
3567034-6967-84,65756967,normal,0.0028351526707410812,7.0878814e-05,0.0,0,0,0,0,0
7517762-2080-91,44102080,normal,0.0028341009747236967,7.0852526e-05,0.0,0,0,0,0,0
6566889-7724-78,27557724,normal,0.0028336523100733757,7.0841306e-05,0.0,0,0,0,1,0
4904966-8021-85,26998021,normal,0.002831947524100542,7.079869e-05,0.0,0,0,0,1,0
3576760-2903-76,19152903,normal,0.0028285901062190533,7.0714756e-05,0.0,0,0,0,1,0
4376673-1782-72,80051782,normal,0.0028259805403649807,7.064951e-05,0.0,0,0,0,2,0
2285238-0213-74,32910213,normal,0.0028247893787920475,7.061973e-05,0.0,0,0,0,0,0
3108392-6903-87,81316903,normal,0.002824503928422928,7.06126e-05,0.0,0,0,0,1,0
7694939-3100-66,38303100,normal,0.002818407490849495,7.0460184e-05,0.0,0,0,0,1,0
2583351-3444-74,86943444,normal,0.0028182673268020153,7.0456685e-05,0.0,0,0,0,0,0
3875258-8723-86,70908723,normal,0.0028168458957225084,7.042115e-05,0.0,0,0,0,0,0
9977251-0911-84,15830911,normal,0.00281532877124846,7.038322e-05,0.0,0,0,0,1,0
1458340-2858-86,94832858,normal,0.002814743435010314,7.036859e-05,0.0,0,0,0,2,0
9843685-5122-87,84015122,normal,0.00281165330670774,7.029133e-05,0.0,0,0,0,1,0
3162806-0967-81,42340967,normal,0.002811023034155369,7.027558e-05,0.0,0,0,0,0,0
7487403-9065-79,27499065,normal,0.0028104628436267376,7.026157e-05,0.0,0,0,0,1,0
5208410-9108-86,75559108,normal,0.0028095412999391556,7.023853e-05,0.0,0,0,0,0,0
3386051-4154-86,34034154,normal,0.002809069585055113,7.022674e-05,0.0,0,0,0,1,0
2917298-4366-73,76114366,normal,0.002807245822623372,7.0181144e-05,0.0,0,0,0,2,0
1509046-8451-73,59358451,normal,0.0028071014676243067,7.0177535e-05,0.0,0,0,0,0,0
5317529-1885-79,24671885,normal,0.0028065554797649384,7.0163886e-05,0.0,0,0,0,0,0
7725629-5252-78,55915252,normal,0.002805634867399931,7.014087e-05,0.0,0,0,0,2,0
2931613-0589-86,73030589,normal,0.0027995361015200615,6.9988404e-05,0.0,0,0,0,0,0
211902-4218-68,66254218,normal,0.0027988688088953495,6.997172e-05,0.0,0,0,0,0,0
1143289-5947-88,10045947,normal,0.0027978175785392523,6.994544e-05,0.0,0,0,0,0,0
3034532-6730-78,35396730,normal,0.002796899527311325,6.992249e-05,0.0,0,0,0,0,0
8920694-1545-74,64011545,normal,0.0027932561933994293,6.98314e-05,0.0,0,0,0,0,0
1083621-8990-89,25358990,normal,0.0027907348703593016,6.976837e-05,0.0,0,0,0,0,0
4660744-8525-91,54138525,normal,0.0027901255525648594,6.9753136e-05,0.0,0,0,0,0,0
6929388-0659-93,76490659,normal,0.002786177210509777,6.965443e-05,0.0,0,0,0,1,0
9612378-4950-75,57174950,normal,0.002785361371934414,6.9634036e-05,0.0,0,0,0,1,0
1077851-9065-76,27499065,normal,0.0027847427409142256,6.961857e-05,0.0,0,0,0,1,0
482405-3292-77,75583292,normal,0.0027844849973917007,6.961213e-05,0.0,0,0,0,0,0
5298999-4572-89,15254572,normal,0.0027831897605210543,6.957974e-05,0.0,0,0,0,1,0
8019745-4484-84,95874484,normal,0.002781504765152931,6.953762e-05,0.0,0,0,0,0,0
8142807-8910-81,75168910,normal,0.0027813564520329237,6.953391e-05,0.0,0,0,0,1,0
4132627-4550-84,42954550,normal,0.0027812926564365625,6.953232e-05,0.0,0,0,0,0,0
2768235-7304-81,31547304,normal,0.0027791927568614483,6.947982e-05,0.0,0,0,0,1,0
6463609-6424-86,59396424,normal,0.0027772958856076,6.94324e-05,0.0,0,0,0,0,0
1801902-9108-73,75559108,normal,0.002777256304398179,6.943141e-05,0.0,0,0,0,0,0
4086745-9542-92,17679542,normal,0.0027768826112151146,6.9422065e-05,0.0,0,0,0,1,0
4902226-9380-83,18449380,normal,0.0027765226550400257,6.9413065e-05,0.0,0,0,0,0,0
9168769-2312-74,28402312,normal,0.002776504261419177,6.941261e-05,0.0,0,0,0,0,0
1597100-0842-80,45740842,normal,0.0027744474355131388,6.936119e-05,0.0,0,0,0,1,0
987764-1665-86,52741665,normal,0.0027743761893361807,6.9359405e-05,0.0,0,0,0,1,0
3164525-9715-86,59829715,normal,0.002774037653580308,6.935094e-05,0.0,0,0,0,1,0
470568-1122-82,15391122,normal,0.0027693407610058784,6.9233516e-05,0.0,0,0,0,0,0
6222270-0659-89,76490659,normal,0.0027691663708537817,6.922916e-05,0.0,0,0,0,0,0
1820870-1122-90,15391122,normal,0.002769055310636759,6.9226386e-05,0.0,0,0,0,2,0
6965522-9697-89,52669697,normal,0.0027687414549291134,6.9218535e-05,0.0,0,0,0,2,0
8781764-9232-81,26009232,normal,0.0027655642479658127,6.91391e-05,0.0,0,0,0,0,0
5033545-6953-91,84526953,normal,0.0027636950835585594,6.909238e-05,0.0,0,0,0,1,0
5539561-7738-82,58497738,normal,0.0027625011280179024,6.906253e-05,0.0,0,0,0,0,0
6055431-4550-79,42954550,normal,0.0027618007734417915,6.904502e-05,0.0,0,0,0,1,0
1184265-8814-87,31498814,normal,0.002760916016995907,6.90229e-05,0.0,0,0,0,2,0
7753488-7550-84,95227550,normal,0.002760197501629591,6.9004935e-05,0.0,0,0,0,2,0
1107609-6838-83,44416838,normal,0.002758168848231435,6.895422e-05,0.0,0,0,0,1,0
8644173-0838-78,62090838,normal,0.0027562046889215708,6.8905116e-05,0.0,0,0,0,0,0
4716019-7178-75,66657178,normal,0.002754969522356987,6.887424e-05,0.0,0,0,0,0,0
3613368-4366-68,76114366,normal,0.0027539951261132956,6.884988e-05,0.0,0,0,0,1,0
1038243-7034-79,68217034,normal,0.0027537718415260315,6.8844296e-05,0.0,0,0,0,0,0
8914342-6953-79,84526953,normal,0.002751448657363653,6.878622e-05,0.0,0,0,0,0,0
1237856-9442-73,25209442,normal,0.002751378109678626,6.878445e-05,0.0,0,0,0,1,0
4054690-4786-89,68564786,normal,0.002750530606135726,6.8763264e-05,0.0,0,0,0,1,0
4686782-4786-80,68564786,normal,0.002750197658315301,6.875494e-05,0.0,0,0,0,1,0
1030890-2903-86,19152903,normal,0.0027497517876327038,6.874379e-05,0.0,0,0,0,0,0
2086600-7464-73,37787464,normal,0.002748713595792651,6.871784e-05,0.0,0,0,0,1,0
9045253-1451-80,19911451,normal,0.0027485457248985767,6.871364e-05,0.0,0,0,0,0,0
4631006-3938-83,12183938,normal,0.002748401602730155,6.871004e-05,0.0,0,0,0,2,0
4913727-8964-85,22978964,normal,0.002745472826063633,6.863682e-05,0.0,0,0,0,1,0
477669-0357-92,95930357,normal,0.0027429871261119843,6.857468e-05,0.0,0,0,0,2,0
5328814-6518-83,89116518,normal,0.0027417605742812157,6.854402e-05,0.0,0,0,0,1,0
5428014-5764-76,90495764,normal,0.0027403749991208315,6.850938e-05,0.0,0,0,0,0,0
9884731-4717-67,86054717,normal,0.002739457879215479,6.848645e-05,0.0,0,0,0,2,0
8146475-7464-89,37787464,normal,0.002736134687438607,6.8403366e-05,0.0,0,0,0,2,0
5089353-9065-87,27499065,normal,0.0027303898241370916,6.8259746e-05,0.0,0,0,0,1,0
4388499-7235-88,86187235,normal,0.0027299290522933006,6.824823e-05,0.0,0,0,0,0,0
5948688-2180-86,94762180,normal,0.0027297285851091146,6.8243215e-05,0.0,0,0,0,0,0
5039063-8594-92,17528594,normal,0.002725223544985056,6.813059e-05,0.0,0,0,0,0,0
4626356-3734-79,46443734,normal,0.002724794903770089,6.811987e-05,0.0,0,0,0,2,0
8327534-0667-74,65770667,normal,0.002724213059991598,6.810533e-05,0.0,0,0,0,0,0
3519305-7724-85,27557724,normal,0.0027218784671276808,6.804696e-05,0.0,0,0,0,1,0
2803064-5201-80,66335201,normal,0.0027200207114219666,6.800052e-05,0.0,0,0,0,2,0
3684233-4572-91,15254572,normal,0.00271940091624856,6.798502e-05,0.0,0,0,0,2,0
3819738-5396-77,95445396,normal,0.0027169694658368826,6.792424e-05,0.0,0,0,0,0,0
6598482-1885-80,24671885,normal,0.0027165005449205637,6.7912515e-05,0.0,0,0,0,1,0
5733606-0967-83,42340967,normal,0.0027162288315594196,6.790572e-05,0.0,0,0,0,1,0
9523869-8936-79,37428936,normal,0.002713898429647088,6.784746e-05,0.0,0,0,0,1,0
5109018-0842-84,45740842,normal,0.002711221110075712,6.778053e-05,0.0,0,0,0,0,0
6989692-0788-90,22270788,normal,0.0027108308859169483,6.777077e-05,0.0,0,0,0,0,0
5743639-3163-78,69523163,normal,0.0027107219211757183,6.776805e-05,0.0,0,0,0,0,0
5793874-9108-83,75559108,normal,0.0027101198211312294,6.7753e-05,0.0,0,0,0,1,0
1932757-1211-83,30561211,normal,0.0027085207402706146,6.7713016e-05,0.0,0,0,0,0,0
2664055-8964-87,22978964,normal,0.002708014566451311,6.770036e-05,0.0,0,0,0,0,0
3750630-6250-85,87156250,normal,0.0027069353964179754,6.767338e-05,0.0,0,0,0,1,0
3063144-1563-77,88461563,normal,0.00270656100474298,6.766403e-05,0.0,0,0,0,1,0
1917726-6533-93,84346533,normal,0.002705196151509881,6.76299e-05,0.0,0,0,0,0,0
4067232-9720-83,76159720,normal,0.002705162391066551,6.762906e-05,0.0,0,0,0,0,0
8415699-8614-86,31638614,normal,0.002705100690945983,6.7627516e-05,0.0,0,0,0,1,0
1624422-4484-85,95874484,normal,0.0027038317639380693,6.759579e-05,0.0,0,0,0,0,0
6931178-8990-75,25358990,normal,0.002703821286559105,6.759553e-05,0.0,0,0,0,1,0
3950619-7464-90,37787464,normal,0.002702681813389063,6.7567045e-05,0.0,0,0,0,3,0
9009703-2130-69,73322130,normal,0.0027013395447283983,6.753349e-05,0.0,0,0,0,0,0
2958342-9232-89,26009232,normal,0.002699384931474924,6.748462e-05,0.0,0,0,0,0,0
4988712-9788-78,32409788,normal,0.0026993644423782825,6.7484114e-05,0.0,0,0,0,1,0
7626365-8910-92,75168910,normal,0.0026913066394627094,6.7282665e-05,0.0,0,0,0,1,0
5750489-9737-72,26339737,normal,0.002690126420930028,6.725316e-05,0.0,0,0,0,0,0
8732303-0838-79,62090838,normal,0.0026868190616369247,6.717048e-05,0.0,0,0,0,0,0
4442161-0287-91,27030287,normal,0.002686609048396349,6.716522e-05,0.0,0,0,0,1,0
8694539-4575-77,91674575,normal,0.002685261657461524,6.713154e-05,0.0,0,0,0,1,0
9766798-6510-75,24846510,normal,0.0026816967874765396,6.704242e-05,0.0,0,0,0,2,0
1279914-8467-86,34798467,normal,0.0026810779236257076,6.702695e-05,0.0,0,0,0,0,0
9785905-2130-79,73322130,normal,0.002678762888535857,6.696907e-05,0.0,0,0,0,1,0
1057957-1866-90,65621866,normal,0.0026774578727781773,6.6936445e-05,0.0,0,0,0,1,0
766584-8135-90,24968135,normal,0.0026730468962341547,6.682617e-05,0.0,0,0,0,1,0
9231761-3100-83,38303100,normal,0.002672878559678793,6.6821965e-05,0.0,0,0,0,0,0
817927-8723-77,70908723,normal,0.0026728734374046326,6.6821834e-05,0.0,0,0,0,1,0
2836643-1072-81,39331072,normal,0.00267137517221272,6.678438e-05,0.0,0,0,0,2,0
2027694-9542-80,17679542,normal,0.00267099030315876,6.677476e-05,0.0,0,0,0,1,0
2929540-1211-79,30561211,normal,0.0026696815621107817,6.674204e-05,0.0,0,0,0,0,0
5969634-0651-88,43510651,normal,0.002668551402166486,6.671379e-05,0.0,0,0,0,0,0
1400949-8936-78,37428936,normal,0.0026666028425097466,6.6665074e-05,0.0,0,0,0,1,0
4729510-7550-87,95227550,normal,0.0026628447230905294,6.657112e-05,0.0,0,0,0,2,0
1872118-9442-74,25209442,normal,0.002662478946149349,6.6561974e-05,0.0,0,0,0,2,0
1500385-7622-86,10437622,normal,0.0026610728818923235,6.652682e-05,0.0,0,0,0,0,0
8592604-9215-85,64939215,normal,0.0026599690318107605,6.6499226e-05,0.0,0,0,0,0,0
1341275-9061-76,55149061,normal,0.0026583613362163305,6.645903e-05,0.0,0,0,0,0,0
7681289-9065-82,27499065,normal,0.0026583208236843348,6.645802e-05,0.0,0,0,0,0,0
6392870-7472-81,49677472,normal,0.002657193224877119,6.642983e-05,0.0,0,0,0,0,0
8486916-0911-83,15830911,normal,0.002656668657436967,6.641672e-05,0.0,0,0,0,1,0
3243446-1981-91,29051981,normal,0.0026566407177597284,6.641602e-05,0.0,0,0,0,0,0
1810326-0864-88,70500864,normal,0.0026561899576336145,6.640475e-05,0.0,0,0,0,0,0
1495379-9108-82,75559108,normal,0.0026559389661997557,6.6398476e-05,0.0,0,0,0,1,0
303379-2312-80,28402312,normal,0.0026554984506219625,6.638746e-05,0.0,0,0,0,1,0
7481992-3292-79,75583292,normal,0.002653128933161497,6.6328226e-05,0.0,0,0,0,0,0
3321966-0589-82,73030589,normal,0.0026471372693777084,6.617843e-05,0.0,0,0,0,2,0
783711-9715-82,59829715,normal,0.002645893022418022,6.6147324e-05,0.0,0,0,0,1,0
7670428-5893-82,63855893,normal,0.0026433004532009363,6.608251e-05,0.0,0,0,0,1,0
7670851-4900-77,93774900,normal,0.002642680425196886,6.606701e-05,0.0,0,0,0,0,0
2429786-5386-77,90485386,normal,0.0026421237271279097,6.605309e-05,0.0,0,0,0,0,0
203282-7724-88,73967724,normal,0.002640846651047468,6.6021166e-05,0.0,0,0,0,1,0
9539317-9578-88,44739578,normal,0.0026407684199512005,6.601921e-05,0.0,0,0,0,1,0
6915484-7622-80,10437622,normal,0.0026382363867014647,6.595591e-05,0.0,0,0,0,0,0
2826249-8910-78,75168910,normal,0.002638140693306923,6.5953514e-05,0.0,0,0,0,0,0
7622377-8936-84,37428936,normal,0.0026352442800998688,6.5881104e-05,0.0,0,0,0,1,0
4168171-9885-75,93739885,normal,0.002634600969031453,6.5865024e-05,0.0,0,0,0,1,0
2425818-8135-92,24968135,normal,0.002632862888276577,6.582157e-05,0.0,0,0,0,1,0
9117088-2112-83,85582112,normal,0.0026326519437134266,6.58163e-05,0.0,0,0,0,1,0
4810821-9230-84,97899230,normal,0.0026300298050045967,6.575075e-05,0.0,0,0,0,0,0
8522748-4571-83,33414571,normal,0.0026276609860360622,6.569152e-05,0.0,0,0,0,0,0
3898262-3444-83,86943444,normal,0.002627635607495904,6.569089e-05,0.0,0,0,0,1,0
9329506-9410-78,34969410,normal,0.0026256192941218615,6.564048e-05,0.0,0,0,0,1,0
6406238-1866-70,65621866,normal,0.0026254216209053993,6.563554e-05,0.0,0,0,0,0,0
243554-8936-87,37428936,normal,0.002624597866088152,6.561495e-05,0.0,0,0,0,1,0
4461709-6730-94,35396730,normal,0.0026239946018904448,6.559987e-05,0.0,0,0,0,0,0
4124300-9788-82,32409788,normal,0.002620646497234702,6.5516164e-05,0.0,0,0,0,0,0
9212452-8910-75,75168910,normal,0.0026199419517070055,6.549855e-05,0.0,0,0,0,2,0
5071725-8936-86,37428936,normal,0.0026195195969194174,6.548799e-05,0.0,0,0,0,1,0
4469937-1451-85,19911451,normal,0.002613932592794299,6.5348315e-05,0.0,0,0,0,0,0
6490472-3938-70,12183938,normal,0.002611615229398012,6.5290384e-05,0.0,0,0,0,1,0
4503156-1110-95,43571110,normal,0.002608305076137185,6.520763e-05,0.0,0,0,0,2,0
6074856-6518-90,89116518,normal,0.0026082852855324745,6.520713e-05,0.0,0,0,0,2,0
2271952-3444-88,86943444,normal,0.0026078498922288418,6.519625e-05,0.0,0,0,0,0,0
6656879-3734-84,46443734,normal,0.0026074349880218506,6.518587e-05,0.0,0,0,0,1,0
314048-0357-84,95930357,normal,0.002606375841423869,6.5159395e-05,0.0,0,0,0,1,0
1734247-8669-77,11358669,normal,0.0026062587276101112,6.515647e-05,0.0,0,0,0,0,0
7798934-2080-90,44102080,normal,0.0026051881723105907,6.51297e-05,0.0,0,0,0,2,0
2020383-1632-86,97381632,normal,0.0026051432359963655,6.512858e-05,0.0,0,0,0,1,0
6071818-1451-89,19911451,normal,0.0026025434490293264,6.5063585e-05,0.0,0,0,0,1,0
4602730-9031-73,66369031,normal,0.0026019776705652475,6.504944e-05,0.0,0,0,0,0,0
9793311-2826-69,22222826,normal,0.0026002610102295876,6.500653e-05,0.0,0,0,0,0,0
4213798-1072-78,39331072,normal,0.0025993436574935913,6.498359e-05,0.0,0,0,0,2,0
2972793-3100-86,38303100,normal,0.002595309168100357,6.4882726e-05,0.0,0,0,0,2,0
7324098-0589-89,73030589,normal,0.0025952495634555817,6.488124e-05,0.0,0,0,0,2,0
1145969-1885-88,24671885,normal,0.0025949529372155666,6.487382e-05,0.0,0,0,0,2,0
9892633-3100-81,38303100,normal,0.0025933398865163326,6.48335e-05,0.0,0,0,0,0,0
4801959-0240-80,69040240,normal,0.0025904725771397352,6.4761814e-05,0.0,0,0,0,0,0
2257648-8614-90,31638614,normal,0.0025898576714098454,6.474644e-05,0.0,0,0,0,0,0
2874169-2174-72,67292174,normal,0.0025888453237712383,6.4721135e-05,0.0,0,0,0,0,0
5399213-5543-87,44445543,normal,0.0025885836221277714,6.471459e-05,0.0,0,0,0,0,0
2166610-7472-77,49677472,normal,0.002588464878499508,6.4711625e-05,0.0,0,0,0,1,0
3758110-6208-84,34756208,normal,0.0025878429878503084,6.4696076e-05,0.0,0,0,0,1,0
4166226-8525-87,54138525,normal,0.0025870362296700478,6.467591e-05,0.0,0,0,0,1,0
1673341-6054-86,83006054,normal,0.0025839321315288544,6.45983e-05,0.0,0,0,0,1,0
8045535-8594-89,17528594,normal,0.002580489730462432,6.451224e-05,0.0,0,0,0,2,0
5239416-3938-77,12183938,normal,0.002580369124189019,6.450923e-05,0.0,0,0,0,0,0
723719-4323-75,74584323,normal,0.002580127911642194,6.45032e-05,0.0,0,0,0,2,0
7832814-2798-81,37632798,normal,0.0025800270959734917,6.450068e-05,0.0,0,0,0,1,0
5663285-7472-86,49677472,normal,0.002578981453552842,6.447454e-05,0.0,0,0,0,0,0
2838962-1981-81,29051981,normal,0.0025768380146473646,6.442095e-05,0.0,0,0,0,0,0
5205722-8377-77,90588377,normal,0.0025767076294869184,6.441769e-05,0.0,0,0,0,0,0
1007958-5201-81,66335201,normal,0.002575007965788245,6.43752e-05,0.0,0,0,0,0,0
1136284-1185-85,52321185,normal,0.0025695008225739002,6.423752e-05,0.0,0,0,0,0,0
6450398-4876-90,56944876,normal,0.0025693783536553383,6.423446e-05,0.0,0,0,0,1,0
9954997-0324-91,48100324,normal,0.0025680484250187874,6.420121e-05,0.0,0,0,0,1,0
5258820-2180-75,94762180,normal,0.0025674239732325077,6.41856e-05,0.0,0,0,0,1,1
2462623-1807-82,20101807,normal,0.002566802315413952,6.417006e-05,0.0,0,0,0,1,0
4469271-7724-86,73967724,normal,0.0025653340853750706,6.413335e-05,0.0,0,0,0,1,0
7985902-5764-82,90495764,normal,0.002563927788287401,6.4098196e-05,0.0,0,0,0,0,0
9529148-9885-76,93739885,normal,0.002562871901318431,6.40718e-05,0.0,0,0,0,0,0
3674948-6533-75,84346533,normal,0.0025577396154403687,6.394349e-05,0.0,0,0,0,0,0
8068711-8594-81,17528594,normal,0.002556747058406472,6.391868e-05,0.0,0,0,0,2,0
4408473-8525-73,54138525,normal,0.002556376624852419,6.3909414e-05,0.0,0,0,0,0,0
2747788-6510-78,24846510,normal,0.002555718645453453,6.389296e-05,0.0,0,0,0,1,0
167870-0282-82,64010282,normal,0.0025531118735671043,6.38278e-05,0.0,0,0,0,0,0
444430-3321-80,57193321,normal,0.0025524157099425793,6.3810396e-05,0.0,0,0,0,2,0
2466974-7570-72,76017570,normal,0.0025472170673310757,6.3680425e-05,0.0,0,0,0,2,0
3149242-0911-80,15830911,normal,0.0025460440665483475,6.36511e-05,0.0,0,0,0,2,0
3548202-1072-75,39331072,normal,0.0025457723531872034,6.364431e-05,0.0,0,0,0,1,0
2006044-6510-78,16886510,normal,0.0025442312471568584,6.360578e-05,0.0,0,0,0,0,0
1579317-9737-81,26339737,normal,0.002544054063037038,6.360135e-05,0.0,0,0,0,0,0
1065444-9506-78,20109506,normal,0.002542346715927124,6.355867e-05,0.0,0,0,0,0,0
9757059-9542-84,17679542,normal,0.0025418545119464397,6.3546366e-05,0.0,0,0,0,1,0
7511178-8936-88,37428936,normal,0.0025413697585463524,6.3534244e-05,0.0,0,0,0,1,0
8172543-8135-91,24968135,normal,0.002540255431085825,6.3506384e-05,0.0,0,0,0,1,1
1326528-7425-88,18577425,normal,0.002539417240768671,6.348543e-05,0.0,0,0,0,0,0
8408611-1807-75,20101807,normal,0.002537971828132868,6.34493e-05,0.0,0,0,0,1,0
3072554-7550-78,95227550,normal,0.0025366968475282192,6.341742e-05,0.0,0,0,0,0,0
5180554-8492-82,98228492,normal,0.002535040257498622,6.337601e-05,0.0,0,0,0,1,0
1409575-6274-88,19536274,normal,0.0025344407185912132,6.336102e-05,0.0,0,0,0,2,0
7693709-7472-80,49677472,normal,0.0025329235941171646,6.332309e-05,0.0,0,0,0,0,0
6532456-7034-77,68217034,normal,0.002532128943130374,6.3303225e-05,0.0,0,0,0,0,0
2773491-8021-88,26998021,normal,0.002532068407163024,6.330171e-05,0.0,0,0,0,1,0
8186209-1729-83,77221729,normal,0.002528837416321039,6.3220934e-05,0.0,0,0,0,0,0
5494004-7724-85,73967724,normal,0.0025223949924111366,6.305987e-05,0.0,0,0,0,2,0
1798106-1885-82,24671885,normal,0.0025212836917489767,6.3032094e-05,0.0,0,0,0,2,0
2276534-9506-81,20109506,normal,0.0025198536459356546,6.299634e-05,0.0,0,0,0,0,0
9409868-3375-90,68033375,normal,0.002519738394767046,6.299346e-05,0.0,0,0,0,0,0
4577562-4578-88,68904578,normal,0.002518061548471451,6.295154e-05,0.0,0,0,0,0,0
496382-8451-82,59358451,normal,0.0025155607145279646,6.288902e-05,0.0,0,0,0,0,0
669719-5893-87,63855893,normal,0.0025137332268059254,6.284333e-05,0.0,0,0,0,0,0
3916398-9697-74,52669697,normal,0.0025130982976406813,6.282746e-05,0.0,0,0,0,1,0
7127070-5201-75,66335201,normal,0.0025130072608590126,6.282518e-05,0.0,0,0,0,2,0
3274380-3163-75,69523163,normal,0.0025123385712504387,6.280847e-05,0.0,0,0,0,0,0
3540220-3734-85,46443734,normal,0.0025085657835006714,6.271414e-05,0.0,0,0,0,0,0
5034060-4900-87,93774900,normal,0.002507814671844244,6.269537e-05,0.0,0,0,0,0,0
205826-8021-77,26998021,normal,0.0025072097778320312,6.268024e-05,0.0,0,0,0,0,0
8397396-6729-87,91586729,normal,0.0025069396942853928,6.267349e-05,0.0,0,0,0,0,0
9989263-0240-79,69040240,normal,0.002505383687093854,6.263459e-05,0.0,0,0,0,1,0
2893780-8614-77,31638614,normal,0.0025052502751350403,6.2631254e-05,0.0,0,0,0,2,0
7258362-3105-79,67363105,normal,0.0025036376900970936,6.2590945e-05,0.0,0,0,0,0,0
569275-7472-79,49677472,normal,0.002502773655578494,6.256934e-05,0.0,0,0,0,0,0
7496474-4572-78,15254572,normal,0.002499692142009735,6.2492305e-05,0.0,0,0,0,2,0
400303-3826-82,10153826,normal,0.0024994800332933664,6.2487e-05,0.0,0,0,0,0,0
5012537-1175-95,79661175,normal,0.002496773609891534,6.241934e-05,0.0,0,0,0,0,0
4830576-0282-79,64010282,normal,0.002493832493200898,6.234581e-05,0.0,0,0,0,1,0
5934689-1451-90,19911451,normal,0.0024896031245589256,6.224008e-05,0.0,0,0,0,0,0
4129057-2826-81,22222826,normal,0.0024882310535758734,6.220578e-05,0.0,0,0,0,0,0
7234740-4572-74,15254572,normal,0.002487948862835765,6.219872e-05,0.0,0,0,0,1,0
2529382-6919-80,76106919,normal,0.0024852717760950327,6.2131796e-05,0.0,0,0,0,0,0
1958577-0324-77,48100324,normal,0.0024834144860506058,6.208536e-05,0.0,0,0,0,0,0
7272708-9542-93,17679542,normal,0.002482549985870719,6.206375e-05,0.0,0,0,0,0,0
4159983-0659-85,76490659,normal,0.0024802854750305414,6.200714e-05,0.0,0,0,0,0,0
5516971-3734-81,46443734,normal,0.002478410489857197,6.1960265e-05,0.0,0,0,0,1,0
7932726-9215-86,64939215,normal,0.002477403962984681,6.19351e-05,0.0,0,0,0,1,0
9792817-1211-88,30561211,normal,0.002476324327290058,6.190811e-05,0.0,0,0,0,1,0
5830446-4876-85,56944876,normal,0.002476036548614502,6.1900915e-05,0.0,0,0,0,0,0
8161794-4717-82,86054717,normal,0.002475991379469633,6.189979e-05,0.0,0,0,0,2,0
7927639-6903-82,81316903,normal,0.0024755429476499557,6.1888575e-05,0.0,0,0,0,1,0
2360264-2311-89,78272311,normal,0.0024742824025452137,6.185706e-05,0.0,0,0,0,0,0
648733-4154-84,34034154,normal,0.002471933839842677,6.1798346e-05,0.0,0,0,0,0,0
4182779-8492-79,98228492,normal,0.00247141532599926,6.178538e-05,0.0,0,0,0,0,0
7005252-2080-85,44102080,normal,0.002471335232257843,6.178338e-05,0.0,0,0,0,1,0
7033778-7472-75,49677472,normal,0.002467096783220768,6.167742e-05,0.0,0,0,0,0,0
4687751-4218-80,66254218,normal,0.0024658571928739548,6.164643e-05,0.0,0,0,0,1,0
5241497-9442-81,25209442,normal,0.0024646935053169727,6.1617335e-05,0.0,0,0,0,1,0
9487738-9442-69,25209442,normal,0.0024646841920912266,6.16171e-05,0.0,0,0,0,0,0
6699048-7464-77,37787464,normal,0.00246001360937953,6.150034e-05,0.0,0,0,0,1,0
9115229-0287-80,27030287,normal,0.002458948874846101,6.147372e-05,0.0,0,0,0,1,0
7617864-6274-80,19536274,normal,0.0024563611950725317,6.140903e-05,0.0,0,0,0,0,0
7162786-1185-79,52321185,normal,0.002454719739034772,6.1367995e-05,0.0,0,0,0,1,0
933539-2858-79,94832858,normal,0.002452974207699299,6.1324354e-05,0.0,0,0,0,0,0
5205219-6264-93,61156264,normal,0.002451171400025487,6.127929e-05,0.0,0,0,0,0,0
8575382-4493-84,53384493,normal,0.0024509397335350513,6.1273495e-05,0.0,0,0,0,0,0
3457342-3105-86,67363105,normal,0.002449400257319212,6.1235005e-05,0.0,0,0,0,1,0
9301368-0842-77,45740842,normal,0.002446407452225685,6.1160186e-05,0.0,0,0,0,2,0
6785556-4786-75,68564786,normal,0.002445623744279146,6.114059e-05,0.0,0,0,0,2,0
9744483-6967-79,65756967,normal,0.002444600220769644,6.1115e-05,0.0,0,0,0,1,0
2985139-0864-77,70500864,normal,0.002443933393806219,6.109833e-05,0.0,0,0,0,1,0
5869651-2130-86,73322130,normal,0.002443917328491807,6.109793e-05,0.0,0,0,0,2,0
874078-5696-84,77065696,normal,0.002442943165078759,6.107358e-05,0.0,0,0,0,1,0
4816398-8594-87,17528594,normal,0.002438121009618044,6.0953025e-05,0.0,0,0,0,1,0
4463738-6871-82,39376871,normal,0.0024377908557653427,6.094477e-05,0.0,0,0,0,1,0
2683482-0589-91,73030589,normal,0.00243627792224288,6.0906947e-05,0.0,0,0,0,2,0
5365585-4040-75,58984040,normal,0.002432408044114709,6.0810202e-05,0.0,0,0,0,0,0
7763821-5252-72,55915252,normal,0.0024314827751368284,6.0787068e-05,0.0,0,0,0,0,1
9194767-6510-94,24846510,normal,0.002431448083370924,6.0786202e-05,0.0,0,0,0,0,0
7008028-1122-88,15391122,normal,0.0024285190738737583,6.0712977e-05,0.0,0,0,0,1,0
3102533-6260-74,11176260,normal,0.0024267826229333878,6.066957e-05,0.0,0,0,0,1,0
8492390-8467-83,34798467,normal,0.0024258040357381105,6.06451e-05,0.0,0,0,0,0,0
4510560-4123-84,20704123,normal,0.002425302052870393,6.0632552e-05,0.0,0,0,0,0,1
1542103-1451-72,19911451,normal,0.0024222026113420725,6.0555067e-05,0.0,0,0,0,1,0
2537160-8964-76,22978964,normal,0.0024195569567382336,6.048892e-05,0.0,0,0,0,0,0
5297260-0324-79,48100324,normal,0.0024192591663450003,6.048148e-05,0.0,0,0,0,1,0
5026138-6424-77,59396424,normal,0.0024176081642508507,6.04402e-05,0.0,0,0,0,0,0
4941153-5543-83,44445543,normal,0.002417174633592367,6.0429364e-05,0.0,0,0,0,0,0
3086032-5441-83,49965441,normal,0.0024150917306542397,6.0377293e-05,0.0,0,0,0,0,1
6813099-3444-87,86943444,normal,0.0024149627424776554,6.037407e-05,0.0,0,0,0,0,0
4044895-4484-74,95874484,normal,0.0024120581801980734,6.0301456e-05,0.0,0,0,0,0,0
8482819-3734-94,46443734,normal,0.002411704044789076,6.02926e-05,0.0,0,0,0,1,0
696036-7472-69,49677472,normal,0.0024099613074213266,6.0249033e-05,0.0,0,0,0,0,0
9215834-9230-72,97899230,normal,0.0024067023769021034,6.016756e-05,0.0,0,0,0,0,0
6554866-0682-72,82890682,normal,0.0024052339140325785,6.013085e-05,0.0,0,0,0,1,0
4622667-0213-83,32910213,normal,0.0024041724391281605,6.010431e-05,0.0,0,0,0,0,0
3597602-9885-77,93739885,normal,0.0024041286669671535,6.0103215e-05,0.0,0,0,0,0,0
5990311-3444-72,86943444,normal,0.002402098383754492,6.0052458e-05,0.0,0,0,0,0,0
2599174-9410-75,34969410,normal,0.002401376608759165,6.0034417e-05,0.0,0,0,0,0,0
3645607-5696-72,77065696,normal,0.0024012874346226454,6.0032187e-05,0.0,0,0,0,1,0
7670863-4717-76,86054717,normal,0.002401164034381509,6.00291e-05,0.0,0,0,0,2,0
7041377-5319-79,29595319,normal,0.002400490688160062,6.0012266e-05,0.0,0,0,0,0,0
3355979-6054-88,83006054,normal,0.0024002138525247574,6.0005346e-05,0.0,0,0,0,1,0
8612157-7366-93,18527366,normal,0.002398665063083172,5.9966624e-05,0.0,0,0,0,2,0
6094653-8594-85,17528594,normal,0.002398392651230097,5.9959817e-05,0.0,0,0,0,0,0
3322668-1492-78,36481492,normal,0.0023983607534319162,5.9959017e-05,0.0,0,0,0,1,0
1772150-3100-74,38303100,normal,0.002398138865828514,5.995347e-05,0.0,0,0,0,1,0
4983331-0589-90,73030589,normal,0.0023974778596311808,5.993695e-05,0.0,0,0,0,0,0
6997183-7304-80,31547304,normal,0.0023952522315084934,5.9881306e-05,0.0,0,0,0,2,0
5187123-0357-74,95930357,normal,0.0023944824934005737,5.9862065e-05,0.0,0,0,0,2,0
6871724-6953-83,84526953,normal,0.0023942883126437664,5.9857208e-05,0.0,0,0,0,1,0
3031731-3329-81,70183329,normal,0.002391768852248788,5.9794223e-05,0.0,0,0,0,0,0
8162818-2858-87,94832858,normal,0.0023915842175483704,5.9789607e-05,0.0,0,0,0,1,0
781168-9892-91,75119892,normal,0.0023904668632894754,5.976167e-05,0.0,0,0,0,1,0
6455108-8910-84,75168910,normal,0.0023896079510450363,5.9740196e-05,0.0,0,0,0,0,0
6562170-3444-84,86943444,normal,0.0023889881558716297,5.9724705e-05,0.0,0,0,0,0,0
5502350-6953-75,84526953,normal,0.0023883478716015816,5.97087e-05,0.0,0,0,0,1,0
9205358-5764-79,90495764,normal,0.002387468935921788,5.9686725e-05,0.0,0,0,0,1,0
7452118-3734-88,46443734,normal,0.0023871776647865772,5.967944e-05,0.0,0,0,0,1,0
5258129-2826-70,22222826,normal,0.0023845951072871685,5.961488e-05,0.0,0,0,0,0,0
5176655-2311-85,78272311,normal,0.002380846068263054,5.9521153e-05,0.0,0,0,0,1,0
7351978-2826-74,22222826,normal,0.002378873759880662,5.9471844e-05,0.0,0,0,0,1,0
8994100-2858-82,94832858,normal,0.002377365715801716,5.9434144e-05,0.0,0,0,0,1,0
1691718-2903-87,19152903,normal,0.0023768965620547533,5.9422415e-05,0.0,0,0,0,0,0
448393-0911-77,15830911,normal,0.0023767310194671154,5.941828e-05,0.0,0,0,0,1,0
730515-4900-72,93774900,normal,0.0023728585802018642,5.9321465e-05,0.0,0,0,0,0,0
5876457-1122-83,15391122,normal,0.002371451584622264,5.928629e-05,0.0,0,0,0,0,0
7316466-2174-79,67292174,normal,0.002370443195104599,5.9261078e-05,0.0,0,0,0,0,0
2458958-0911-87,15830911,normal,0.0023701561149209738,5.9253904e-05,0.0,0,0,0,1,0
1291145-9065-66,27499065,normal,0.0023696180433034897,5.924045e-05,0.0,0,0,0,1,0
8244883-4571-74,33414571,normal,0.0023680299054831266,5.920075e-05,0.0,0,0,0,1,0
462471-3329-78,70183329,normal,0.002367438515648246,5.918596e-05,0.0,0,0,0,0,0
5178947-4575-91,91674575,normal,0.0023657437413930893,5.9143593e-05,0.0,0,0,0,0,0
3497934-5947-85,10045947,normal,0.0023656918201595545,5.9142294e-05,0.0,0,0,0,2,0
686245-1072-91,39331072,normal,0.002364902291446924,5.9122558e-05,0.0,0,0,0,1,0
2606668-5929-86,90155929,normal,0.0023611143697053194,5.902786e-05,0.0,0,0,0,1,0
7504784-3826-74,10153826,normal,0.0023600743152201176,5.9001857e-05,0.0,0,0,0,1,0
2075098-4572-79,15254572,normal,0.002359824487939477,5.8995614e-05,0.0,0,0,0,1,0
8718963-6730-84,35396730,normal,0.0023580719716846943,5.8951802e-05,0.0,0,0,0,0,0
9366638-5764-90,90495764,normal,0.0023560626432299614,5.890157e-05,0.0,0,0,0,0,0
7335460-0864-75,70500864,normal,0.0023547664750367403,5.8869162e-05,0.0,0,0,0,2,0
4286327-7235-75,86187235,normal,0.002354223281145096,5.885558e-05,0.0,0,0,0,1,0
978917-7286-84,55537286,normal,0.002353361342102289,5.8834034e-05,0.0,0,0,0,0,0
1929749-5201-87,66335201,normal,0.0023528048768639565,5.8820122e-05,0.0,0,0,0,2,0
2093014-0287-75,27030287,normal,0.002351844683289528,5.879612e-05,0.0,0,0,0,0,0
2176417-2798-79,37632798,normal,0.0023517529480159283,5.8793823e-05,0.0,0,0,0,1,1
6525541-2312-85,28402312,normal,0.0023511876352131367,5.8779693e-05,0.0,0,0,0,0,0
9090473-5867-90,82425867,normal,0.0023506563156843185,5.876641e-05,0.0,0,0,0,0,0
8205399-0282-75,64010282,normal,0.002350275404751301,5.8756883e-05,0.0,0,0,0,0,0
6741311-5178-93,88325178,normal,0.002350275404751301,5.8756883e-05,0.0,0,0,0,0,0
5727243-1866-87,65621866,normal,0.0023498854134231806,5.8747133e-05,0.0,0,0,0,0,1
3650272-1185-86,52321185,normal,0.002346575725823641,5.8664395e-05,0.0,0,0,0,0,0
1847266-5201-92,66335201,normal,0.0023461906239390373,5.865477e-05,0.0,0,0,0,2,0
5471749-1185-87,52321185,normal,0.0023459848016500473,5.864962e-05,0.0,0,0,0,0,0
283736-6260-84,11176260,normal,0.002345398999750614,5.8634974e-05,0.0,0,0,0,0,0
1973167-7472-76,49677472,normal,0.002344828564673662,5.8620713e-05,0.0,0,0,0,0,0
1075568-2174-86,67292174,normal,0.0023428774438798428,5.8571935e-05,0.0,0,0,0,0,0
4514788-8422-90,38848422,normal,0.002342772437259555,5.856931e-05,0.0,0,0,0,2,0
147402-6919-79,76106919,normal,0.00234169140458107,5.8542286e-05,0.0,0,0,0,1,0
6398225-9697-86,52669697,normal,0.002341099549084902,5.852749e-05,0.0,0,0,0,1,0
7997898-7286-92,55537286,normal,0.0023409768473356962,5.852442e-05,0.0,0,0,0,1,0
3381549-2858-76,94832858,normal,0.0023393211886286736,5.8483027e-05,0.0,0,0,0,2,0
4473747-0324-89,48100324,normal,0.0023387789260596037,5.8469475e-05,0.0,0,0,0,0,0
2500397-1451-88,19911451,normal,0.0023381367791444063,5.845342e-05,0.0,0,0,0,1,0
4331982-1058-80,76311058,normal,0.0023368550464510918,5.8421374e-05,0.0,0,0,0,1,0
6523156-4040-89,58984040,normal,0.002336148638278246,5.840372e-05,0.0,0,0,0,1,0
5978440-9230-79,97899230,normal,0.0023353020660579205,5.8382553e-05,0.0,0,0,0,0,0
7412900-0842-88,45740842,normal,0.0023350485134869814,5.8376212e-05,0.0,0,0,0,0,0
4723918-8814-91,31498814,normal,0.0023334077559411526,5.8335194e-05,0.0,0,0,0,0,0
6583334-7570-95,76017570,normal,0.002333294600248337,5.8332364e-05,0.0,0,0,0,0,0
5518147-2312-89,28402312,normal,0.0023323288187384605,5.8308222e-05,0.0,0,0,0,0,0
8007036-1807-91,20101807,normal,0.002331263618543744,5.8281592e-05,0.0,0,0,0,1,0
760220-2080-88,44102080,normal,0.002331110183149576,5.8277757e-05,0.0,0,0,0,1,0
9000967-7626-83,94527626,normal,0.00233021704480052,5.8255424e-05,0.0,0,0,0,0,0
913139-1104-87,37941104,normal,0.0023298102896660566,5.824526e-05,0.0,0,0,0,0,0
5366190-9697-79,52669697,normal,0.002329750219359994,5.8243757e-05,0.0,0,0,0,2,0
6805323-2130-84,73322130,normal,0.0023287173826247454,5.8217935e-05,0.0,0,0,0,1,0
4011437-2332-94,27322332,normal,0.0023281313478946686,5.820328e-05,0.0,0,0,0,2,0
4074437-7570-91,76017570,normal,0.002326921559870243,5.817304e-05,0.0,0,0,0,0,0
7675446-2798-89,37632798,normal,0.0023269103839993477,5.817276e-05,0.0,0,0,0,1,0
5998077-8718-92,32908718,normal,0.0023262694012373686,5.8156733e-05,0.0,0,0,0,1,0
7151039-7550-90,95227550,normal,0.002325477311387658,5.8136935e-05,0.0,0,0,0,1,0
9630627-3938-76,12183938,normal,0.0023253068793565035,5.813267e-05,0.0,0,0,0,1,0
7624690-5580-85,69605580,normal,0.0023251560050994158,5.8128902e-05,0.0,0,0,0,1,0
2096522-1545-88,64011545,normal,0.0023248831275850534,5.8122077e-05,0.0,0,0,0,0,0
7252300-0864-81,70500864,normal,0.0023242293391376734,5.8105732e-05,0.0,0,0,0,2,0
1646850-1185-78,52321185,normal,0.0023237038403749466,5.80926e-05,0.0,0,0,0,0,0
2027222-1782-73,80051782,normal,0.002323435852304101,5.8085898e-05,0.0,0,0,0,1,0
2660089-8132-90,36468132,normal,0.0023221755400300026,5.805439e-05,0.0,0,0,0,0,0
7484263-6533-79,84346533,normal,0.002321132691577077,5.802832e-05,0.0,0,0,0,0,0
7192066-2332-87,27322332,normal,0.0023209755308926105,5.8024387e-05,0.0,0,0,0,1,0
5473056-9720-92,76159720,normal,0.0023204621393233538,5.8011556e-05,0.0,0,0,0,1,0
5695330-1185-74,52321185,normal,0.0023197894915938377,5.7994737e-05,0.0,0,0,0,0,1
9955551-9031-86,66369031,normal,0.0023196612019091845,5.7991532e-05,0.0,0,0,0,0,0
2319271-0282-86,64010282,normal,0.0023167873732745647,5.7919686e-05,0.0,0,0,0,1,0
6505491-1110-74,43571110,normal,0.002315875142812729,5.789688e-05,0.0,0,0,0,2,0
5190513-8990-79,25358990,normal,0.0023122781421989202,5.7806952e-05,0.0,0,0,0,2,0
9534914-3163-84,69523163,normal,0.002311923075467348,5.779808e-05,0.0,0,0,0,0,0
2429707-6250-81,87156250,normal,0.002311548450961709,5.778871e-05,0.0,0,0,0,0,0
2503087-8964-84,22978964,normal,0.002311158226802945,5.7778954e-05,0.0,0,0,0,0,0
3762284-2311-93,78272311,normal,0.002311054617166519,5.7776368e-05,0.0,0,0,0,1,0
6877479-9892-89,75119892,normal,0.0023106997832655907,5.7767495e-05,0.0,0,0,0,1,0
4345813-8467-76,34798467,normal,0.002310536801815033,5.776342e-05,0.0,0,0,0,0,0
3895134-4950-82,11324950,normal,0.002310010138899088,5.7750254e-05,0.0,0,0,0,0,0
7109443-6102-71,58536102,normal,0.002309087198227644,5.7727182e-05,0.0,0,0,0,0,1
5923763-6424-69,59396424,normal,0.002308576600626111,5.7714416e-05,0.0,0,0,0,0,0
5331729-1807-84,20101807,normal,0.002308308146893978,5.7707704e-05,0.0,0,0,0,1,0
815286-7464-87,37787464,normal,0.0023071395698934793,5.7678488e-05,0.0,0,0,0,2,0
3836178-4154-79,34034154,normal,0.002306354232132435,5.7658854e-05,0.0,0,0,0,0,0
1298688-2174-89,67292174,normal,0.0023059824015945196,5.7649562e-05,0.0,0,0,0,0,1
2541627-5319-81,29595319,normal,0.0023053009063005447,5.7632522e-05,0.0,0,0,0,0,0
8823812-8594-84,17528594,normal,0.002303446177393198,5.7586156e-05,0.0,0,0,0,1,0
8223215-0682-87,82890682,normal,0.002301617292687297,5.7540434e-05,0.0,0,0,0,0,0
1896310-4493-82,53384493,normal,0.0023015951737761497,5.753988e-05,0.0,0,0,0,0,0
4088137-7054-87,80787054,normal,0.002300210762768984,5.750527e-05,0.0,0,0,0,2,0
4343161-4442-84,25474442,normal,0.0022992282174527645,5.7480705e-05,0.0,0,0,0,0,0
9374653-2311-88,78272311,normal,0.0022992261219769716,5.748065e-05,0.0,0,0,0,0,0
1167177-3321-84,57193321,normal,0.0022983162198215723,5.7457906e-05,0.0,0,0,0,0,0
7759034-6424-83,59396424,normal,0.002298234961926937,5.7455876e-05,0.0,0,0,0,0,0
7793613-9559-85,46409559,normal,0.002297757426276803,5.7443936e-05,0.0,0,0,0,1,0
234533-5929-72,90155929,normal,0.0022970300633460283,5.742575e-05,0.0,0,0,0,1,0
4807374-6953-72,84526953,normal,0.0022967015393078327,5.741754e-05,0.0,0,0,0,3,0
2018957-0651-80,43510651,normal,0.002294468693435192,5.7361714e-05,0.0,0,0,0,0,0
373982-3329-85,70183329,normal,0.0022934493608772755,5.7336234e-05,0.0,0,0,0,0,0
9908706-2858-83,94832858,normal,0.0022904439829289913,5.72611e-05,0.0,0,0,0,1,0
2889366-8492-75,98228492,normal,0.002290118485689163,5.725296e-05,0.0,0,0,0,0,0
9058804-5696-85,77065696,normal,0.0022895135916769505,5.723784e-05,0.0,0,0,0,0,0
1093006-6518-73,89116518,normal,0.0022891859989613295,5.7229652e-05,0.0,0,0,0,2,0
9600046-2080-78,44102080,normal,0.002288378542289138,5.7209465e-05,0.0,0,0,0,2,0
1115087-1451-78,19911451,normal,0.00228832196444273,5.7208046e-05,0.0,0,0,0,0,0
4333605-9697-85,52669697,normal,0.0022877436131238937,5.7193593e-05,0.0,0,0,0,0,0
8152569-8135-72,24968135,normal,0.0022855608258396387,5.7139023e-05,0.0,0,0,0,2,0
8289745-9230-91,97899230,normal,0.0022854411508888006,5.713603e-05,0.0,0,0,0,0,0
7965923-8990-85,25358990,normal,0.0022833256516605616,5.7083143e-05,0.0,0,0,0,0,0
9033330-5696-81,77065696,normal,0.0022828010842204094,5.707003e-05,0.0,0,0,0,0,0
8203833-9380-75,18449380,normal,0.002282483270391822,5.706208e-05,0.0,0,0,0,0,0
9311038-9061-83,55149061,normal,0.002282372210174799,5.7059307e-05,0.0,0,0,0,1,1
5791051-0491-89,30500491,normal,0.0022819023579359055,5.7047557e-05,0.0,0,0,0,0,0
1600132-4066-83,61094066,normal,0.002280409913510084,5.7010246e-05,0.0,0,0,0,0,0
3942940-5893-90,63855893,normal,0.002279935870319605,5.6998397e-05,0.0,0,0,0,2,0
1994093-0788-78,22270788,normal,0.002279483713209629,5.698709e-05,0.0,0,0,0,0,0
1929190-1729-84,77221729,normal,0.002278609899803996,5.6965247e-05,0.0,0,0,0,0,0
622784-5396-79,95445396,normal,0.002277245745062828,5.6931145e-05,0.0,0,0,0,0,0
6951986-4493-90,53384493,normal,0.0022770569194108248,5.6926423e-05,0.0,0,0,0,0,0
1639066-3321-87,57193321,normal,0.002276242710649967,5.690607e-05,0.0,0,0,0,0,0
1681199-8614-81,31638614,normal,0.0022755046375095844,5.6887617e-05,0.0,0,0,0,0,0
9647703-1185-80,52321185,normal,0.0022748992778360844,5.6872483e-05,0.0,0,0,0,1,0
3248563-6968-78,14296968,normal,0.002274047117680311,5.685118e-05,0.0,0,0,0,0,0
1808234-7626-84,94527626,normal,0.0022718491964042187,5.679623e-05,0.0,0,0,0,0,0
974890-0659-80,76490659,normal,0.0022700042463839054,5.6750105e-05,0.0,0,0,0,1,0
9956837-8723-85,70908723,normal,0.002266649156808853,5.6666227e-05,0.0,0,0,0,1,0
3522361-5732-74,11185732,normal,0.002266128081828356,5.6653204e-05,0.0,0,0,0,0,0
9231851-1807-76,20101807,normal,0.0022653224878013134,5.663306e-05,0.0,0,0,0,1,0
3036466-8492-83,98228492,normal,0.0022652531042695045,5.663133e-05,0.0,0,0,0,0,0
2105101-4066-80,61094066,normal,0.0022646808065474033,5.661702e-05,0.0,0,0,0,0,0
971135-0911-76,15830911,normal,0.0022634025663137436,5.6585064e-05,0.0,0,0,0,2,0
4937023-7738-76,58497738,normal,0.0022626537829637527,5.6566347e-05,0.0,0,0,0,1,0
2491076-4876-77,56944876,normal,0.002261430723592639,5.6535766e-05,0.0,0,0,0,0,0
6009155-9108-79,75559108,normal,0.00225920625962317,5.6480156e-05,0.0,0,0,0,0,0
9653212-9737-69,26339737,normal,0.0022590039297938347,5.6475095e-05,0.0,0,0,0,0,0
7753482-4323-88,74584323,normal,0.0022575436159968376,5.6438592e-05,0.0,0,0,0,2,0
8587576-2858-78,94832858,normal,0.002255114261060953,5.637786e-05,0.0,0,0,0,1,0
8881645-1072-79,39331072,normal,0.002253113081678748,5.6327826e-05,0.0,0,0,0,0,0
4952966-2332-93,27322332,normal,0.0022520413622260094,5.6301033e-05,0.0,0,0,0,2,0
8826652-0324-90,48100324,normal,0.002251890953630209,5.6297275e-05,0.0,0,0,0,1,0
6071459-1981-76,29051981,normal,0.0022510213311761618,5.6275534e-05,0.0,0,0,0,0,0
7593370-5178-89,88325178,normal,0.0022497421596199274,5.6243556e-05,0.0,0,0,0,0,0
9903175-5178-95,88325178,normal,0.0022474522702395916,5.6186305e-05,0.0,0,0,0,0,0
5066021-0842-69,45740842,normal,0.002246149582788348,5.6153738e-05,0.0,0,0,0,1,0
8269140-0659-72,76490659,normal,0.0022449481766670942,5.6123703e-05,0.0,0,0,0,0,0
8120372-4999-83,26094999,normal,0.0022403905168175697,5.6009765e-05,0.0,0,0,0,0,0
9491360-5201-72,66335201,normal,0.002239337656646967,5.5983444e-05,0.0,0,0,0,1,0
6569295-9215-91,64939215,normal,0.002238268032670021,5.59567e-05,0.0,0,0,0,2,0
8723048-4932-86,84324932,normal,0.002237239619717002,5.593099e-05,0.0,0,0,0,0,0
2508309-1563-90,88461563,normal,0.0022353501990437508,5.5883753e-05,0.0,0,0,0,1,0
219311-1648-87,44811648,normal,0.0022342693991959095,5.5856737e-05,0.0,0,0,0,0,0
7134809-0589-85,73030589,normal,0.002230646088719368,5.5766155e-05,0.0,0,0,0,2,0
7286171-9542-86,17679542,normal,0.0022301911376416683,5.5754776e-05,0.0,0,0,0,0,0
8399599-3375-79,68033375,normal,0.002229950623586774,5.5748766e-05,0.0,0,0,0,0,0
1487549-1274-87,12801274,normal,0.0022296784445643425,5.5741963e-05,0.0,0,0,0,1,0
3276164-0257-83,60630257,normal,0.0022263554856181145,5.565889e-05,0.0,0,0,0,2,0
6687359-9108-81,75559108,normal,0.00222474685870111,5.561867e-05,0.0,0,0,0,1,0
3869583-5947-84,10045947,normal,0.0022236460354179144,5.559115e-05,0.0,0,0,0,1,1
4989864-1981-80,29051981,normal,0.0022234423086047173,5.5586057e-05,0.0,0,0,0,0,0
1160899-3538-77,48973538,normal,0.002223402028903365,5.558505e-05,0.0,0,0,0,0,0
6899517-2112-80,85582112,normal,0.0022223209962248802,5.5558026e-05,0.0,0,0,0,1,0
4879130-0287-77,27030287,normal,0.0022202981635928154,5.550745e-05,0.0,0,0,0,1,0
3164931-7724-77,73967724,normal,0.002216978231444955,5.5424458e-05,0.0,0,0,0,1,0
6168519-3826-83,10153826,normal,0.0022168029099702835,5.542007e-05,0.0,0,0,0,0,0
9308492-0967-90,42340967,normal,0.0022163507528603077,5.5408767e-05,0.0,0,0,0,1,0
6138523-0911-75,15830911,normal,0.0022160292137414217,5.540073e-05,0.0,0,0,0,0,0
9995602-0967-88,42340967,normal,0.002215680666267872,5.5392018e-05,0.0,0,0,0,0,0
762087-1885-78,24671885,normal,0.0022154569160193205,5.5386423e-05,0.0,0,0,0,1,0
5144858-7724-83,73967724,normal,0.0022154569160193205,5.5386423e-05,0.0,0,0,0,1,0
7501165-8377-89,90588377,normal,0.002214280189946294,5.5357006e-05,0.0,0,0,0,1,0
922646-1492-85,36481492,normal,0.002214278094470501,5.535695e-05,0.0,0,0,0,0,0
6157779-2112-79,85582112,normal,0.0022137691266834736,5.534423e-05,0.0,0,0,0,1,0
8158611-0357-87,95930357,normal,0.002212749794125557,5.5318746e-05,0.0,0,0,0,1,0
9247161-4040-84,58984040,normal,0.002211519982665777,5.5288e-05,0.0,0,0,0,0,0
539217-7738-83,58497738,normal,0.0022107355762273073,5.526839e-05,0.0,0,0,0,1,0
4949015-8814-83,31498814,normal,0.0022104973904788494,5.5262437e-05,0.0,0,0,0,0,0
4594520-6250-86,87156250,normal,0.002209660829976201,5.524152e-05,0.0,0,0,0,1,0
6302710-0589-73,73030589,normal,0.0022073104046285152,5.518276e-05,0.0,0,0,0,1,0
9535977-5947-91,10045947,normal,0.0022065252996981144,5.5163135e-05,0.0,0,0,0,1,0
2254330-4040-79,58984040,normal,0.0022060899063944817,5.515225e-05,0.0,0,0,0,0,0
3772949-8814-92,31498814,normal,0.0022048659157007933,5.5121647e-05,0.0,0,0,0,1,0
135567-2961-87,78922961,normal,0.002204668242484331,5.5116703e-05,0.0,0,0,0,0,0
6210257-0357-85,95930357,normal,0.002203968120738864,5.5099204e-05,0.0,0,0,0,1,0
250436-0357-82,95930357,normal,0.002203646581619978,5.5091165e-05,0.0,0,0,0,2,0
8723162-9506-75,20109506,normal,0.0022011662367731333,5.5029155e-05,0.0,0,0,0,1,0
354451-0282-72,64010282,normal,0.002200538758188486,5.501347e-05,0.0,0,0,0,1,0
862214-4550-70,42954550,normal,0.0021999343298375607,5.4998356e-05,0.0,0,0,0,0,0
4710551-2798-83,37632798,normal,0.002198770409449935,5.496926e-05,0.0,0,0,0,0,0
2703866-2130-73,73322130,normal,0.002197778783738613,5.494447e-05,0.0,0,0,0,1,0
8808103-5122-83,84015122,normal,0.002197527326643467,5.493818e-05,0.0,0,0,0,0,0
8090270-5257-88,60355257,normal,0.002197451889514923,5.4936296e-05,0.0,0,0,0,0,0
7089597-1144-76,99581144,normal,0.0021974476985633373,5.4936194e-05,0.0,0,0,0,0,1
4012775-8688-81,76588688,normal,0.0021970642264932394,5.4926604e-05,0.0,0,0,0,0,0
6581141-6208-77,34756208,normal,0.0021960316225886345,5.4900793e-05,0.0,0,0,0,0,0
367715-7622-87,10437622,normal,0.0021948968060314655,5.487242e-05,0.0,0,0,0,0,0
4779457-6102-75,58536102,normal,0.002194888424128294,5.4872213e-05,0.0,0,0,0,0,0
8284774-5696-87,77065696,normal,0.0021938043646514416,5.484511e-05,0.0,0,0,0,0,0
4596921-0287-92,27030287,normal,0.0021930555813014507,5.4826392e-05,0.0,0,0,0,0,0
8410037-2332-84,27322332,normal,0.0021913060918450356,5.478265e-05,0.0,0,0,0,2,0
5697595-7425-83,18577425,normal,0.0021908211056143045,5.4770528e-05,0.0,0,0,0,0,0
8968957-8814-76,31498814,normal,0.00219075009226799,5.4768752e-05,0.0,0,0,0,2,0
1519691-2130-85,73322130,normal,0.0021874455269426107,5.4686137e-05,0.0,0,0,0,1,0
9485676-6260-89,11176260,normal,0.002187310019508004,5.468275e-05,0.0,0,0,0,0,0
4540124-8814-89,31498814,normal,0.0021870408672839403,5.4676024e-05,0.0,0,0,0,1,0
6128509-6730-95,35396730,normal,0.0021862629801034927,5.4656575e-05,0.0,0,0,0,0,0
7178830-9286-76,83879286,normal,0.0021858750842511654,5.464688e-05,0.0,0,0,0,0,0
9321371-4040-81,58984040,normal,0.0021825572475790977,5.456393e-05,0.0,0,0,0,0,1
2105855-5319-87,29595319,normal,0.0021822054404765368,5.4555134e-05,0.0,0,0,0,0,0
4025728-6510-82,24846510,normal,0.002180426847189665,5.4510674e-05,0.0,0,0,0,2,0
3785318-3734-83,46443734,normal,0.002178838709369302,5.447097e-05,0.0,0,0,0,1,0
6215221-0213-70,32910213,normal,0.002177927177399397,5.4448177e-05,0.0,0,0,0,0,0
4248324-9380-73,18449380,normal,0.0021768182050436735,5.4420456e-05,0.0,0,0,0,0,0
9183406-6054-81,83006054,normal,0.002174797235056758,5.436993e-05,0.0,0,0,0,1,0
4623749-4123-86,20704123,normal,0.0021743783727288246,5.4359458e-05,0.0,0,0,0,0,0
2702511-2311-81,78272311,normal,0.0021740838419646025,5.4352095e-05,0.0,0,0,0,0,0
7364360-2112-87,85582112,normal,0.0021738868672400713,5.4347172e-05,0.0,0,0,0,1,0
4420520-6260-75,11176260,normal,0.002173679880797863,5.4341996e-05,0.0,0,0,0,0,0
2639880-3538-88,48973538,normal,0.002172200009226799,5.4305e-05,0.0,0,0,0,1,0
3780516-4323-80,74584323,normal,0.0021713487803936005,5.4283722e-05,0.0,0,0,0,1,0
7200936-6102-92,58536102,normal,0.002170847961679101,5.4271197e-05,0.0,0,0,0,0,0
2184790-5396-81,95445396,normal,0.0021678421180695295,5.419605e-05,0.0,0,0,0,0,0
9782049-0651-92,43510651,normal,0.0021662116050720215,5.4155287e-05,0.0,0,0,0,0,0
4673794-3329-86,70183329,normal,0.0021652409341186285,5.4131022e-05,0.0,0,0,0,0,0
9322053-6533-82,84346533,normal,0.0021652409341186285,5.4131022e-05,0.0,0,0,0,1,0
961189-2311-91,78272311,normal,0.0021643636282533407,5.410909e-05,0.0,0,0,0,1,0
695040-5867-79,82425867,normal,0.002164148725569248,5.410372e-05,0.0,0,0,0,1,0
7347465-9172-84,76949172,normal,0.0021618553437292576,5.404638e-05,0.0,0,0,0,0,0
5035096-8964-88,22978964,normal,0.0021607400849461555,5.4018503e-05,0.0,0,0,0,1,0
3306217-5696-76,77065696,normal,0.0021598665043711662,5.3996664e-05,0.0,0,0,0,0,0
3411346-2080-82,44102080,normal,0.0021593577694147825,5.3983946e-05,0.0,0,0,0,0,0
1077282-1122-79,15391122,normal,0.0021583717316389084,5.3959295e-05,0.0,0,0,0,1,0
4883283-7626-76,94527626,normal,0.0021582976914942265,5.395744e-05,0.0,0,0,0,0,0
741744-0257-80,60630257,normal,0.002157793380320072,5.3944837e-05,0.0,0,0,0,3,1
7920249-0324-87,48100324,normal,0.0021576022263616323,5.3940053e-05,0.0,0,0,0,1,0
8453176-8467-81,34798467,normal,0.002157480688765645,5.393702e-05,0.0,0,0,0,1,0
889388-8910-79,75168910,normal,0.002157363574951887,5.3934087e-05,0.0,0,0,0,3,1
6779662-9172-78,76949172,normal,0.0021568636875599623,5.392159e-05,0.0,0,0,0,0,0
9099676-1981-89,29051981,normal,0.002154686488211155,5.3867163e-05,0.0,0,0,0,0,0
5557707-6250-77,87156250,normal,0.0021544110495597124,5.3860276e-05,0.0,0,0,0,1,0
5705104-3321-89,57193321,normal,0.002153881127014756,5.3847027e-05,0.0,0,0,0,1,0
5450868-0287-71,27030287,normal,0.0021534620318561792,5.3836553e-05,0.0,0,0,0,1,0
1098840-2112-67,85582112,normal,0.002152998000383377,5.382495e-05,0.0,0,0,0,0,0
6402112-9065-84,27499065,normal,0.002152924193069339,5.3823107e-05,0.0,0,0,0,0,0
4581598-2858-80,94832858,normal,0.0021528052166104317,5.382013e-05,0.0,0,0,0,0,0
6743395-4571-92,33414571,normal,0.0021510710939764977,5.3776777e-05,0.0,0,0,0,1,0
3533229-6968-88,14296968,normal,0.0021503204479813576,5.375801e-05,0.0,0,0,0,0,0
4184052-2041-74,26202041,normal,0.002149278996512294,5.3731976e-05,0.0,0,0,0,1,0
5061764-1923-92,23191923,normal,0.0021485392935574055,5.371348e-05,0.0,0,0,0,1,0
437416-9788-73,32409788,normal,0.002147957216948271,5.3698932e-05,0.0,0,0,0,1,0
5928590-7890-93,51497890,normal,0.002147697377949953,5.3692434e-05,0.0,0,0,0,0,0
4063940-7366-81,18527366,normal,0.00214584032073617,5.364601e-05,0.0,0,0,0,1,0
9555119-1545-83,64011545,normal,0.0021450426429510117,5.3626063e-05,0.0,0,0,0,0,0
2274617-4323-84,74584323,normal,0.0021427362225949764,5.356841e-05,0.0,0,0,0,1,0
7915507-9286-71,83879286,normal,0.0021413229405879974,5.3533073e-05,0.0,0,0,0,1,0
3179868-3105-77,67363105,normal,0.002140610245987773,5.3515258e-05,0.0,0,0,0,1,0
948616-1665-82,52741665,normal,0.002140069380402565,5.3501735e-05,0.0,0,0,0,2,1
1058062-9578-90,44739578,normal,0.002139520598575473,5.3488013e-05,0.0,0,0,0,0,0
5234624-9172-69,76949172,normal,0.0021391960326582193,5.34799e-05,0.0,0,0,0,0,0
7367735-5754-89,94265754,normal,0.0021391347981989384,5.3478372e-05,0.0,0,0,0,1,0
821819-9031-77,66369031,normal,0.0021389820612967014,5.3474552e-05,0.0,0,0,0,0,0
6053369-4571-78,33414571,normal,0.0021386616863310337,5.346654e-05,0.0,0,0,0,2,0
5032965-8990-80,25358990,normal,0.002138241659849882,5.3456042e-05,0.0,0,0,0,2,0
2226962-2798-88,37632798,normal,0.0021377908997237682,5.3444775e-05,0.0,0,0,0,0,0
5237427-8964-72,22978964,normal,0.0021360041573643684,5.34001e-05,0.0,0,0,0,0,0
2025411-4950-69,11324950,normal,0.002135476330295205,5.338691e-05,0.0,0,0,0,0,0
988623-9380-79,18449380,normal,0.0021347496658563614,5.336874e-05,0.0,0,0,0,0,0
2131758-5929-79,90155929,normal,0.0021337256766855717,5.3343145e-05,0.0,0,0,0,1,0
2321563-3734-96,46443734,normal,0.002132850931957364,5.3321273e-05,0.0,0,0,0,1,0
5782646-0491-84,30500491,normal,0.0021299647632986307,5.324912e-05,0.0,0,0,0,0,0
9868411-0213-87,32910213,normal,0.0021297596395015717,5.3243988e-05,0.0,0,0,0,1,0
2368352-9061-78,55149061,normal,0.0021294287871569395,5.323572e-05,0.0,0,0,0,0,0
8765946-1058-79,76311058,normal,0.002128841821104288,5.3221047e-05,0.0,0,0,0,0,0
9357997-7235-85,86187235,normal,0.0021284054964780807,5.3210137e-05,0.0,0,0,0,0,0
1366552-5252-64,55915252,normal,0.002127445535734296,5.318614e-05,0.0,0,0,0,0,0
9184326-7054-82,80787054,normal,0.0021271798759698868,5.3179494e-05,0.0,0,0,0,0,0
7558219-5929-76,90155929,normal,0.0021266646217554808,5.3166616e-05,0.0,0,0,0,1,0
1775768-6729-75,91586729,normal,0.00212631793692708,5.3157946e-05,0.0,0,0,0,1,0
9302294-1665-75,52741665,normal,0.002125020604580641,5.3125514e-05,0.0,0,0,0,1,0
2940424-9410-81,34969410,normal,0.0021235193125903606,5.3087984e-05,0.0,0,0,0,0,0
2431989-7689-69,70937689,normal,0.0021229099947959185,5.3072752e-05,0.0,0,0,0,1,0
8141399-2112-73,85582112,normal,0.0021212142892181873,5.3030355e-05,0.0,0,0,0,2,0
6711926-7738-81,58497738,normal,0.0021202394273132086,5.3005984e-05,0.0,0,0,0,2,0
729773-5580-67,69605580,normal,0.002119471086189151,5.298678e-05,0.0,0,0,0,0,0
1137303-3105-80,67363105,normal,0.002118050819262862,5.295127e-05,0.0,0,0,0,1,0
2333850-6260-69,11176260,normal,0.0021176105365157127,5.2940264e-05,0.0,0,0,0,0,0
8675461-4717-84,86054717,normal,0.0021162801422178745,5.2907002e-05,0.0,0,0,0,1,0
3955045-0967-86,42340967,normal,0.002113944385200739,5.2848613e-05,0.0,0,0,0,0,0
2175084-7304-77,31547304,normal,0.0021131765097379684,5.282941e-05,0.0,0,0,0,2,0
8107877-7626-79,94527626,normal,0.002112108748406172,5.280272e-05,0.0,0,0,0,0,0
1987378-4493-91,53384493,normal,0.002110703382641077,5.2767584e-05,0.0,0,0,0,0,0
3387300-5893-80,63855893,normal,0.0021098079159855843,5.2745196e-05,0.0,0,0,0,1,0
8004431-2210-76,36722210,normal,0.002107055392116308,5.2676383e-05,0.0,0,0,0,0,0
5578123-9230-86,97899230,normal,0.002106876578181982,5.2671912e-05,0.0,0,0,0,0,0
8096620-6510-70,24846510,normal,0.0021052316296845675,5.263079e-05,0.0,0,0,0,2,0
6433045-6510-79,24846510,normal,0.002104173880070448,5.2604348e-05,0.0,0,0,0,0,0
9054612-7366-95,18527366,normal,0.0021040313877165318,5.2600786e-05,0.0,0,0,0,2,0
4413589-0682-71,82890682,normal,0.002102743601426482,5.256859e-05,0.0,0,0,0,0,0
4353549-1665-88,52741665,normal,0.002101606922224164,5.2540174e-05,0.0,0,0,0,1,0
4638591-8964-83,22978964,normal,0.002101294230669737,5.2532356e-05,0.0,0,0,0,0,0
5775916-7724-68,73967724,normal,0.0021011983044445515,5.2529955e-05,0.0,0,0,0,2,0
1967411-0682-90,82890682,normal,0.0021002686116844416,5.2506715e-05,0.0,0,0,0,1,0
2521859-1185-84,52321185,normal,0.002098791068419814,5.2469775e-05,0.0,0,0,0,0,0
7541584-0788-79,22270788,normal,0.0020983144640922546,5.2457865e-05,0.0,0,0,0,1,0
9398261-5732-80,11185732,normal,0.0020948678720742464,5.2371695e-05,0.0,0,0,0,2,0
9552265-4717-80,86054717,normal,0.002094594296067953,5.2364856e-05,0.0,0,0,0,1,0
3524625-4717-87,86054717,normal,0.00209426274523139,5.235657e-05,0.0,0,0,0,2,0
8732198-0491-78,30500491,normal,0.002094052731990814,5.235132e-05,0.0,0,0,0,0,0
2236241-4786-81,68564786,normal,0.0020940110553056,5.235028e-05,0.0,0,0,0,2,0
6034347-5396-90,95445396,normal,0.0020900708623230457,5.225177e-05,0.0,0,0,0,0,0
3221926-6518-84,89116518,normal,0.002088861307129264,5.222153e-05,0.0,0,0,0,2,0
3224833-1144-77,99581144,normal,0.002088407287374139,5.221018e-05,0.0,0,0,0,0,0
3324329-9108-75,75559108,normal,0.0020876843482255936,5.219211e-05,0.0,0,0,0,1,0
892826-6730-89,35396730,normal,0.0020875472109764814,5.218868e-05,0.0,0,0,0,0,0
5251826-8021-81,26998021,normal,0.002086826367303729,5.217066e-05,0.0,0,0,0,0,0
339315-9172-81,76949172,normal,0.00208664545789361,5.216614e-05,0.0,0,0,0,0,0
6522322-1632-82,97381632,normal,0.0020861797966063023,5.2154493e-05,0.0,0,0,0,1,0
7922701-3100-73,38303100,normal,0.002082244260236621,5.2056108e-05,0.0,0,0,0,0,0
9203576-1648-86,44811648,normal,0.0020815159659832716,5.20379e-05,0.0,0,0,0,1,0
2443896-1729-78,77221729,normal,0.0020800037309527397,5.2000094e-05,0.0,0,0,0,0,0
5299552-9788-83,32409788,normal,0.002079902682453394,5.1997566e-05,0.0,0,0,0,1,0
172949-3538-80,48973538,normal,0.0020796251483261585,5.1990628e-05,0.0,0,0,0,0,0
9882663-0788-86,22270788,normal,0.002079519908875227,5.1987998e-05,0.0,0,0,0,0,0
4651916-1648-89,44811648,normal,0.002078661462292075,5.1966537e-05,0.0,0,0,0,1,0
5837618-6424-82,59396424,normal,0.002078312449157238,5.1957813e-05,0.0,0,0,0,1,0
1208262-6518-79,89116518,normal,0.0020782076753675938,5.195519e-05,0.0,0,0,0,2,0
4235652-6838-75,44416838,normal,0.002078096382319927,5.195241e-05,0.0,0,0,0,0,0
8654813-1981-78,29051981,normal,0.002077589277178049,5.1939733e-05,0.0,0,0,0,2,0
8203874-2332-82,27322332,normal,0.002077563665807247,5.193909e-05,0.0,0,0,0,0,0
3968008-5543-80,44445543,normal,0.0020773238502442837,5.1933097e-05,0.0,0,0,0,0,0
3633188-9892-80,75119892,normal,0.0020770265255123377,5.1925665e-05,0.0,0,0,0,0,0
8373626-9559-94,46409559,normal,0.0020769492257386446,5.1923733e-05,0.0,0,0,0,1,0
9506664-7626-78,94527626,normal,0.002074987394735217,5.1874686e-05,0.0,0,0,0,2,0
8145523-6264-83,61156264,normal,0.0020735079888254404,5.1837702e-05,0.0,0,0,0,0,0
5047908-6953-77,84526953,normal,0.0020733834244310856,5.1834584e-05,0.0,0,0,0,2,0
9001774-7890-79,51497890,normal,0.002072428585961461,5.1810715e-05,0.0,0,0,0,0,0
9531011-7464-71,37787464,normal,0.0020720886532217264,5.1802217e-05,0.0,0,0,0,1,0
2680917-6953-88,84526953,normal,0.002072057221084833,5.180143e-05,0.0,0,0,0,1,0
7867729-3444-91,86943444,normal,0.0020711563993245363,5.177891e-05,0.0,0,0,0,1,0
4345103-1072-88,39331072,normal,0.002070826478302479,5.177066e-05,0.0,0,0,0,0,0
2732238-9542-95,17679542,normal,0.0020682411268353462,5.1706025e-05,0.0,0,0,0,2,0
6911141-2961-68,78922961,normal,0.0020680082961916924,5.1700208e-05,0.0,0,0,0,0,0
4285447-1451-83,19911451,normal,0.0020661435555666685,5.165359e-05,0.0,0,0,0,1,0
7858087-6533-91,84346533,normal,0.0020661200396716595,5.1652998e-05,0.0,0,0,0,0,0
8707514-0667-83,65770667,normal,0.0020650741644203663,5.1626852e-05,0.0,0,0,0,0,0
9570721-8718-77,32908718,normal,0.0020644438918679953,5.16111e-05,0.0,0,0,0,0,0
8790661-6838-85,44416838,normal,0.0020641249138861895,5.1603125e-05,0.0,0,0,0,1,0
2046416-5396-82,95445396,normal,0.0020635740365833044,5.158935e-05,0.0,0,0,0,0,0
1587045-5947-82,10045947,normal,0.002062519546598196,5.1562987e-05,0.0,0,0,0,1,0
8149019-9817-86,83289817,normal,0.002062175190076232,5.155438e-05,0.0,0,0,0,0,0
5512325-6518-69,89116518,normal,0.0020619509741663933,5.1548777e-05,0.0,0,0,0,1,0
7686961-4123-77,20704123,normal,0.0020619314163923264,5.1548286e-05,0.0,0,0,0,1,0
2341594-1451-91,19911451,normal,0.0020573646761476994,5.143412e-05,0.0,0,0,0,0,0
7481120-0589-92,73030589,normal,0.00205569202080369,5.13923e-05,0.0,0,0,0,0,0
8219764-1110-81,43571110,normal,0.0020529706962406635,5.132427e-05,0.0,0,0,0,2,0
915294-6250-75,87156250,normal,0.00205284939147532,5.1321236e-05,0.0,0,0,0,2,0
9841319-0967-91,42340967,normal,0.0020525557920336723,5.1313895e-05,0.0,0,0,0,0,0
2449954-7622-79,10437622,normal,0.0020509378518909216,5.1273444e-05,0.0,0,0,0,1,0
5934426-8688-76,76588688,normal,0.0020495299249887466,5.123825e-05,0.0,0,0,0,0,0
4091468-9031-68,66369031,normal,0.0020491175819188356,5.122794e-05,0.0,0,0,0,1,0
5227741-9031-70,66369031,normal,0.0020485217683017254,5.1213043e-05,0.0,0,0,0,0,0
4661241-5947-92,10045947,normal,0.0020483459811657667,5.1208648e-05,0.0,0,0,0,0,0
4327992-1545-85,64011545,normal,0.0020480139646679163,5.120035e-05,0.0,0,0,0,1,0
9131383-1104-82,37941104,normal,0.0020478733349591494,5.1196832e-05,0.0,0,0,0,0,0
5665354-4900-81,93774900,normal,0.0020478437654674053,5.1196097e-05,0.0,0,0,0,0,0
1964516-1175-92,79661175,normal,0.0020471077878028154,5.1177696e-05,0.0,0,0,0,0,0
5066325-2826-76,22222826,normal,0.0020458900835365057,5.1147254e-05,0.0,0,0,0,0,0
2140606-6729-72,91586729,normal,0.002042696811258793,5.1067418e-05,0.0,0,0,0,0,0
6062876-7034-80,68217034,normal,0.0020418670028448105,5.1046678e-05,0.0,0,0,0,0,0
5258265-9215-79,64939215,normal,0.002041787141934037,5.104468e-05,0.0,0,0,0,0,0
275626-4900-78,93774900,normal,0.0020406816620379686,5.1017043e-05,0.0,0,0,0,0,0
1967561-9172-85,76949172,normal,0.002038979670032859,5.097449e-05,0.0,0,0,0,0,0
3193698-8135-89,24968135,normal,0.002035966143012047,5.089915e-05,0.0,0,0,0,0,0
2591685-4932-88,84324932,normal,0.002035834128037095,5.089585e-05,0.0,0,0,0,1,0
660460-0864-78,70500864,normal,0.002035507932305336,5.08877e-05,0.0,0,0,0,1,0
211439-9232-73,26009232,normal,0.0020348362158983946,5.0870905e-05,0.0,0,0,0,1,0
7953337-0324-81,48100324,normal,0.0020334378350526094,5.0835944e-05,0.0,0,0,0,1,0
5250393-9817-92,83289817,normal,0.0020329607650637627,5.082402e-05,0.0,0,0,0,1,0
6476757-8814-88,31498814,normal,0.002031381241977215,5.0784533e-05,0.0,0,0,0,0,0
3984761-7054-83,80787054,normal,0.002030372153967619,5.0759307e-05,0.0,0,0,0,1,0
3500105-8451-85,59358451,normal,0.002030281350016594,5.0757033e-05,0.0,0,0,0,0,0
4816352-8814-81,31498814,normal,0.002028926508501172,5.0723163e-05,0.0,0,0,0,0,0
8506146-1782-84,80051782,normal,0.002028075512498617,5.0701885e-05,0.0,0,0,0,1,0
4536919-7304-70,31547304,normal,0.0020259818993508816,5.0649545e-05,0.0,0,0,0,1,0
5949874-1274-90,12801274,normal,0.002025744179263711,5.0643604e-05,0.0,0,0,0,1,0
3248629-1058-78,76311058,normal,0.0020256899297237396,5.064225e-05,0.0,0,0,0,2,0
9941346-9892-79,75119892,normal,0.0020245295017957687,5.0613235e-05,0.0,0,0,0,0,0
1537965-6903-75,81316903,normal,0.0020239446312189102,5.0598614e-05,0.0,0,0,0,1,0
1832906-4040-83,58984040,normal,0.0020238016732037067,5.0595045e-05,0.0,0,0,0,1,0
3430231-5970-77,76515970,normal,0.00202368781901896,5.0592196e-05,0.0,0,0,0,1,0
4400097-4323-95,74584323,normal,0.00202178000472486,5.0544502e-05,0.0,0,0,0,1,0
9579238-8688-75,76588688,normal,0.002021641470491886,5.0541035e-05,0.0,0,0,0,0,0
1063977-0911-89,15830911,normal,0.0020210302900522947,5.052576e-05,0.0,0,0,0,1,1
5767537-5201-86,66335201,normal,0.0020195969846099615,5.0489925e-05,0.0,0,0,0,1,0
1734024-7304-86,31547304,normal,0.0020183648448437452,5.045912e-05,0.0,0,0,0,1,0
6826514-4040-70,58984040,normal,0.0020179911516606808,5.044978e-05,0.0,0,0,0,0,0
9233424-6518-88,89116518,normal,0.0020179739221930504,5.0449347e-05,0.0,0,0,0,2,0
3436576-5764-89,90495764,normal,0.002017502672970295,5.0437564e-05,0.0,0,0,0,1,0
4564579-6260-88,11176260,normal,0.0020171082578599453,5.0427705e-05,0.0,0,0,0,1,0
7952413-3321-81,57193321,normal,0.0020165005698800087,5.0412513e-05,0.0,0,0,0,0,0
6688742-4786-90,68564786,normal,0.002016042824834585,5.040107e-05,0.0,0,0,0,2,0
521332-0667-71,65770667,normal,0.002015691250562668,5.039228e-05,0.0,0,0,0,0,0
1220675-9172-80,76949172,normal,0.0020152817014604807,5.038204e-05,0.0,0,0,0,0,0
9058061-7550-71,95227550,normal,0.00201494712382555,5.037368e-05,0.0,0,0,0,2,0
3553682-5122-76,84015122,normal,0.0020143957808613777,5.0359897e-05,0.0,0,0,0,0,0
9716774-1648-82,44811648,normal,0.002014338271692395,5.0358456e-05,0.0,0,0,0,0,0
4908046-4550-77,42954550,normal,0.002013773424550891,5.0344337e-05,0.0,0,0,0,1,0
5547251-0240-81,69040240,normal,0.0020124604925513268,5.0311515e-05,0.0,0,0,0,0,0
3856601-7689-78,70937689,normal,0.0020123356953263283,5.0308394e-05,0.0,0,0,0,0,0
3807292-0287-81,27030287,normal,0.0020109121687710285,5.0272807e-05,0.0,0,0,0,1,0
6959017-8910-93,75168910,normal,0.0020094458013772964,5.0236144e-05,0.0,0,0,0,0,0
1655847-0213-79,32910213,normal,0.0020084113348275423,5.0210285e-05,0.0,0,0,0,0,0
3259329-1110-87,43571110,normal,0.002007140079513192,5.01785e-05,0.0,0,0,0,1,0
6495438-6250-82,87156250,normal,0.0020066462457180023,5.0166156e-05,0.0,0,0,0,1,0
1473489-6054-82,83006054,normal,0.0020062271505594254,5.015568e-05,0.0,0,0,0,0,0
2491960-0213-85,32910213,normal,0.0020056399516761303,5.0140996e-05,0.0,0,0,0,0,0
5474170-5122-74,84015122,normal,0.0020043530967086554,5.010883e-05,0.0,0,0,0,2,0
2892825-4786-84,68564786,normal,0.002002056920900941,5.0051425e-05,0.0,0,0,0,2,0
3225289-8964-80,22978964,normal,0.0020011579617857933,5.0028946e-05,0.0,0,0,0,1,0
443473-4950-71,11324950,normal,0.0020011330489069223,5.0028328e-05,0.0,0,0,0,1,0
7611017-3826-75,10153826,normal,0.0020010548178106546,5.002637e-05,0.0,0,0,0,0,0
7156323-6968-87,14296968,normal,0.002000873675569892,5.002184e-05,0.0,0,0,0,0,0
6242819-6208-86,34756208,normal,0.0019966859836131334,4.991715e-05,0.0,0,0,0,1,0
215423-5764-88,90495764,normal,0.001993499230593443,4.983748e-05,0.0,0,0,0,0,0
5360135-4950-88,57174950,normal,0.001993428682908416,4.983572e-05,0.0,0,0,0,1,0
7851036-5867-75,82425867,normal,0.0019928605761379004,4.9821512e-05,0.0,0,0,0,1,0
9644019-0667-85,65770667,normal,0.001992488047108054,4.9812203e-05,0.0,0,0,0,1,0
5268870-7724-80,73967724,normal,0.0019907255191355944,4.9768136e-05,0.0,0,0,0,0,0
9821561-6953-81,84526953,normal,0.0019896533340215683,4.974133e-05,0.0,0,0,0,1,0
7019502-4066-92,61094066,normal,0.001987957628443837,4.969894e-05,0.0,0,0,0,2,0
9288828-6054-87,83006054,normal,0.001987195573747158,4.967989e-05,0.0,0,0,0,0,0
8717485-3321-82,57193321,normal,0.00198633735999465,4.9658433e-05,0.0,0,0,0,0,0
2240425-6968-76,14296968,normal,0.0019854397978633642,4.9635993e-05,0.0,0,0,0,1,0
6628582-7550-85,95227550,normal,0.001983379013836384,4.9584472e-05,0.0,0,0,0,0,0
9009520-9720-89,76159720,normal,0.0019821044988930225,4.9552615e-05,0.0,0,0,0,0,0
5258542-0682-83,82890682,normal,0.001980697037652135,4.9517424e-05,0.0,0,0,0,1,0
6515538-7724-87,27557724,normal,0.0019805477932095528,4.9513692e-05,0.0,0,0,0,1,1
3095700-7622-75,10437622,normal,0.0019780751317739487,4.9451875e-05,0.0,0,0,0,0,0
6263145-1665-84,52741665,normal,0.00197574682533741,4.9393668e-05,0.0,0,0,0,2,0
9376878-1144-86,99581144,normal,0.0019756110850721598,4.9390277e-05,0.0,0,0,0,0,0
6325932-0911-90,15830911,normal,0.001975368009880185,4.93842e-05,0.0,0,0,0,1,0
5931443-8936-89,37428936,normal,0.001973985694348812,4.9349645e-05,0.0,0,0,0,0,0
9880268-4123-85,20704123,normal,0.0019727759063243866,4.93194e-05,0.0,0,0,0,1,0
6424870-9720-84,76159720,normal,0.001969754695892334,4.924387e-05,0.0,0,0,0,0,0
5397913-1545-90,64011545,normal,0.0019667947199195623,4.916987e-05,0.0,0,0,0,1,0
6138577-8135-81,24968135,normal,0.001966749783605337,4.9168746e-05,0.0,0,0,0,0,0
595046-5201-85,66335201,normal,0.001966457348316908,4.9161434e-05,0.0,0,0,0,0,0
3643277-7724-80,27557724,normal,0.0019662491977214813,4.9156228e-05,0.0,0,0,0,1,0
3777094-7464-80,37787464,normal,0.0019662322010844946,4.9155806e-05,0.0,0,0,0,2,0
7285029-8688-72,76588688,normal,0.0019662247505038977,4.9155617e-05,0.0,0,0,0,0,0
4778205-0651-84,43510651,normal,0.00196347595192492,4.90869e-05,0.0,0,0,0,0,0
9411703-3734-82,46443734,normal,0.001962356735020876,4.9058915e-05,0.0,0,0,0,2,0
504181-3734-87,46443734,normal,0.0019589930307120085,4.8974824e-05,0.0,0,0,0,2,0
4250507-1981-90,29051981,normal,0.0019581972155719995,4.895493e-05,0.0,0,0,0,1,0
9573516-8718-75,32908718,normal,0.0019578051287680864,4.8945127e-05,0.0,0,0,0,1,0
4693935-1211-84,30561211,normal,0.0019572917371988297,4.8932296e-05,0.0,0,0,0,1,0
2608181-1866-71,65621866,normal,0.0019570321310311556,4.8925805e-05,0.0,0,0,0,0,0
695089-8451-88,59358451,normal,0.001956022810190916,4.8900572e-05,0.0,0,0,0,0,0
7247676-0491-82,30500491,normal,0.001954322448000312,4.8858063e-05,0.0,0,0,0,0,0
5758075-1211-82,30561211,normal,0.0019532456062734127,4.8831138e-05,0.0,0,0,0,0,0
4933571-9286-78,83879286,normal,0.0019530741265043616,4.8826852e-05,0.0,0,0,0,1,0
5121383-5319-74,29595319,normal,0.001952660852111876,4.881652e-05,0.0,0,0,0,0,0
4217552-1211-90,30561211,normal,0.001951499143615365,4.878748e-05,0.0,0,0,0,1,0
9096232-3321-78,57193321,normal,0.0019514154409989715,4.8785387e-05,0.0,0,0,0,0,0
6839678-8594-79,17528594,normal,0.0019510022830218077,4.877506e-05,0.0,0,0,0,0,0
9585274-9542-88,17679542,normal,0.001948560937307775,4.8714024e-05,0.0,0,0,0,0,0
8292483-2174-87,67292174,normal,0.0019478644244372845,4.869661e-05,0.0,0,0,0,0,0
2105310-9031-66,66369031,normal,0.0019475467270240188,4.8688667e-05,0.0,0,0,0,0,0
4341006-4493-79,53384493,normal,0.0019458667375147343,4.8646667e-05,0.0,0,0,0,0,0
5751705-3100-79,38303100,normal,0.0019455456640571356,4.863864e-05,0.0,0,0,0,1,0
9321554-5122-84,84015122,normal,0.001945317373611033,4.8632934e-05,0.0,0,0,0,1,0
6745438-2080-74,44102080,normal,0.0019446738297119737,4.8616846e-05,0.0,0,0,0,1,0
2518692-7622-81,10437622,normal,0.0019442157354205847,4.8605394e-05,0.0,0,0,0,0,0
5886875-7464-86,37787464,normal,0.00194392295088619,4.8598074e-05,0.0,0,0,0,2,0
9015982-1632-77,97381632,normal,0.0019408628577366471,4.852157e-05,0.0,0,0,0,1,0
498235-9108-88,75559108,normal,0.0019404927734285593,4.851232e-05,0.0,0,0,0,2,0
2389438-7890-88,51497890,normal,0.0019375194096937776,4.8437985e-05,0.0,0,0,0,0,0
9870176-9885-69,93739885,normal,0.0019364628242328763,4.841157e-05,0.0,0,0,0,0,0
5730897-6968-85,14296968,normal,0.0019353404641151428,4.838351e-05,0.0,0,0,0,0,0
7287781-9559-80,46409559,normal,0.001935032196342945,4.8375805e-05,0.0,0,0,0,0,0
4857834-9788-88,32409788,normal,0.001933586085215211,4.833965e-05,0.0,0,0,0,1,0
7456861-4123-69,20704123,normal,0.0019331177463755012,4.8327944e-05,0.0,0,0,0,0,1
2770911-3734-91,46443734,normal,0.001932782121002674,4.8319554e-05,0.0,0,0,0,0,0
7770932-9737-76,26339737,normal,0.0019325647735968232,4.831412e-05,0.0,0,0,0,1,0
400385-4323-91,74584323,normal,0.0019323122687637806,4.8307807e-05,0.0,0,0,0,3,0
4181456-1665-76,52741665,normal,0.0019307004986330867,4.8267513e-05,0.0,0,0,0,1,0
1193653-3163-91,69523163,normal,0.001929649617522955,4.824124e-05,0.0,0,0,0,1,1
2224096-9286-88,83879286,normal,0.0019280987326055765,4.820247e-05,0.0,0,0,0,1,0
4521258-1807-93,20101807,normal,0.0019276998937129974,4.8192498e-05,0.0,0,0,0,1,0
3878521-8723-71,70908723,normal,0.0019272605422884226,4.8181515e-05,0.0,0,0,0,0,0
9794603-1729-73,77221729,normal,0.0019263639114797115,4.8159098e-05,0.0,0,0,0,0,0
266978-8814-75,31498814,normal,0.0019258441170677543,4.8146103e-05,0.0,0,0,0,0,0
6164034-7890-90,51497890,normal,0.0019237772794440389,4.8094433e-05,0.0,0,0,0,1,0
469787-7724-75,73967724,normal,0.0019223890267312527,4.8059726e-05,0.0,0,0,0,0,0
8580607-9380-87,18449380,normal,0.0019219015957787633,4.804754e-05,0.0,0,0,0,0,0
691004-7550-81,95227550,normal,0.0019213021732866764,4.8032554e-05,0.0,0,0,0,2,0
5958273-0967-87,42340967,normal,0.00192059890832752,4.8014972e-05,0.0,0,0,0,0,0
6166254-8718-78,32908718,normal,0.0019196851644665003,4.799213e-05,0.0,0,0,0,0,0
4820360-6838-89,44416838,normal,0.0019189694430679083,4.7974238e-05,0.0,0,0,0,0,0
7219443-0257-84,60630257,normal,0.0019171384628862143,4.792846e-05,0.0,0,0,0,2,0
5097038-3329-84,70183329,normal,0.0019165315898135304,4.791329e-05,0.0,0,0,0,1,0
967604-0240-77,69040240,normal,0.0019165226258337498,4.7913065e-05,0.0,0,0,0,0,0
7958404-9108-80,75559108,normal,0.0019140676595270634,4.7851692e-05,0.0,0,0,0,1,0
359651-6729-92,91586729,normal,0.0019138980424031615,4.784745e-05,0.0,0,0,0,0,0
2212470-3938-72,12183938,normal,0.001913689891807735,4.7842248e-05,0.0,0,0,0,1,0
4115038-5732-81,11185732,normal,0.0019135092152282596,4.783773e-05,0.0,0,0,0,0,0
8949085-9715-81,59829715,normal,0.0019128067651763558,4.782017e-05,0.0,0,0,0,1,0
9666515-4323-85,74584323,normal,0.0019113790476694703,4.7784477e-05,0.0,0,0,0,2,0
5196270-9892-85,75119892,normal,0.0019109470304101706,4.7773676e-05,0.0,0,0,0,0,0
3623900-4442-90,25474442,normal,0.0019101363141089678,4.775341e-05,0.0,0,0,0,0,0
5264148-5696-77,77065696,normal,0.0019088835688307881,4.772209e-05,0.0,0,0,0,1,0
2992387-0838-81,62090838,normal,0.0019080063793808222,4.770016e-05,0.0,0,0,0,0,0
3756537-1175-88,79661175,normal,0.0019069330301135778,4.7673326e-05,0.0,0,0,0,0,0
4893317-4066-88,61094066,normal,0.0019065567757934332,4.7663918e-05,0.0,0,0,0,2,0
3633108-9031-87,66369031,normal,0.0019063748186454177,4.765937e-05,0.0,0,0,0,1,0
9593791-4876-82,56944876,normal,0.0019061893690377474,4.7654736e-05,0.0,0,0,0,0,0
3927351-5970-75,76515970,normal,0.0019049555994570255,4.762389e-05,0.0,0,0,0,1,0
4440570-6729-78,91586729,normal,0.001903217751532793,4.7580445e-05,0.0,0,0,0,2,0
209508-2112-76,85582112,normal,0.0019028567476198077,4.757142e-05,0.0,0,0,0,2,0
6472988-2112-86,85582112,normal,0.001898678601719439,4.7466965e-05,0.0,0,0,0,0,0
2035040-4066-84,61094066,normal,0.0018978549633175135,4.7446374e-05,0.0,0,0,0,1,0
3850465-3444-93,86943444,normal,0.0018961670575663447,4.7404177e-05,0.0,0,0,0,0,0
4419814-3826-77,10153826,normal,0.001895653665997088,4.7391342e-05,0.0,0,0,0,1,0
529256-5732-79,11185732,normal,0.0018926695920526981,4.731674e-05,0.0,0,0,0,1,0
873579-5970-72,76515970,normal,0.0018921751761808991,4.730438e-05,0.0,0,0,0,1,0
8024086-6953-76,84526953,normal,0.00189088168554008,4.7272042e-05,0.0,0,0,0,1,0
4578663-8669-86,11358669,normal,0.001890730345621705,4.726826e-05,0.0,0,0,0,0,0
7447134-8688-73,76588688,normal,0.001890696119517088,4.7267404e-05,0.0,0,0,0,0,0
2519702-0240-89,69040240,normal,0.0018902651499956846,4.7256628e-05,0.0,0,0,0,0,0
7285820-3444-89,86943444,normal,0.0018879862036556005,4.7199654e-05,0.0,0,0,0,0,0
8200602-6871-90,39376871,normal,0.0018879736308008432,4.719934e-05,0.0,0,0,0,0,0
5369937-5396-72,95445396,normal,0.00188770005479455,4.71925e-05,0.0,0,0,0,1,0
9001700-3734-78,46443734,normal,0.0018860517302528024,4.7151294e-05,0.0,0,0,0,3,0
3888960-4974-81,59884974,normal,0.0018844300648197532,4.7110752e-05,0.0,0,0,0,0,0
5249981-7304-83,31547304,normal,0.0018841930432245135,4.7104826e-05,0.0,0,0,0,1,0
7329869-3292-75,75583292,normal,0.0018830092158168554,4.707523e-05,0.0,0,0,0,0,0
6849930-4040-82,58984040,normal,0.0018821295816451311,4.705324e-05,0.0,0,0,0,0,0
9150742-7622-84,10437622,normal,0.0018813273636624217,4.7033183e-05,0.0,0,0,0,1,0
690020-9215-90,64939215,normal,0.0018810189794749022,4.7025474e-05,0.0,0,0,0,2,0
6953880-7366-80,18527366,normal,0.0018802834674715996,4.7007088e-05,0.0,0,0,0,2,1
5197741-7738-90,58497738,normal,0.0018801689147949219,4.700422e-05,0.0,0,0,0,1,0
2624499-5543-79,44445543,normal,0.00187933340203017,4.6983336e-05,0.0,0,0,0,0,1
9739589-2174-83,67292174,normal,0.0018784929998219013,4.6962326e-05,0.0,0,0,0,0,0
5276197-9737-79,26339737,normal,0.0018782279221341014,4.6955698e-05,0.0,0,0,0,0,0
5258024-8377-93,90588377,normal,0.0018779987003654242,4.694997e-05,0.0,0,0,0,0,0
937043-4786-93,68564786,normal,0.0018775761127471924,4.6939404e-05,0.0,0,0,0,1,0
4942526-0667-79,65770667,normal,0.0018765557324513793,4.6913894e-05,0.0,0,0,0,0,0
7810617-9892-74,75119892,normal,0.0018762534018605947,4.6906334e-05,0.0,0,0,0,0,0
2974739-6729-84,91586729,normal,0.0018759815720841289,4.689954e-05,0.0,0,0,0,1,0
256999-1807-94,20101807,normal,0.0018759188242256641,4.689797e-05,0.0,0,0,0,2,0
3556730-9715-87,59829715,normal,0.0018757900688797235,4.689475e-05,0.0,0,0,0,1,0
3236325-8021-83,26998021,normal,0.0018754145130515099,4.688536e-05,0.0,0,0,0,1,0
2999414-7622-85,10437622,normal,0.001874928013421595,4.68732e-05,0.0,0,0,0,0,0
6312121-1729-70,77221729,normal,0.0018742575775831938,4.685644e-05,0.0,0,0,0,1,0
3098565-0838-83,62090838,normal,0.001874145120382309,4.6853627e-05,0.0,0,0,0,0,0
2359400-3444-81,86943444,normal,0.0018735196208581328,4.683799e-05,0.0,0,0,0,1,0
7375775-8377-80,90588377,normal,0.0018714269390329719,4.6785673e-05,0.0,0,0,0,0,0
9535547-5867-78,82425867,normal,0.0018713644240051508,4.678411e-05,0.0,0,0,0,0,0
3466987-2858-71,94832858,normal,0.001870001433417201,4.6750036e-05,0.0,0,0,0,2,0
8212947-6518-75,89116518,normal,0.0018699390348047018,4.6748475e-05,0.0,0,0,0,2,0
9852681-9286-79,83879286,normal,0.001869644969701767,4.6741123e-05,0.0,0,0,0,3,1
2260747-4876-79,56944876,normal,0.001869491534307599,4.673729e-05,0.0,0,0,0,0,0
986519-2961-74,78922961,normal,0.0018685951363295317,4.671488e-05,0.0,0,0,0,1,0
526562-2961-77,78922961,normal,0.0018679036293178797,4.669759e-05,0.0,0,0,0,0,0
7615041-0491-80,30500491,normal,0.0018676668405532837,4.669167e-05,0.0,0,0,0,0,0
104605-4950-79,11324950,normal,0.0018665218958631158,4.6663048e-05,0.0,0,0,0,0,0
7850357-7366-90,18527366,normal,0.0018664916278794408,4.666229e-05,0.0,0,0,0,0,0
7567521-6260-77,11176260,normal,0.0018646556418389082,4.661639e-05,0.0,0,0,0,0,0
2798800-1729-77,77221729,normal,0.0018641614587977529,4.6604036e-05,0.0,0,0,0,1,0
5016515-8990-92,25358990,normal,0.0018628161633387208,4.6570403e-05,0.0,0,0,0,1,0
2954600-3375-76,68033375,normal,0.001862066681496799,4.6551668e-05,0.0,0,0,0,1,0
9860783-9065-78,27499065,normal,0.0018616759916767478,4.65419e-05,0.0,0,0,0,2,0
9954140-7304-73,31547304,normal,0.001861230586655438,4.6530764e-05,0.0,0,0,0,1,0
9304540-4066-73,61094066,normal,0.0018608063692227006,4.652016e-05,0.0,0,0,0,0,0
9684687-5970-68,76515970,normal,0.001860121381469071,4.6503035e-05,0.0,0,0,0,2,0
4361841-7622-72,10437622,normal,0.0018595432629808784,4.648858e-05,0.0,0,0,0,0,0
9462298-6533-87,84346533,normal,0.0018580364994704723,4.6450914e-05,0.0,0,0,0,1,0
5414921-7054-84,80787054,normal,0.0018576805014163256,4.644201e-05,0.0,0,0,0,1,0
1118240-6903-80,81316903,normal,0.0018567913211882114,4.6419784e-05,0.0,0,0,0,2,0
4152417-2041-78,26202041,normal,0.001856279675848782,4.6406993e-05,0.0,0,0,0,0,0
2846209-4974-85,59884974,normal,0.0018560780445113778,4.640195e-05,0.0,0,0,0,0,0
1555737-3444-86,86943444,normal,0.0018549896776676178,4.6374742e-05,0.0,0,0,0,0,1
4837237-0911-70,15830911,normal,0.0018545564962550998,4.636391e-05,0.0,0,0,0,0,0
5803338-9232-90,26009232,normal,0.001853827852755785,4.6345696e-05,0.0,0,0,0,0,0
1177908-1807-80,20101807,normal,0.0018524705665186048,4.6311765e-05,0.0,0,0,0,1,0
6279651-5929-82,90155929,normal,0.001851633540354669,4.629084e-05,0.0,0,0,0,2,0
5212195-9720-90,76159720,normal,0.001851538079790771,4.6288453e-05,0.0,0,0,0,1,0
1574455-4571-82,33414571,normal,0.0018487009219825268,4.6217523e-05,0.0,0,0,0,2,0
8154832-0491-72,30500491,normal,0.0018458260456100106,4.614565e-05,0.0,0,0,0,0,0
4318689-5732-76,11185732,normal,0.0018456289544701576,4.6140725e-05,0.0,0,0,0,0,0
3977271-6903-71,81316903,normal,0.001844833604991436,4.612084e-05,0.0,0,0,0,0,0
8597341-4999-86,26094999,normal,0.001844307640567422,4.6107692e-05,0.0,0,0,0,1,0
8503265-9892-78,75119892,normal,0.0018436235841363668,4.609059e-05,0.0,0,0,0,0,0
8129394-9817-78,83289817,normal,0.0018433879595249891,4.60847e-05,0.0,0,0,0,1,0
8846131-1110-93,43571110,normal,0.0018431349890306592,4.6078374e-05,0.0,0,0,0,2,0
8552215-4950-81,11324950,normal,0.0018418574472889304,4.6046436e-05,0.0,0,0,0,0,0
1185723-7425-72,18577425,normal,0.0018366500735282898,4.591625e-05,0.0,0,0,0,0,0
3018857-3105-85,67363105,normal,0.0018348556477576494,4.587139e-05,0.0,0,0,0,1,0
9395893-3321-70,57193321,normal,0.001834222348406911,4.585556e-05,0.0,0,0,0,2,0
3803056-0788-71,22270788,normal,0.0018327273428440094,4.5818182e-05,0.0,0,0,0,0,0
3178207-0842-78,45740842,normal,0.0018324197735637426,4.5810495e-05,0.0,0,0,0,0,0
3982493-6060-87,22986060,normal,0.0018320126691833138,4.5800316e-05,0.0,0,0,0,0,0
1062286-9230-78,97899230,normal,0.0018308671424165368,4.5771678e-05,0.0,0,0,0,0,0
1344981-5257-74,60355257,normal,0.0018308581784367561,4.5771456e-05,0.0,0,0,0,1,1
6777053-6424-91,59396424,normal,0.0018305003177374601,4.5762506e-05,0.0,0,0,0,0,0
1467811-6424-76,59396424,normal,0.0018276310293003917,4.5690776e-05,0.0,0,0,0,0,0
7744858-7235-68,86187235,normal,0.0018270873697474599,4.5677185e-05,0.0,0,0,0,0,0
9918193-5441-92,49965441,normal,0.0018256348557770252,4.564087e-05,0.0,0,0,0,1,0
6735873-7366-86,18527366,normal,0.0018252605805173516,4.5631514e-05,0.0,0,0,0,2,0
3627099-0967-89,42340967,normal,0.0018245922401547432,4.5614805e-05,0.0,0,0,0,0,0
3951428-9506-79,20109506,normal,0.0018212457653135061,4.5531146e-05,0.0,0,0,0,2,0
7978942-5754-73,94265754,normal,0.001821099896915257,4.5527497e-05,0.0,0,0,0,0,0
5115442-3938-74,12183938,normal,0.0018203082727268338,4.5507706e-05,0.0,0,0,0,0,0
6734239-0257-91,60630257,normal,0.0018201988423243165,4.550497e-05,0.0,0,0,0,2,0
5105677-6730-91,35396730,normal,0.001819440396502614,4.548601e-05,0.0,0,0,0,0,0
8041491-1729-76,77221729,normal,0.0018174253636971116,4.5435634e-05,0.0,0,0,0,0,0
504674-3734-86,46443734,normal,0.001817129086703062,4.5428227e-05,0.0,0,0,0,1,0
3998935-2080-89,44102080,normal,0.0018158263992518187,4.539566e-05,0.0,0,0,0,1,0
9451103-7550-83,95227550,normal,0.0018157276790589094,4.5393193e-05,0.0,0,0,0,1,0
9054790-0213-81,32910213,normal,0.001815199851989746,4.5379995e-05,0.0,0,0,0,0,0
5420706-3105-73,67363105,normal,0.0018141751643270254,4.535438e-05,0.0,0,0,0,0,0
3343299-8525-78,54138525,normal,0.0018129731761291623,4.532433e-05,0.0,0,0,0,1,0
8440994-3826-72,10153826,normal,0.0018128540832549334,4.532135e-05,0.0,0,0,0,0,0
187197-0864-87,70500864,normal,0.001812807284295559,4.5320183e-05,0.0,0,0,0,1,0
5216113-9108-74,75559108,normal,0.0018122869078069925,4.5307173e-05,0.0,0,0,0,2,0
1888599-6533-80,84346533,normal,0.0018097655847668648,4.5244138e-05,0.0,0,0,0,0,0
6286837-9286-77,83879286,normal,0.001809292589314282,4.5232315e-05,0.0,0,0,0,2,0
9354510-8525-95,54138525,normal,0.0018091392703354359,4.522848e-05,0.0,0,0,0,0,0
8721879-1563-78,88461563,normal,0.0018078472930938005,4.5196182e-05,0.0,0,0,0,2,0
8090066-1104-88,37941104,normal,0.0018077180720865726,4.519295e-05,0.0,0,0,0,1,0
9120566-1122-85,15391122,normal,0.0018074283143505454,4.518571e-05,0.0,0,0,0,0,0
8402168-6729-83,91586729,normal,0.0018071888480335474,4.517972e-05,0.0,0,0,0,1,0
9090555-8135-80,24968135,normal,0.001807171618565917,4.517929e-05,0.0,0,0,0,0,0
9787427-3105-75,67363105,normal,0.0018070752266794443,4.517688e-05,0.0,0,0,0,2,0
7594911-4323-90,74584323,normal,0.0018067287746816874,4.516822e-05,0.0,0,0,0,2,0
768511-9542-77,17679542,normal,0.0018067287746816874,4.516822e-05,0.0,0,0,0,1,0
2037076-3329-82,70183329,normal,0.0018061965238302946,4.5154913e-05,0.0,0,0,0,1,0
646115-4876-89,56944876,normal,0.0018056815024465322,4.514204e-05,0.0,0,0,0,2,0
3386466-2312-92,28402312,normal,0.0018050428479909897,4.512607e-05,0.0,0,0,0,1,0
9766311-5252-81,55915252,normal,0.0018041942967101932,4.5104858e-05,0.0,0,0,0,1,0
5697856-1144-78,99581144,normal,0.0018039071001112461,4.5097677e-05,0.0,0,0,0,0,0
7071037-1122-86,15391122,normal,0.001803091843612492,4.5077297e-05,0.0,0,0,0,2,0
9873538-0491-81,30500491,normal,0.0018017408438026905,4.5043522e-05,0.0,0,0,0,0,0
6449147-5696-90,77065696,normal,0.0018007790204137564,4.5019475e-05,0.0,0,0,0,0,0
328137-2311-90,78272311,normal,0.0018007017206400633,4.5017543e-05,0.0,0,0,0,0,0
9726532-4154-88,34034154,normal,0.0018004887970164418,4.501222e-05,0.0,0,0,0,0,1
7472683-7387-84,64077387,normal,0.0018004081211984158,4.50102e-05,0.0,0,0,0,2,0
8536363-6919-83,76106919,normal,0.0018000372219830751,4.5000932e-05,0.0,0,0,0,0,0
1472615-4066-81,61094066,normal,0.0017997713293880224,4.499428e-05,0.0,0,0,0,1,0
8327710-5122-89,84015122,normal,0.0017997385002672672,4.4993463e-05,0.0,0,0,0,0,0
5748529-9506-66,20109506,normal,0.0017994245281443,4.4985612e-05,0.0,0,0,0,0,0
5112382-1211-85,30561211,normal,0.0017991876229643822,4.497969e-05,0.0,0,0,0,0,0
6159401-4493-89,53384493,normal,0.0017991121858358383,4.4977805e-05,0.0,0,0,0,1,0
5669608-2210-78,36722210,normal,0.0017985993763431907,4.4964985e-05,0.0,0,0,0,1,0
1427591-7235-82,86187235,normal,0.0017970527987927198,4.492632e-05,0.0,0,0,0,0,0
9665261-2130-87,73322130,normal,0.0017967341700568795,4.4918354e-05,0.0,0,0,0,1,0
5941702-4484-91,95874484,normal,0.0017955489456653595,4.4888722e-05,0.0,0,0,0,0,1
2028772-8723-79,70908723,normal,0.0017949154134839773,4.4872886e-05,0.0,0,0,0,1,0
8306819-0287-86,27030287,normal,0.001794869196601212,4.487173e-05,0.0,0,0,0,0,0
7781225-9542-96,17679542,normal,0.001793746603652835,4.4843666e-05,0.0,0,0,0,1,0
7628274-5319-78,29595319,normal,0.0017926932778209448,4.481733e-05,0.0,0,0,0,0,0
3549158-9380-76,18449380,normal,0.0017924043349921703,4.481011e-05,0.0,0,0,0,1,0
5167743-5122-85,84015122,normal,0.0017913483316078782,4.478371e-05,0.0,0,0,0,0,0
5856601-0864-74,70500864,normal,0.0017886478453874588,4.4716195e-05,0.0,0,0,0,2,0
2510613-0213-88,32910213,normal,0.001787904417142272,4.4697612e-05,0.0,0,0,0,0,0
3993838-1545-73,64011545,normal,0.0017863160464912653,4.46579e-05,0.0,0,0,0,0,0
8400268-9737-75,26339737,normal,0.0017859326908364892,4.4648317e-05,0.0,0,0,0,1,0
1876795-8723-70,70908723,normal,0.0017836400074884295,4.4591e-05,0.0,0,0,0,1,0
6821859-4550-72,42954550,normal,0.0017834429163485765,4.458607e-05,0.0,0,0,0,1,0
6710456-9892-86,75119892,normal,0.001783051760867238,4.4576293e-05,0.0,0,0,0,0,0
1486567-3292-70,75583292,normal,0.0017825483810156584,4.456371e-05,0.0,0,0,0,0,0
1885155-1782-74,80051782,normal,0.0017815644387155771,4.4539112e-05,0.0,0,0,0,1,0
6991201-2180-88,94762180,normal,0.0017808460397645831,4.452115e-05,0.0,0,0,0,1,0
1759890-7178-68,66657178,normal,0.001780185615643859,4.450464e-05,0.0,0,0,0,1,0
4893294-8964-86,22978964,normal,0.0017794250743463635,4.4485627e-05,0.0,0,0,0,2,0
8696592-1492-65,36481492,normal,0.0017784666270017624,4.4461667e-05,0.0,0,0,0,0,0
8964231-3938-78,12183938,normal,0.0017784122610464692,4.4460307e-05,0.0,0,0,0,2,0
5215439-3938-86,12183938,normal,0.0017775746528059244,4.4439366e-05,0.0,0,0,0,2,0
2198511-4950-70,57174950,normal,0.0017762107308954,4.4405268e-05,0.0,0,0,0,0,0
3823774-7054-92,80787054,normal,0.0017758212052285671,4.439553e-05,0.0,0,0,0,1,0
8600066-2826-78,22222826,normal,0.001775448676198721,4.4386215e-05,0.0,0,0,0,0,0
8569118-8688-78,76588688,normal,0.001775347045622766,4.4383676e-05,0.0,0,0,0,0,0
4165455-4575-92,91674575,normal,0.0017751134000718594,4.4377834e-05,0.0,0,0,0,0,1
7053276-6260-78,11176260,normal,0.001773286028765142,4.433215e-05,0.0,0,0,0,0,0
5934302-1866-83,65621866,normal,0.0017721415497362614,4.430354e-05,0.0,0,0,0,0,0
2562166-7472-85,49677472,normal,0.0017716143047437072,4.429036e-05,0.0,0,0,0,0,0
6973276-2826-84,22222826,normal,0.0017716143047437072,4.429036e-05,0.0,0,0,0,0,0
7650662-5764-77,90495764,normal,0.001770857721567154,4.4271444e-05,0.0,0,0,0,0,0
9230482-4932-72,84324932,normal,0.0017698818119242787,4.4247045e-05,0.0,0,0,0,1,0
2910075-9788-89,32409788,normal,0.0017696793656796217,4.4241984e-05,0.0,0,0,0,1,0
8033514-5893-88,63855893,normal,0.001769044902175665,4.4226123e-05,0.0,0,0,0,0,0
5258507-7724-90,27557724,normal,0.001766623929142952,4.4165598e-05,0.0,0,0,0,1,0
2462500-4218-67,66254218,normal,0.0017662112368270755,4.415528e-05,0.0,0,0,0,1,0
5395404-4786-91,68564786,normal,0.0017658979631960392,4.4147448e-05,0.0,0,0,0,0,0
5194597-0911-78,15830911,normal,0.0017641542945057154,4.4103857e-05,0.0,0,0,0,2,0
1601351-0240-90,69040240,normal,0.0017636764096096158,4.409191e-05,0.0,0,0,0,2,0
5661711-2903-73,19152903,normal,0.0017636665143072605,4.4091663e-05,0.0,0,0,0,0,0
6221525-6264-88,61156264,normal,0.001763567328453064,4.408918e-05,0.0,0,0,0,0,1
1338615-0667-72,65770667,normal,0.0017634847899898887,4.408712e-05,0.0,0,0,0,0,0
7633397-7387-74,64077387,normal,0.0017612713854759932,4.4031785e-05,0.0,0,0,0,0,0
450193-5893-89,63855893,normal,0.0017609908245503902,4.402477e-05,0.0,0,0,0,1,0
2208804-6919-86,76106919,normal,0.0017609522910788655,4.4023807e-05,0.0,0,0,0,0,0
3549085-2041-81,26202041,normal,0.00176090351305902,4.402259e-05,0.0,0,0,0,0,0
1371139-7286-72,55537286,normal,0.0017603780142962933,4.400945e-05,0.0,0,0,0,0,0
1651564-0667-80,65770667,normal,0.0017588359769433737,4.39709e-05,0.0,0,0,0,0,1
8015683-7464-84,37787464,normal,0.0017587201436981559,4.3968004e-05,0.0,0,0,0,0,0
2042117-7304-67,31547304,normal,0.0017571563366800547,4.3928907e-05,0.0,0,0,0,1,0
390072-6250-76,87156250,normal,0.0017569316551089287,4.392329e-05,0.0,0,0,0,1,0
7203166-3321-91,57193321,normal,0.0017567859031260014,4.391965e-05,0.0,0,0,0,0,0
2404175-8723-88,70908723,normal,0.0017567556351423264,4.391889e-05,0.0,0,0,0,0,0
5187800-5396-75,95445396,normal,0.001756667043082416,4.3916676e-05,0.0,0,0,0,0,0
4369745-9720-80,76159720,normal,0.0017562129069119692,4.3905322e-05,0.0,0,0,0,0,0
2952311-7387-94,64077387,normal,0.0017555650556460023,4.3889126e-05,0.0,0,0,0,1,0
5225399-3105-87,67363105,normal,0.0017553658690303564,4.3884145e-05,0.0,0,0,0,2,0
1147058-1866-78,65621866,normal,0.0017552335048094392,4.388084e-05,0.0,0,0,0,0,0
4133685-7387-91,64077387,normal,0.0017551581840962172,4.3878954e-05,0.0,0,0,0,0,0
4701851-2174-85,67292174,normal,0.0017544954316690564,4.3862387e-05,0.0,0,0,0,0,0
4604114-9410-82,34969410,normal,0.0017530604964122176,4.3826512e-05,0.0,0,0,0,0,0
3956307-0324-92,48100324,normal,0.00175298354588449,4.3824588e-05,0.0,0,0,0,2,0
441830-1072-90,39331072,normal,0.001751882373355329,4.379706e-05,0.0,0,0,0,0,0
7577234-3100-80,38303100,normal,0.0017516100779175758,4.3790253e-05,0.0,0,0,0,2,0
9800027-2112-81,85582112,normal,0.0017508585005998611,4.3771463e-05,0.0,0,0,0,2,0
5190723-7178-89,66657178,normal,0.001750124036334455,4.37531e-05,0.0,0,0,0,0,0
8008881-5696-88,77065696,normal,0.0017499254317954183,4.3748136e-05,0.0,0,0,0,0,0
3392223-3163-80,69523163,normal,0.0017497302033007145,4.3743254e-05,0.0,0,0,0,0,0
929254-1563-82,88461563,normal,0.0017497169319540262,4.3742923e-05,0.0,0,0,0,2,0
4335071-3444-95,86943444,normal,0.0017493597697466612,4.3733995e-05,0.0,0,0,0,0,0
4210443-5252-75,55915252,normal,0.0017493264749646187,4.3733162e-05,0.0,0,0,0,2,0
1955550-7034-70,68217034,normal,0.0017493164632469416,4.373291e-05,0.0,0,0,0,0,0
4277867-5580-78,69605580,normal,0.0017488776938989758,4.3721942e-05,0.0,0,0,0,0,0
5782079-9506-87,20109506,normal,0.001748500857502222,4.371252e-05,0.0,0,0,0,1,0
9160304-6968-86,14296968,normal,0.0017473673215135932,4.3684184e-05,0.0,0,0,0,1,0
8691921-4717-75,86054717,normal,0.0017471291357651353,4.367823e-05,0.0,0,0,0,1,0
8920327-1211-78,30561211,normal,0.0017434224719181657,4.358556e-05,0.0,0,0,0,0,0
3096155-7034-72,68217034,normal,0.0017427526181563735,4.3568816e-05,0.0,0,0,0,0,0
3089138-3375-83,68033375,normal,0.0017406913684681058,4.3517284e-05,0.0,0,0,0,0,0
8328130-1866-82,65621866,normal,0.0017392047448083758,4.348012e-05,0.0,0,0,0,0,1
9467272-6953-80,84526953,normal,0.0017378717893734574,4.3446795e-05,0.0,0,0,0,2,0
3747539-5970-79,76515970,normal,0.00173750554677099,4.3437638e-05,0.0,0,0,0,0,0
6508210-6102-83,58536102,normal,0.0017364122904837132,4.3410306e-05,0.0,0,0,0,0,0
3638243-7304-82,31547304,normal,0.0017357997130602598,4.3394994e-05,0.0,0,0,0,3,0
6698927-0651-93,43510651,normal,0.0017355962190777063,4.3389904e-05,0.0,0,0,0,0,0
7598478-4717-71,86054717,normal,0.001735539874061942,4.3388496e-05,0.0,0,0,0,1,0
2108626-6838-87,44416838,normal,0.00173433858435601,4.3358465e-05,0.0,0,0,0,1,0
7821377-3105-78,67363105,normal,0.0017342644277960062,4.335661e-05,0.0,0,0,0,1,0
5140343-4218-82,66254218,normal,0.0017328258836641908,4.3320648e-05,0.0,0,0,0,0,0
248111-4066-86,61094066,normal,0.0017323847860097885,4.330962e-05,0.0,0,0,0,2,0
4070947-1451-70,19911451,normal,0.0017320032930001616,4.3300082e-05,0.0,0,0,0,1,0
8745791-7550-86,95227550,normal,0.0017313130665570498,4.3282827e-05,0.0,0,0,0,1,0
5957083-6953-92,84526953,normal,0.0017311363480985165,4.3278407e-05,0.0,0,0,0,1,0
1584874-5929-75,90155929,normal,0.001730873715132475,4.3271844e-05,0.0,0,0,0,1,0
9878594-4578-89,68904578,normal,0.0017297979211434722,4.324495e-05,0.0,0,0,0,0,0
7619500-7235-84,86187235,normal,0.0017285794019699097,4.3214484e-05,0.0,0,0,0,1,0
5030144-6102-80,58536102,normal,0.0017284639179706573,4.32116e-05,0.0,0,0,0,1,0
398568-5580-89,69605580,normal,0.0017276202561333776,4.3190506e-05,0.0,0,0,0,0,0
5466401-0667-68,65770667,normal,0.0017271984834223986,4.3179964e-05,0.0,0,0,0,0,0
1460967-4218-77,66254218,normal,0.001726200571283698,4.3155014e-05,0.0,0,0,0,2,0
6755701-6871-74,39376871,normal,0.0017257134895771742,4.3142838e-05,0.0,0,0,0,1,0
2357950-7626-74,94527626,normal,0.001724997884593904,4.3124946e-05,0.0,0,0,0,0,0
1307055-6533-84,84346533,normal,0.0017248332733288407,4.3120832e-05,0.0,0,0,0,0,0
8156709-9697-87,52669697,normal,0.0017244582995772362,4.3111457e-05,0.0,0,0,0,1,0
2305230-8814-90,31498814,normal,0.0017242066096514463,4.3105167e-05,0.0,0,0,0,1,0
6067538-4040-76,58984040,normal,0.0017242049798369408,4.3105123e-05,0.0,0,0,0,0,0
6385286-0838-75,62090838,normal,0.0017237727297469974,4.309432e-05,0.0,0,0,0,1,0
4556455-5257-85,60355257,normal,0.0017235655104741454,4.3089138e-05,0.0,0,0,0,0,1
9787668-0240-70,69040240,normal,0.0017234422266483307,4.3086056e-05,0.0,0,0,0,1,0
890628-0491-86,30500491,normal,0.0017233634134754539,4.3084085e-05,0.0,0,0,0,0,0
700286-5947-86,10045947,normal,0.0017228523502126336,4.3071308e-05,0.0,0,0,0,0,0
1049806-6250-83,87156250,normal,0.0017226880881935358,4.30672e-05,0.0,0,0,0,0,0
6799095-9542-85,17679542,normal,0.0017217175336554646,4.304294e-05,0.0,0,0,0,2,0
9616693-5970-85,76515970,normal,0.001721482491120696,4.3037064e-05,0.0,0,0,0,1,0
2315553-8594-72,17528594,normal,0.0017197991255670786,4.299498e-05,0.0,0,0,0,2,0
9360011-2080-87,44102080,normal,0.001719666295684874,4.2991658e-05,0.0,0,0,0,2,0
901739-4366-84,76114366,normal,0.0017186007462441921,4.2965017e-05,0.0,0,0,0,1,0
2545863-6054-76,83006054,normal,0.001717326114885509,4.2933152e-05,0.0,0,0,0,0,0
5850072-7387-89,64077387,normal,0.0017170901410281658,4.2927255e-05,0.0,0,0,0,0,0
5289344-1866-85,65621866,normal,0.0017168117919936776,4.2920296e-05,0.0,0,0,0,1,0
6382999-8492-70,98228492,normal,0.0017104125581681728,4.2760315e-05,0.0,0,0,0,1,0
4424837-0491-88,30500491,normal,0.0017096706433221698,4.2741765e-05,0.0,0,0,0,0,0
3911645-9061-79,55149061,normal,0.001709057716652751,4.2726442e-05,0.0,0,0,0,1,0
9148361-1058-89,76311058,normal,0.0017048872541636229,4.262218e-05,0.0,0,0,0,1,0
1612838-7622-77,10437622,normal,0.0017044758424162865,4.2611897e-05,0.0,0,0,0,0,0
5671047-5319-83,29595319,normal,0.0017037007492035627,4.2592517e-05,0.0,0,0,0,0,0
163699-4786-86,68564786,normal,0.0017023786203935742,4.2559466e-05,0.0,0,0,0,2,0
5039350-8990-83,25358990,normal,0.0017000052612274885,4.250013e-05,0.0,0,0,0,2,0
2797347-7034-75,68217034,normal,0.0016997589264065027,4.249397e-05,0.0,0,0,0,2,0
9799156-6953-84,84526953,normal,0.0016989728901535273,4.2474323e-05,0.0,0,0,0,1,0
9798069-1451-86,19911451,normal,0.0016978310886770487,4.2445776e-05,0.0,0,0,0,0,0
4743224-1665-90,52741665,normal,0.0016970071010291576,4.2425178e-05,0.0,0,0,0,2,0
3532741-3321-85,57193321,normal,0.001696746563538909,4.2418666e-05,0.0,0,0,0,1,0
2897656-0651-90,43510651,normal,0.0016950758872553706,4.2376898e-05,0.0,0,0,0,0,0
4270442-1492-86,36481492,normal,0.0016947946278378367,4.2369866e-05,0.0,0,0,0,0,0
6680732-5732-82,11185732,normal,0.001694033620879054,4.235084e-05,0.0,0,0,0,0,0
6053626-7425-86,18577425,normal,0.0016916572349146008,4.229143e-05,0.0,0,0,0,0,0
2696332-2180-84,94762180,normal,0.0016914636362344027,4.2286592e-05,0.0,0,0,0,0,0
4896748-4950-78,57174950,normal,0.0016884499927982688,4.221125e-05,0.0,0,0,0,0,0
7567253-6919-89,76106919,normal,0.0016881795600056648,4.220449e-05,0.0,0,0,0,0,0
5525123-8132-69,36468132,normal,0.0016867425292730331,4.216856e-05,0.0,0,0,0,0,0
3465657-0651-89,43510651,normal,0.0016860751202329993,4.2151878e-05,0.0,0,0,0,1,0
503317-0667-66,65770667,normal,0.0016854850109666586,4.2137126e-05,0.0,0,0,0,1,0
1370985-5732-91,11185732,normal,0.0016852632397785783,4.213158e-05,0.0,0,0,0,1,0
6763314-6967-77,65756967,normal,0.0016850398387759924,4.2125997e-05,0.0,0,0,0,0,1
680534-0667-69,65770667,normal,0.0016839844174683094,4.209961e-05,0.0,0,0,0,1,0
2139230-4974-87,59884974,normal,0.0016829506494104862,4.2073767e-05,0.0,0,0,0,0,0
2166610-8669-70,11358669,normal,0.0016820809105411172,4.2052023e-05,0.0,0,0,0,0,0
9807536-6510-88,24846510,normal,0.001680564135313034,4.2014104e-05,0.0,0,0,0,2,0
3399650-7034-78,68217034,normal,0.0016801779856905341,4.200445e-05,0.0,0,0,0,0,0
7108379-9697-92,52669697,normal,0.001680149114690721,4.200373e-05,0.0,0,0,0,0,0
8617292-0257-85,60630257,normal,0.001680115470662713,4.200289e-05,0.0,0,0,0,2,0
6097518-6102-81,58536102,normal,0.0016799920704215765,4.1999803e-05,0.0,0,0,0,1,0
5764720-8132-84,36468132,normal,0.0016797037096694112,4.1992593e-05,0.0,0,0,0,0,0
8208428-3292-89,75583292,normal,0.001679090317338705,4.197726e-05,0.0,0,0,0,0,0
6412320-6953-85,84526953,normal,0.0016775443218648434,4.193861e-05,0.0,0,0,0,1,0
3787493-7464-88,37787464,normal,0.0016766838962212205,4.1917097e-05,0.0,0,0,0,1,0
6601571-3826-85,10153826,normal,0.0016748940106481314,4.187235e-05,0.0,0,0,0,0,0
8208799-4493-92,53384493,normal,0.001674571423791349,4.1864285e-05,0.0,0,0,0,0,0
4788339-6250-84,87156250,normal,0.0016736933030188084,4.1842333e-05,0.0,0,0,0,2,0
3809210-6967-88,65756967,normal,0.0016717839753255248,4.17946e-05,0.0,0,0,0,0,0
5904802-9885-68,93739885,normal,0.0016703496221452951,4.175874e-05,0.0,0,0,0,0,0
8804128-7622-82,10437622,normal,0.0016692652134224772,4.173163e-05,0.0,0,0,0,0,0
1692275-0967-85,42340967,normal,0.0016666216542944312,4.1665542e-05,0.0,0,0,0,0,1
2764736-0589-81,73030589,normal,0.0016662704292684793,4.165676e-05,0.0,0,0,0,2,0
655974-6260-86,11176260,normal,0.0016659495886415243,4.164874e-05,0.0,0,0,0,1,0
7326983-4571-89,33414571,normal,0.0016653792699798942,4.163448e-05,0.0,0,0,0,1,0
8476953-7724-89,73967724,normal,0.0016652758931741118,4.1631898e-05,0.0,0,0,0,2,0
6867921-0864-80,70500864,normal,0.0016611949540674686,4.1529875e-05,0.0,0,0,0,1,0
929639-0287-83,27030287,normal,0.001660881214775145,4.152203e-05,0.0,0,0,0,0,0
3516919-2826-71,22222826,normal,0.0016596922650933266,4.1492305e-05,0.0,0,0,0,0,0
9690120-2312-87,28402312,normal,0.0016571048181504011,4.1427622e-05,0.0,0,0,0,1,0
8044228-8451-83,59358451,normal,0.0016567209968343377,4.1418025e-05,0.0,0,0,0,0,0
5833713-1122-87,15391122,normal,0.0016562769887968898,4.1406925e-05,0.0,0,0,0,0,0
723993-1058-88,76311058,normal,0.001655575935728848,4.1389398e-05,0.0,0,0,0,1,0
7969833-1122-72,15391122,normal,0.0016546999104321003,4.1367497e-05,0.0,0,0,0,1,0
4300378-8451-87,59358451,normal,0.0016541003715246916,4.135251e-05,0.0,0,0,0,0,0
4465253-7724-74,27557724,normal,0.0016531777800992131,4.1329444e-05,0.0,0,0,0,1,0
6096152-1923-81,23191923,normal,0.001651332713663578,4.1283318e-05,0.0,0,0,0,0,0
4276217-6871-80,39376871,normal,0.0016509296838194132,4.127324e-05,0.0,0,0,0,1,0
6579876-6264-94,61156264,normal,0.0016497792676091194,4.1244482e-05,0.0,0,0,0,0,0
3804684-2961-84,78922961,normal,0.0016496878815814853,4.1242198e-05,0.0,0,0,0,1,0
561672-7626-86,94527626,normal,0.0016478656325489283,4.119664e-05,0.0,0,0,0,0,0
3629329-6054-92,83006054,normal,0.0016452731797471642,4.113183e-05,0.0,0,0,0,0,0
7795236-8135-82,24968135,normal,0.0016439086757600307,4.1097715e-05,0.0,0,0,0,0,0
7391872-8723-83,70908723,normal,0.0016436829464510083,4.1092073e-05,0.0,0,0,0,0,0
2570641-1807-77,20101807,normal,0.0016421475447714329,4.105369e-05,0.0,0,0,0,1,0
6428546-1058-82,76311058,normal,0.001640724716708064,4.1018116e-05,0.0,0,0,0,1,0
5563707-8718-82,32908718,normal,0.0016393234254792333,4.0983086e-05,0.0,0,0,0,0,0
9011086-1274-77,12801274,normal,0.0016393234254792333,4.0983086e-05,0.0,0,0,0,0,0
7340021-9817-90,83289817,normal,0.001637999783270061,4.0949995e-05,0.0,0,0,0,0,0
1971913-2312-82,28402312,normal,0.0016379810404032469,4.0949526e-05,0.0,0,0,0,1,0
1223070-1110-78,43571110,normal,0.001637087669223547,4.0927192e-05,0.0,0,0,0,1,0
4399329-5178-94,88325178,normal,0.0016365711344406009,4.0914278e-05,0.0,0,0,0,0,0
5575334-3292-81,75583292,normal,0.001635093824006617,4.0877345e-05,0.0,0,0,0,0,0
7484939-8135-87,24968135,normal,0.0016348473727703094,4.0871186e-05,0.0,0,0,0,1,0
7013961-8377-78,90588377,normal,0.0016348350327461958,4.0870877e-05,0.0,0,0,0,1,0
9266099-1185-81,52321185,normal,0.001634083571843803,4.085209e-05,0.0,0,0,0,1,0
5220590-9232-88,26009232,normal,0.0016339574940502644,4.0848936e-05,0.0,0,0,0,0,0
2893284-5543-82,44445543,normal,0.0016295271925628185,4.073818e-05,0.0,0,0,0,1,0
7233830-4442-83,25474442,normal,0.0016275672242045403,4.068918e-05,0.0,0,0,0,0,0
3378031-8525-88,54138525,normal,0.0016267201863229275,4.0668005e-05,0.0,0,0,0,1,0
6789560-4932-82,84324932,normal,0.0016267092432826757,4.066773e-05,0.0,0,0,0,0,0
6600600-0911-82,15830911,normal,0.0016266596503555775,4.066649e-05,0.0,0,0,0,1,0
5139269-3292-78,75583292,normal,0.0016264518490061164,4.0661296e-05,0.0,0,0,0,0,0
8098239-6060-85,22986060,normal,0.0016262346180155873,4.0655865e-05,0.0,0,0,0,0,0
7812612-7054-88,80787054,normal,0.0016250315820798278,4.062579e-05,0.0,0,0,0,2,0
7551070-9506-77,20109506,normal,0.001624704571440816,4.0617615e-05,0.0,0,0,0,1,0
882106-8132-81,36468132,normal,0.001624309690669179,4.060774e-05,0.0,0,0,0,0,0
8735029-2180-83,94762180,normal,0.001623355783522129,4.0583895e-05,0.0,0,0,0,0,1
3497339-0324-88,48100324,normal,0.0016233385540544987,4.0583465e-05,0.0,0,0,0,2,0
1920315-9230-76,97899230,normal,0.001620593247935176,4.051483e-05,0.0,0,0,0,1,0
2969803-7304-78,31547304,normal,0.0016203350387513638,4.0508377e-05,0.0,0,0,0,1,0
3048998-7178-77,66657178,normal,0.0016190392198041081,4.047598e-05,0.0,0,0,0,0,0
8758552-5929-85,90155929,normal,0.0016185607528313994,4.046402e-05,0.0,0,0,0,0,0
5835013-6729-91,91586729,normal,0.0016176302451640368,4.0440755e-05,0.0,0,0,0,1,1
4240716-7738-88,58497738,normal,0.0016173586482182145,4.0433966e-05,0.0,0,0,0,0,0
152486-8525-92,54138525,normal,0.0016171705210581422,4.0429262e-05,0.0,0,0,0,1,0
2914607-0838-88,62090838,normal,0.0016169038135558367,4.0422594e-05,0.0,0,0,0,1,0
6884878-4484-81,95874484,normal,0.0016167450230568647,4.0418625e-05,0.0,0,0,0,0,1
3861683-4950-77,11324950,normal,0.0016161331441253424,4.0403327e-05,0.0,0,0,0,0,0
221507-5732-78,11185732,normal,0.0016152332536876202,4.038083e-05,0.0,0,0,0,0,0
6487922-1885-71,24671885,normal,0.0016149342991411686,4.0373357e-05,0.0,0,0,0,1,0
8179002-1648-77,44811648,normal,0.0016142107779160142,4.035527e-05,0.0,0,0,0,0,0
9514051-3163-86,69523163,normal,0.0016140013467520475,4.0350034e-05,0.0,0,0,0,1,0
5823590-9578-78,44739578,normal,0.0016132766613736749,4.0331917e-05,0.0,0,0,0,0,0
5707681-0589-88,73030589,normal,0.0016129720024764538,4.03243e-05,0.0,0,0,0,1,0
2273613-6518-87,89116518,normal,0.001612901221960783,4.032253e-05,0.0,0,0,0,2,0
9874789-1729-75,77221729,normal,0.0016128751449286938,4.032188e-05,0.0,0,0,0,0,0
6784830-4950-76,57174950,normal,0.0016125983092933893,4.0314957e-05,0.0,0,0,0,1,1
7901181-9737-89,26339737,normal,0.001611948013305664,4.02987e-05,0.0,0,0,0,0,0
4625559-5580-84,69605580,normal,0.0016113100573420525,4.028275e-05,0.0,0,0,0,1,0
127079-9817-83,83289817,normal,0.0016112240264192224,4.02806e-05,0.0,0,0,0,0,0
2551052-0324-76,48100324,normal,0.001611214829608798,4.028037e-05,0.0,0,0,0,1,0
298601-0682-81,82890682,normal,0.0016103223897516727,4.025806e-05,0.0,0,0,0,0,0
4811865-0967-93,42340967,normal,0.0016089745331555605,4.0224364e-05,0.0,0,0,0,0,0
721030-8525-76,54138525,normal,0.0016086279647424817,4.02157e-05,0.0,0,0,0,0,0
5658599-4550-80,42954550,normal,0.0016071099089458585,4.0177747e-05,0.0,0,0,0,1,0
1633094-2174-75,67292174,normal,0.0016061094356700778,4.0152736e-05,0.0,0,0,0,0,0
1693723-9380-88,18449380,normal,0.0016038808971643448,4.0097024e-05,0.0,0,0,0,0,0
9244382-4717-77,86054717,normal,0.001603117911145091,4.0077946e-05,0.0,0,0,0,1,0
3057360-5754-86,94265754,normal,0.0016028288519009948,4.007072e-05,0.0,0,0,0,1,0
7525441-5754-83,94265754,normal,0.0016012537525966763,4.0031344e-05,0.0,0,0,0,0,0
5975168-3100-85,38303100,normal,0.001599672483280301,3.9991814e-05,0.0,0,0,0,2,0
9898978-8525-93,54138525,normal,0.0015980456955730915,3.995114e-05,0.0,0,0,0,0,0
4326993-5257-79,60355257,normal,0.0015979754971340299,3.9949387e-05,0.0,0,0,0,0,0
8858029-5252-70,55915252,normal,0.0015973584959283471,3.9933962e-05,0.0,0,0,0,2,0
6500194-9737-86,26339737,normal,0.0015972245018929243,3.9930612e-05,0.0,0,0,0,0,0
1171286-6060-79,22986060,normal,0.001596371759660542,3.9909293e-05,0.0,0,0,0,0,0
9030727-9578-86,44739578,normal,0.001595393056049943,3.9884828e-05,0.0,0,0,0,1,0
5268147-8814-80,31498814,normal,0.0015939956065267324,3.984989e-05,0.0,0,0,0,0,0
6840618-9232-83,26009232,normal,0.0015935609117150307,3.9839022e-05,0.0,0,0,0,0,1
1454640-2130-78,73322130,normal,0.00159315369091928,3.9828843e-05,0.0,0,0,0,1,0
7195350-5178-88,88325178,normal,0.0015929212095215917,3.982303e-05,0.0,0,0,0,0,0
2204326-0257-78,60630257,normal,0.001592865213751793,3.982163e-05,0.0,0,0,0,0,0
5928406-6264-82,61156264,normal,0.0015921330777928233,3.9803326e-05,0.0,0,0,0,0,0
8621602-1665-91,52741665,normal,0.001591915963217616,3.97979e-05,0.0,0,0,0,0,1
5730717-5893-86,63855893,normal,0.001591152511537075,3.9778814e-05,0.0,0,0,0,0,0
6557589-6838-82,44416838,normal,0.001590873347595334,3.9771832e-05,0.0,0,0,0,0,0
2520771-5396-83,95445396,normal,0.0015901225851848722,3.9753064e-05,0.0,0,0,0,1,0
2350345-8492-89,98228492,normal,0.0015897025587037206,3.9742565e-05,0.0,0,0,0,2,0
5880406-8910-87,75168910,normal,0.001589447958394885,3.97362e-05,0.0,0,0,0,1,0
7413486-1492-80,36481492,normal,0.0015892917290329933,3.9732295e-05,0.0,0,0,0,0,0
9288081-4066-82,61094066,normal,0.0015887554036453366,3.9718885e-05,0.0,0,0,0,0,0
2820493-2210-77,36722210,normal,0.0015884084859862924,3.9710212e-05,0.0,0,0,0,1,0
7783577-2210-90,36722210,normal,0.0015878117410466075,3.9695293e-05,0.0,0,0,0,0,0
1051112-0213-92,32910213,normal,0.0015870941570028663,3.9677354e-05,0.0,0,0,0,2,0
449958-1104-79,37941104,normal,0.00158685352653265,3.9671337e-05,0.0,0,0,0,1,0
4002119-2041-67,26202041,normal,0.0015832892386242747,3.958223e-05,0.0,0,0,0,0,0
689401-5396-84,95445396,normal,0.0015823638532310724,3.9559098e-05,0.0,0,0,0,0,0
3424732-8422-76,38848422,normal,0.0015812913188710809,3.9532282e-05,0.0,0,0,0,0,0
8389752-6102-87,58536102,normal,0.0015804758295416832,3.9511895e-05,0.0,0,0,0,0,0
3321929-1122-78,15391122,normal,0.0015802783891558647,3.950696e-05,0.0,0,0,0,2,0
7635181-6060-74,22986060,normal,0.0015799603424966335,3.949901e-05,0.0,0,0,0,2,0
723941-6510-87,16886510,normal,0.0015794076025485992,3.948519e-05,0.0,0,0,0,0,0
4973302-5122-71,84015122,normal,0.001579252420924604,3.948131e-05,0.0,0,0,0,2,0
6203034-6968-90,14296968,normal,0.001577306305989623,3.9432656e-05,0.0,0,0,0,0,0
3243515-7738-92,58497738,normal,0.001576987444423139,3.9424685e-05,0.0,0,0,0,1,0
9386257-0282-80,64010282,normal,0.0015768911689519882,3.942228e-05,0.0,0,0,0,0,0
5229746-6274-75,19536274,normal,0.0015764280688017607,3.94107e-05,0.0,0,0,0,1,0
9907736-8021-79,26998021,normal,0.0015762688126415014,3.940672e-05,0.0,0,0,0,0,0
5587757-0838-87,62090838,normal,0.0015750410966575146,3.9376027e-05,0.0,0,0,0,1,0
6185825-0659-88,76490659,normal,0.0015737198991701007,3.9343e-05,0.0,0,0,0,0,1
8861352-2210-84,36722210,normal,0.0015731212915852666,3.932803e-05,0.0,0,0,0,0,0
6237748-5386-74,90485386,normal,0.0015730492305010557,3.932623e-05,0.0,0,0,0,1,0
5363549-4717-86,86054717,normal,0.0015729337465018034,3.9323342e-05,0.0,0,0,0,3,0
9797191-6274-78,19536274,normal,0.0015725662233307958,3.9314156e-05,0.0,0,0,0,1,0
1992990-7724-77,27557724,normal,0.0015724522527307272,3.9311308e-05,0.0,0,0,0,0,0
7609775-6968-74,14296968,normal,0.0015720834489911795,3.9302085e-05,0.0,0,0,0,0,0
918432-1981-87,29051981,normal,0.0015708920545876026,3.92723e-05,0.0,0,0,0,1,0
6856087-6260-79,11176260,normal,0.0015708485152572393,3.9271214e-05,0.0,0,0,0,0,0
5264804-1058-76,76311058,normal,0.001569066895172,3.9226674e-05,0.0,0,0,0,1,0
2629098-5970-82,76515970,normal,0.001569045940414071,3.922615e-05,0.0,0,0,0,0,0
4346441-7286-93,55537286,normal,0.001568737905472517,3.921845e-05,0.0,0,0,0,2,0
5527301-5543-86,44445543,normal,0.0015681483782827854,3.920371e-05,0.0,0,0,0,0,0
1973862-6903-81,81316903,normal,0.001567613217048347,3.919033e-05,0.0,0,0,0,1,0
5348901-4218-74,66254218,normal,0.0015671424334868789,3.917856e-05,0.0,0,0,0,0,0
3000908-6274-79,19536274,normal,0.0015668314881622791,3.9170787e-05,0.0,0,0,0,1,0
6143661-5319-82,29595319,normal,0.001566337188705802,3.915843e-05,0.0,0,0,0,0,0
8047020-8723-80,70908723,normal,0.0015662861987948418,3.9157156e-05,0.0,0,0,0,0,0
934231-9737-84,26339737,normal,0.0015653306618332863,3.9133265e-05,0.0,0,0,0,0,0
4119838-7890-77,51497890,normal,0.0015646008541807532,3.911502e-05,0.0,0,0,0,1,0
3021447-1632-93,97381632,normal,0.001563290017656982,3.908225e-05,0.0,0,0,0,1,0
4242230-4123-75,20704123,normal,0.0015622451901435852,3.905613e-05,0.0,0,0,0,0,0
4390237-4154-76,34034154,normal,0.0015608810354024172,3.9022027e-05,0.0,0,0,0,1,0
7129005-8021-87,26998021,normal,0.001560799079015851,3.901998e-05,0.0,0,0,0,1,0
5096468-4572-85,15254572,normal,0.0015599675243720412,3.8999187e-05,0.0,0,0,0,1,0
1910314-5178-77,88325178,normal,0.0015596073353663087,3.8990183e-05,0.0,0,0,0,0,0
7166118-2312-77,28402312,normal,0.001559414085932076,3.8985352e-05,0.0,0,0,0,1,1
3807291-6838-81,44416838,normal,0.0015581981278955936,3.8954953e-05,0.0,0,0,0,0,0
2501322-7689-88,70937689,normal,0.0015569801907986403,3.8924503e-05,0.0,0,0,0,1,0
6923980-1981-79,29051981,normal,0.0015562038170173764,3.8905095e-05,0.0,0,0,0,0,0
4538959-9578-93,44739578,normal,0.0015561027685180306,3.890257e-05,0.0,0,0,0,0,0
6854162-1866-75,65621866,normal,0.0015553017146885395,3.8882543e-05,0.0,0,0,0,0,0
4995341-6510-84,16886510,normal,0.0015552231343463063,3.888058e-05,0.0,0,0,0,1,0
8337640-9215-84,64939215,normal,0.0015540652675554156,3.885163e-05,0.0,0,0,0,0,0
7285014-7890-75,51497890,normal,0.0015528460498899221,3.8821152e-05,0.0,0,0,0,0,0
2496876-6424-90,59396424,normal,0.0015527482610195875,3.8818707e-05,0.0,0,0,0,0,0
7668303-9031-81,66369031,normal,0.0015523929614573717,3.8809823e-05,0.0,0,0,0,0,1
3698873-2041-84,26202041,normal,0.0015521871391683817,3.880468e-05,0.0,0,0,0,0,0
8767402-1923-87,23191923,normal,0.00154920294880867,3.8730075e-05,0.0,0,0,0,0,0
2354643-6060-83,22986060,normal,0.0015487184282392263,3.871796e-05,0.0,0,0,0,0,0
6221371-7286-80,55537286,normal,0.0015471921069547534,3.8679802e-05,0.0,0,0,0,1,0
6083050-1563-69,88461563,normal,0.0015465797623619437,3.8664493e-05,0.0,0,0,0,2,0
8983470-0213-82,32910213,normal,0.0015460210852324963,3.8650527e-05,0.0,0,0,0,0,0
9944656-4578-78,68904578,normal,0.0015453518135473132,3.8633796e-05,0.0,0,0,0,1,0
9107357-0287-87,27030287,normal,0.0015446902252733707,3.8617254e-05,0.0,0,0,0,1,0
3111058-6060-80,22986060,normal,0.0015438655391335487,3.8596638e-05,0.0,0,0,0,0,0
8081557-4040-74,58984040,normal,0.001542476355098188,3.856191e-05,0.0,0,0,0,0,1
943409-5386-86,90485386,normal,0.0015419232659041882,3.854808e-05,0.0,0,0,0,1,0
302493-6510-72,24846510,normal,0.0015418264083564281,3.854566e-05,0.0,0,0,0,0,0
1786194-7689-77,70937689,normal,0.0015408062608912587,3.8520157e-05,0.0,0,0,0,1,0
1786260-5543-84,44445543,normal,0.001540397759526968,3.8509945e-05,0.0,0,0,0,1,0
297282-9232-85,26009232,normal,0.0015390028711408377,3.847507e-05,0.0,0,0,0,1,0
2970828-8135-83,24968135,normal,0.00153893674723804,3.847342e-05,0.0,0,0,0,1,0
944907-5543-76,44445543,normal,0.0015382207930088043,3.845552e-05,0.0,0,0,0,1,0
9650435-8723-91,70908723,normal,0.0015381122939288616,3.8452807e-05,0.0,0,0,0,1,0
7868438-2312-83,28402312,normal,0.0015374318463727832,3.8435795e-05,0.0,0,0,0,0,0
3209328-4786-92,68564786,normal,0.0015362021513283253,3.8405055e-05,0.0,0,0,0,2,1
2876246-2903-91,19152903,normal,0.0015360075049102306,3.8400187e-05,0.0,0,0,0,1,0
2378432-7724-82,27557724,normal,0.0015357686206698418,3.8394217e-05,0.0,0,0,0,0,0
6179966-7286-89,55537286,normal,0.0015357451047748327,3.8393628e-05,0.0,0,0,0,2,1
9591149-8688-83,76588688,normal,0.0015354449860751629,3.8386126e-05,0.0,0,0,0,0,0
1717964-9885-86,93739885,normal,0.0015339902602136135,3.8349757e-05,0.0,0,0,0,0,1
6829879-1632-90,97381632,normal,0.0015327677829191089,3.8319195e-05,0.0,0,0,0,2,0
5718649-6060-88,22986060,normal,0.0015326815191656351,3.8317037e-05,0.0,0,0,0,1,0
984340-8135-78,24968135,normal,0.0015320838429033756,3.8302096e-05,0.0,0,0,0,1,0
9271086-4999-84,26094999,normal,0.0015316617209464312,3.8291542e-05,0.0,0,0,0,0,0
7410428-7890-71,51497890,normal,0.0015311373863369226,3.8278435e-05,0.0,0,0,0,0,0
4268861-7178-76,66657178,normal,0.0015299346996471286,3.8248367e-05,0.0,0,0,0,0,0
848678-9578-84,44739578,normal,0.0015297405188903213,3.8243514e-05,0.0,0,0,0,0,0
543613-5178-84,88325178,normal,0.0015288976719602942,3.8222443e-05,0.0,0,0,0,0,0
4080565-8132-75,36468132,normal,0.0015276659978553653,3.819165e-05,0.0,0,0,0,0,0
6668020-2180-91,94762180,normal,0.001527569955214858,3.818925e-05,0.0,0,0,0,0,0
8932445-1104-81,37941104,normal,0.001527296146377921,3.8182403e-05,0.0,0,0,0,1,0
1425658-4950-85,57174950,normal,0.0015261066146194935,3.8152666e-05,0.0,0,0,0,0,0
2907382-4932-74,84324932,normal,0.001525450381450355,3.813626e-05,0.0,0,0,0,0,0
4917740-1175-85,79661175,normal,0.00152445281855762,3.811132e-05,0.0,0,0,0,0,0
2429048-4999-82,26094999,normal,0.0015229054260998964,3.8072634e-05,0.0,0,0,0,1,0
4008474-1648-85,44811648,normal,0.0015222316142171621,3.805579e-05,0.0,0,0,0,0,0
5654295-1885-73,24671885,normal,0.0015213812002912164,3.803453e-05,0.0,0,0,0,2,0
8001655-5732-77,11185732,normal,0.0015198049368336797,3.7995123e-05,0.0,0,0,0,1,0
2811740-5257-77,60355257,normal,0.0015190630219876766,3.7976577e-05,0.0,0,0,0,0,0
7684523-7570-79,76017570,normal,0.0015177902532741427,3.7944756e-05,0.0,0,0,0,1,0
4861348-9286-82,83879286,normal,0.00151672528591007,3.7918133e-05,0.0,0,0,0,2,0
3018497-4040-88,58984040,normal,0.0015165444929152727,3.791361e-05,0.0,0,0,0,0,0
6979614-2903-77,19152903,normal,0.0015145645011216402,3.7864113e-05,0.0,0,0,0,0,0
1527062-4442-75,25474442,normal,0.0015136837027966976,3.7842092e-05,0.0,0,0,0,1,0
5577908-4218-84,66254218,normal,0.001512015936896205,3.7800397e-05,0.0,0,0,0,1,0
7778483-0788-89,22270788,normal,0.0015113888075575233,3.778472e-05,0.0,0,0,0,0,0
9601757-8422-73,38848422,normal,0.001510622096247971,3.7765552e-05,0.0,0,0,0,2,0
7451901-9542-97,17679542,normal,0.0015105026541277766,3.7762566e-05,0.0,0,0,0,1,1
2518959-1104-85,37941104,normal,0.0015101195313036442,3.7752987e-05,0.0,0,0,0,0,1
7590423-1807-83,20101807,normal,0.0015093348920345306,3.773337e-05,0.0,0,0,0,1,0
3175233-7689-85,70937689,normal,0.001508720451965928,3.771801e-05,0.0,0,0,0,0,1
4079852-5252-79,55915252,normal,0.0015070869121700525,3.767717e-05,0.0,0,0,0,0,0
9857527-0651-87,43510651,normal,0.0015070780646055937,3.7676953e-05,0.0,0,0,0,1,0
2768132-9885-78,93739885,normal,0.001506566652096808,3.7664166e-05,0.0,0,0,0,0,0
9252178-9061-84,55149061,normal,0.0015065580373629928,3.766395e-05,0.0,0,0,0,1,0
700393-2961-86,78922961,normal,0.0015060767764225602,3.765192e-05,0.0,0,0,0,0,0
5751984-4950-83,11324950,normal,0.001504978397861123,3.762446e-05,0.0,0,0,0,0,0
8930904-4786-95,68564786,normal,0.0015042453305795789,3.7606133e-05,0.0,0,0,0,2,0
7815504-1923-83,23191923,normal,0.0015034148236736655,3.758537e-05,0.0,0,0,0,0,0
5721487-6730-88,35396730,normal,0.0015030578942969441,3.7576447e-05,0.0,0,0,0,0,0
5312792-2961-90,78922961,normal,0.0015027110930532217,3.7567777e-05,0.0,0,0,0,1,0
314894-4932-84,84324932,normal,0.00150213367305696,3.7553342e-05,0.0,0,0,0,1,0
2061188-1211-80,30561211,normal,0.001500654616393149,3.7516365e-05,0.0,0,0,0,0,0
7356268-6533-92,84346533,normal,0.0015006533358246088,3.7516333e-05,0.0,0,0,0,0,0
9262616-5696-82,77065696,normal,0.001499773352406919,3.7494334e-05,0.0,0,0,0,0,0
7893620-6510-85,24846510,normal,0.001499624690040946,3.7490616e-05,0.0,0,0,0,2,1
1473343-7286-81,55537286,normal,0.0014994945377111435,3.7487363e-05,0.0,0,0,0,0,0
2515165-6510-71,16886510,normal,0.0014987410977482796,3.7468526e-05,0.0,0,0,0,1,0
7740407-2961-76,78922961,normal,0.001498539699241519,3.746349e-05,0.0,0,0,0,2,0
3978590-1274-80,12801274,normal,0.0014972382923588157,3.7430957e-05,0.0,0,0,0,0,0
1498246-4578-87,68904578,normal,0.001496628625318408,3.7415717e-05,0.0,0,0,0,0,0
2152377-9380-78,18449380,normal,0.00149559008423239,3.7389753e-05,0.0,0,0,0,1,0
6504890-5867-86,82425867,normal,0.0014954644721001387,3.7386613e-05,0.0,0,0,0,1,0
4441507-2312-84,28402312,normal,0.0014947046292945743,3.7367616e-05,0.0,0,0,0,0,0
5985514-6274-81,19536274,normal,0.0014916203217580914,3.729051e-05,0.0,0,0,0,0,0
6753843-6102-84,58536102,normal,0.0014896515058353543,3.7241287e-05,0.0,0,0,0,0,0
6310944-8718-81,32908718,normal,0.0014883452095091343,3.720863e-05,0.0,0,0,0,0,0
2735058-8132-87,36468132,normal,0.001487532164901495,3.7188303e-05,0.0,0,0,0,0,0
9106686-7689-87,70937689,normal,0.001487337751314044,3.7183443e-05,0.0,0,0,0,2,1
1938509-4575-87,91674575,normal,0.0014869081787765026,3.7172704e-05,0.0,0,0,0,0,0
5319805-1175-74,79661175,normal,0.0014846890699118376,3.711723e-05,0.0,0,0,0,0,0
8645431-2180-89,94762180,normal,0.0014838087372481823,3.709522e-05,0.0,0,0,0,0,1
5420103-9578-83,44739578,normal,0.0014829556457698345,3.7073893e-05,0.0,0,0,0,0,0
2175198-4493-81,53384493,normal,0.0014819350326433778,3.7048376e-05,0.0,0,0,0,1,0
9592236-1274-82,12801274,normal,0.0014817442279309034,3.7043606e-05,0.0,0,0,0,1,0
5245578-4578-91,68904578,normal,0.0014788447879254818,3.697112e-05,0.0,0,0,0,1,1
1313273-7626-87,94527626,normal,0.0014770280104130507,3.69257e-05,0.0,0,0,0,0,0
927952-6424-87,59396424,normal,0.0014766715466976166,3.691679e-05,0.0,0,0,0,0,0
8507720-5580-81,69605580,normal,0.0014762900536879897,3.690725e-05,0.0,0,0,0,0,0
534912-9817-88,83289817,normal,0.001475983182899654,3.689958e-05,0.0,0,0,0,0,0
9312819-6274-76,19536274,normal,0.0014739379985257983,3.684845e-05,0.0,0,0,0,2,0
6458193-2961-89,78922961,normal,0.0014737385790795088,3.6843463e-05,0.0,0,0,0,0,0
5664624-9065-85,27499065,normal,0.0014733490534126759,3.6833728e-05,0.0,0,0,0,2,0
3699381-9286-87,83879286,normal,0.0014704870991408825,3.6762176e-05,0.0,0,0,0,0,0
1723687-5201-83,66335201,normal,0.0014697230653837323,3.6743077e-05,0.0,0,0,0,0,0
881403-6054-80,83006054,normal,0.0014685476198792458,3.671369e-05,0.0,0,0,0,0,0
6953113-2903-84,19152903,normal,0.0014683081535622478,3.6707705e-05,0.0,0,0,0,0,0
2923321-9065-80,27499065,normal,0.0014668609946966171,3.6671525e-05,0.0,0,0,0,1,0
3561440-7034-82,68217034,normal,0.0014665868366137147,3.666467e-05,0.0,0,0,0,0,0
8375358-1782-70,80051782,normal,0.0014648716896772385,3.6621794e-05,0.0,0,0,0,0,0
2367437-7366-92,18527366,normal,0.0014647404896095395,3.6618512e-05,0.0,0,0,0,0,0
5667936-1185-89,52321185,normal,0.0014645394403487444,3.6613485e-05,0.0,0,0,0,1,0
5174259-3329-91,70183329,normal,0.0014643186004832387,3.6607966e-05,0.0,0,0,0,0,0
9670221-6274-86,19536274,normal,0.0014627095079049468,3.6567737e-05,0.0,0,0,0,1,0
8823360-1665-89,52741665,normal,0.0014626410556957126,3.6566027e-05,0.0,0,0,0,2,0
5139631-7570-94,76017570,normal,0.0014615661930292845,3.6539153e-05,0.0,0,0,0,1,0
8217149-9715-84,59829715,normal,0.001461536856368184,3.6538422e-05,0.0,0,0,0,0,0
2373540-6730-85,35396730,normal,0.0014601506991311908,3.6503767e-05,0.0,0,0,0,0,0
6339668-9578-92,44739578,normal,0.0014600908616557717,3.650227e-05,0.0,0,0,0,0,0
7877837-4950-73,11324950,normal,0.0014586560428142548,3.64664e-05,0.0,0,0,0,0,0
8690949-3321-79,57193321,normal,0.001458284561522305,3.6457113e-05,0.0,0,0,0,1,0
2750389-1807-72,20101807,normal,0.0014556780224666,3.639195e-05,0.0,0,0,0,1,0
2639101-0491-73,30500491,normal,0.0014533407520502806,3.633352e-05,0.0,0,0,0,0,0
6262993-0651-83,43510651,normal,0.0014527089660987258,3.6317724e-05,0.0,0,0,0,1,0
6994703-2961-88,78922961,normal,0.0014518490061163902,3.6296224e-05,0.0,0,0,0,0,0
927461-9720-91,76159720,normal,0.0014513685600832105,3.6284215e-05,0.0,0,0,0,0,0
2211459-6260-81,11176260,normal,0.0014509119791910052,3.62728e-05,0.0,0,0,0,0,0
7216984-1122-89,15391122,normal,0.0014507402665913105,3.6268506e-05,0.0,0,0,0,2,1
3513665-5696-80,77065696,normal,0.0014491267502307892,3.6228168e-05,0.0,0,0,0,1,0
2091800-1563-88,88461563,normal,0.0014487631851807237,3.621908e-05,0.0,0,0,0,0,0
896249-2041-79,26202041,normal,0.0014477784279733896,3.6194462e-05,0.0,0,0,0,1,0
313340-9885-79,93739885,normal,0.0014468510635197163,3.6171277e-05,0.0,0,0,0,0,0
683161-4571-86,33414571,normal,0.0014464468695223331,3.616117e-05,0.0,0,0,0,1,0
1249446-7689-81,70937689,normal,0.001446394482627511,3.615986e-05,0.0,0,0,0,0,0
9918417-9031-82,66369031,normal,0.0014458303339779377,3.6145757e-05,0.0,0,0,0,1,0
4764407-1545-78,64011545,normal,0.0014457779470831156,3.6144447e-05,0.0,0,0,0,1,0
9988102-9215-70,64939215,normal,0.0014457614161074162,3.6144036e-05,0.0,0,0,0,1,0
7445096-8814-71,31498814,normal,0.0014451425522565842,3.6128564e-05,0.0,0,0,0,1,0
476565-6510-76,16886510,normal,0.001444234512746334,3.6105863e-05,0.0,0,0,0,1,0
2076947-8669-89,11358669,normal,0.001441826345399022,3.6045658e-05,0.0,0,0,0,1,0
9290569-9788-72,32409788,normal,0.0014411431038752198,3.6028578e-05,0.0,0,0,0,1,0
924948-0788-74,22270788,normal,0.0014409782597795129,3.6024456e-05,0.0,0,0,0,0,1
9200775-3100-72,38303100,normal,0.0014408132992684841,3.6020334e-05,0.0,0,0,0,2,0
5353559-9885-80,93739885,normal,0.0014400866348296404,3.6002166e-05,0.0,0,0,0,0,0
7553158-8422-81,38848422,normal,0.0014393836027011275,3.598459e-05,0.0,0,0,0,0,0
2577287-9715-80,59829715,normal,0.001439131097868085,3.597828e-05,0.0,0,0,0,0,0
7497215-5754-81,94265754,normal,0.0014385671820491552,3.5964178e-05,0.0,0,0,0,0,0
3796100-5441-78,49965441,normal,0.001437219325453043,3.5930483e-05,0.0,0,0,0,0,0
8301603-8132-82,36468132,normal,0.0014369438868016005,3.5923596e-05,0.0,0,0,0,0,0
148168-1648-84,44811648,normal,0.0014349691336974502,3.587423e-05,0.0,0,0,0,2,0
2600092-1981-72,29051981,normal,0.0014340621419250965,3.5851554e-05,0.0,0,0,0,0,1
8574030-4578-80,68904578,normal,0.0014337449101731181,3.5843623e-05,0.0,0,0,0,0,0
2047418-5543-77,44445543,normal,0.0014325997326523066,3.5814992e-05,0.0,0,0,0,0,1
2607685-9737-83,26339737,normal,0.0014324835501611233,3.581209e-05,0.0,0,0,0,0,0
355599-1648-90,44811648,normal,0.0014320299960672855,3.580075e-05,0.0,0,0,0,1,0
2510910-9232-91,26009232,normal,0.0014316982124000788,3.5792455e-05,0.0,0,0,0,0,0
9759686-4442-72,25474442,normal,0.0014316763263195753,3.579191e-05,0.0,0,0,0,0,0
1578914-2210-79,36722210,normal,0.0014294825959950686,3.5737066e-05,0.0,0,0,0,0,0
9236671-5543-75,44445543,normal,0.0014287480153143406,3.5718702e-05,0.0,0,0,0,0,1
3529984-8723-81,70908723,normal,0.0014283733908087015,3.5709334e-05,0.0,0,0,0,0,0
6367762-0491-93,30500491,normal,0.0014274937566369772,3.5687342e-05,0.0,0,0,0,0,1
574988-0491-76,30500491,normal,0.0014274283312261105,3.568571e-05,0.0,0,0,0,0,0
2443494-9380-86,18449380,normal,0.0014268772210925817,3.5671932e-05,0.0,0,0,0,0,0
555488-0651-73,43510651,normal,0.0014262404292821884,3.5656012e-05,0.0,0,0,0,0,0
6072888-7034-71,68217034,normal,0.001425242517143488,3.5631063e-05,0.0,0,0,0,0,0
1916601-7054-94,80787054,normal,0.0014245916390791535,3.561479e-05,0.0,0,0,0,0,0
3465275-7570-81,76017570,normal,0.001424284651875496,3.5607118e-05,0.0,0,0,0,0,0
9134841-1492-77,36481492,normal,0.0014233558904379606,3.5583897e-05,0.0,0,0,0,0,0
1300197-9892-75,75119892,normal,0.0014226326020434499,3.5565816e-05,0.0,0,0,0,0,0
8793060-2961-82,78922961,normal,0.0014222610043361783,3.5556524e-05,0.0,0,0,0,0,0
2532824-0240-87,69040240,normal,0.00142160733230412,3.5540183e-05,0.0,0,0,0,1,0
6550739-2041-87,26202041,normal,0.0014205651823431253,3.551413e-05,0.0,0,0,0,0,1
8600856-3938-82,12183938,normal,0.0014201424783095717,3.5503563e-05,0.0,0,0,0,3,0
9909896-1632-87,97381632,normal,0.001419120468199253,3.5478013e-05,0.0,0,0,0,1,0
7282866-8688-69,76588688,normal,0.0014188499189913273,3.5471247e-05,0.0,0,0,0,0,0
8761393-5754-80,94265754,normal,0.001417635241523385,3.544088e-05,0.0,0,0,0,0,0
5625421-4572-80,15254572,normal,0.0014172891387715936,3.543223e-05,0.0,0,0,0,1,0
8453259-8451-80,59358451,normal,0.0014165554894134402,3.5413887e-05,0.0,0,0,0,0,0
7660000-1492-84,36481492,normal,0.001412722747772932,3.531807e-05,0.0,0,0,0,1,0
7267012-7387-87,64077387,normal,0.0014125518500804901,3.5313795e-05,0.0,0,0,0,2,1
569240-9442-80,25209442,normal,0.001412105979397893,3.5302648e-05,0.0,0,0,0,1,0
2927376-3329-72,70183329,normal,0.0014118393883109093,3.5295983e-05,0.0,0,0,0,1,0
8587039-8669-84,11358669,normal,0.001410465338267386,3.5261633e-05,0.0,0,0,0,1,0
9498008-5178-81,88325178,normal,0.0014093962963670492,3.523491e-05,0.0,0,0,0,1,0
700064-6518-82,89116518,normal,0.0014085054863244295,3.5212637e-05,0.0,0,0,0,2,0
7324179-8467-75,34798467,normal,0.001407284988090396,3.5182125e-05,0.0,0,0,0,0,0
5195731-4950-68,57174950,normal,0.001406167633831501,3.515419e-05,0.0,0,0,0,0,0
9566492-2312-73,28402312,normal,0.0014049799647182226,3.51245e-05,0.0,0,0,0,0,0
3580462-0651-91,43510651,normal,0.0014041266404092312,3.5103167e-05,0.0,0,0,0,1,0
2154257-9031-85,66369031,normal,0.0014023469993844628,3.5058674e-05,0.0,0,0,0,0,0
5232245-5201-89,66335201,normal,0.0013994760811328888,3.49869e-05,0.0,0,0,0,2,0
5862170-9542-83,17679542,normal,0.0013977981870993972,3.4944955e-05,0.0,0,0,0,1,0
1799578-6967-85,65756967,normal,0.0013977275229990482,3.4943187e-05,0.0,0,0,0,0,0
5157004-9232-87,26009232,normal,0.001396847888827324,3.49212e-05,0.0,0,0,0,0,0
6336383-9788-69,32409788,normal,0.0013962499797344208,3.490625e-05,0.0,0,0,0,0,0
7479237-4974-70,59884974,normal,0.0013931974535807967,3.4829936e-05,0.0,0,0,0,0,0
8989937-5696-78,77065696,normal,0.0013907058164477348,3.4767647e-05,0.0,0,0,0,0,0
3287182-8723-89,70908723,normal,0.0013898799661546946,3.4746998e-05,0.0,0,0,0,0,0
9743295-6054-90,83006054,normal,0.001389670534990728,3.4741763e-05,0.0,0,0,0,1,0
7566278-3538-75,48973538,normal,0.0013895777519792318,3.4739445e-05,0.0,0,0,0,1,0
8006769-0838-89,62090838,normal,0.0013865530490875244,3.4663826e-05,0.0,0,0,0,0,0
8643898-6533-81,84346533,normal,0.0013864843640476465,3.466211e-05,0.0,0,0,0,0,0
5760998-8377-92,90588377,normal,0.0013860453618690372,3.4651133e-05,0.0,0,0,0,0,0
3969568-1122-80,15391122,normal,0.0013851019321009517,3.462755e-05,0.0,0,0,0,1,1
3819234-4950-86,11324950,normal,0.0013841023901477456,3.460256e-05,0.0,0,0,0,1,0
7199536-7464-69,37787464,normal,0.0013838543090969324,3.4596356e-05,0.0,0,0,0,2,0
7318674-1866-88,65621866,normal,0.0013836524449288845,3.459131e-05,0.0,0,0,0,0,0
3846745-4040-77,58984040,normal,0.0013831049436703324,3.4577624e-05,0.0,0,0,0,1,0
8894843-7034-69,68217034,normal,0.0013829385861754417,3.4573466e-05,0.0,0,0,0,0,0
8029065-8135-86,24968135,normal,0.001382656511850655,3.4566412e-05,0.0,0,0,0,1,1
8937368-9065-75,27499065,normal,0.0013820145977661014,3.4550365e-05,0.0,0,0,0,0,0
3906893-4123-70,20704123,normal,0.0013819104060530663,3.454776e-05,0.0,0,0,0,0,0
7410694-4484-88,95874484,normal,0.0013818945735692978,3.4547364e-05,0.0,0,0,0,0,1
4004859-0257-82,60630257,normal,0.0013814361300319433,3.4535904e-05,0.0,0,0,0,0,0
8246794-7738-86,58497738,normal,0.0013813399709761143,3.45335e-05,0.0,0,0,0,1,0
4110320-0257-86,60630257,normal,0.0013812924735248089,3.4532313e-05,0.0,0,0,0,3,1
7756250-2961-73,78922961,normal,0.0013794521801173687,3.4486304e-05,0.0,0,0,0,1,0
6096325-2332-81,27322332,normal,0.0013775182887911797,3.443796e-05,0.0,0,0,0,1,0
4565393-6968-79,14296968,normal,0.0013761240988969803,3.4403103e-05,0.0,0,0,0,1,0
4375384-4575-88,91674575,normal,0.0013760006986558437,3.440002e-05,0.0,0,0,0,1,0
313820-3329-83,70183329,normal,0.001375827589072287,3.439569e-05,0.0,0,0,0,1,0
1160391-2174-80,67292174,normal,0.0013753107050433755,3.4382767e-05,0.0,0,0,0,0,0
7895207-1782-68,80051782,normal,0.0013741570292040706,3.4353925e-05,0.0,0,0,0,0,0
2135764-2210-85,36722210,normal,0.0013704573502764106,3.4261433e-05,0.0,0,0,0,0,0
3150615-7178-81,66657178,normal,0.0013694773660972714,3.4236935e-05,0.0,0,0,0,1,0
8107749-1122-84,15391122,normal,0.0013692241627722979,3.4230605e-05,0.0,0,0,0,1,0
2231514-8718-87,32908718,normal,0.00136917969211936,3.422949e-05,0.0,0,0,0,2,0
1547841-7724-72,73967724,normal,0.0013664639554917812,3.41616e-05,0.0,0,0,0,2,0
1513564-7622-70,10437622,normal,0.0013663570862263441,3.4158926e-05,0.0,0,0,0,0,0
6205000-7425-87,18577425,normal,0.0013649974716827273,3.4124936e-05,0.0,0,0,0,0,0
195992-7570-86,76017570,normal,0.0013636313378810883,3.4090783e-05,0.0,0,0,0,0,0
8814286-8936-77,37428936,normal,0.0013596267672255635,3.399067e-05,0.0,0,0,0,0,0
3489645-1648-83,44811648,normal,0.0013595735654234886,3.3989338e-05,0.0,0,0,0,1,0
3833766-0967-92,42340967,normal,0.0013593946350738406,3.3984867e-05,0.0,0,0,0,0,0
3685615-8964-78,22978964,normal,0.0013580794911831617,3.3951987e-05,0.0,0,0,0,2,0
4858280-1144-79,99581144,normal,0.0013579060323536396,3.394765e-05,0.0,0,0,0,0,0
2801931-0240-86,69040240,normal,0.0013569958973675966,3.3924898e-05,0.0,0,0,0,0,0
9606200-7570-96,76017570,normal,0.0013565818080678582,3.3914544e-05,0.0,0,0,0,1,0
3883406-9442-75,25209442,normal,0.001355955726467073,3.3898894e-05,0.0,0,0,0,0,0
1459641-6919-77,76106919,normal,0.0013548906426876783,3.3872268e-05,0.0,0,0,0,1,0
1340578-3321-77,57193321,normal,0.0013540486106649041,3.3851215e-05,0.0,0,0,0,1,0
1298653-1665-80,52741665,normal,0.001354044652543962,3.3851116e-05,0.0,0,0,0,1,0
3127899-7286-88,55537286,normal,0.0013531087897717953,3.382772e-05,0.0,0,0,0,1,1
9258334-7425-91,18577425,normal,0.0013529720017686486,3.38243e-05,0.0,0,0,0,0,0
5450789-4066-79,61094066,normal,0.0013516050530597568,3.3790126e-05,0.0,0,0,0,1,0
5947177-8021-90,26998021,normal,0.0013515304308384657,3.378826e-05,0.0,0,0,0,0,0
7582685-7724-76,73967724,normal,0.0013507920084521174,3.37698e-05,0.0,0,0,0,1,1
3566098-7464-79,37787464,normal,0.0013498094631358981,3.3745237e-05,0.0,0,0,0,2,0
2547944-7235-79,86187235,normal,0.0013469805708155036,3.3674514e-05,0.0,0,0,0,0,0
1007031-8669-82,11358669,normal,0.0013447306118905544,3.3618264e-05,0.0,0,0,0,1,0
5275519-8377-84,90588377,normal,0.0013438614550977945,3.3596538e-05,0.0,0,0,0,1,1
3205594-7366-91,18527366,normal,0.0013423513155430555,3.3558783e-05,0.0,0,0,0,0,0
2450068-7425-84,18577425,normal,0.001342106843367219,3.355267e-05,0.0,0,0,0,0,0
1389317-1144-81,99581144,normal,0.0013414978748187423,3.3537446e-05,0.0,0,0,0,0,0
627201-1492-79,36481492,normal,0.0013391637476161122,3.3479093e-05,0.0,0,0,0,0,0
5710741-3734-89,46443734,normal,0.001337517285719514,3.3437933e-05,0.0,0,0,0,2,0
4471881-1144-85,99581144,normal,0.0013361162273213267,3.3402906e-05,0.0,0,0,0,0,0
4304489-7366-73,18527366,normal,0.0013359303120523691,3.3398257e-05,0.0,0,0,0,1,0
1865869-1185-83,52321185,normal,0.0013357773423194885,3.3394434e-05,0.0,0,0,0,1,0
3575019-9215-73,64939215,normal,0.0013355952687561512,3.3389882e-05,0.0,0,0,0,0,0
2347547-6274-84,19536274,normal,0.0013354627881199121,3.338657e-05,0.0,0,0,0,1,0
9770735-8132-85,36468132,normal,0.0013348337961360812,3.3370845e-05,0.0,0,0,0,1,0
3215983-9697-88,52669697,normal,0.0013344710459932685,3.3361775e-05,0.0,0,0,0,1,0
1683363-4974-82,59884974,normal,0.0013344481121748686,3.3361204e-05,0.0,0,0,0,0,0
5473617-6208-80,34756208,normal,0.0013330859364941716,3.332715e-05,0.0,0,0,0,0,0
3886074-4571-84,33414571,normal,0.0013319524005055428,3.329881e-05,0.0,0,0,0,1,0
1828308-1185-88,52321185,normal,0.0013303884770721197,3.3259712e-05,0.0,0,0,0,1,1
9913659-4575-81,91674575,normal,0.0013297352707013488,3.324338e-05,0.0,0,0,0,2,0
5267405-0257-93,60630257,normal,0.001329405466094613,3.3235137e-05,0.0,0,0,0,2,0
3492589-5754-85,94265754,normal,0.0013288325862959027,3.3220815e-05,0.0,0,0,0,2,0
3073901-9442-84,25209442,normal,0.0013286629691720009,3.3216573e-05,0.0,0,0,0,1,0
7087297-1866-73,65621866,normal,0.0013277546968311071,3.3193868e-05,0.0,0,0,0,0,0
9883341-4154-80,34034154,normal,0.0013273698277771473,3.3184246e-05,0.0,0,0,0,1,0
6262946-1274-91,12801274,normal,0.001326228491961956,3.3155713e-05,0.0,0,0,0,1,0
1065060-2332-88,27322332,normal,0.0013241078704595566,3.3102697e-05,0.0,0,0,0,1,0
285507-9892-82,75119892,normal,0.0013215383514761925,3.3038457e-05,0.0,0,0,0,0,0
7481677-6102-86,58536102,normal,0.0013204484712332487,3.3011213e-05,0.0,0,0,0,0,0
7209925-0357-88,95930357,normal,0.0013201577821746469,3.3003944e-05,0.0,0,0,0,1,1
7535710-8594-86,17528594,normal,0.0013201149413362145,3.3002874e-05,0.0,0,0,0,1,0
6432083-9108-89,75559108,normal,0.0013189723249524832,3.297431e-05,0.0,0,0,0,2,0
4408818-7464-82,37787464,normal,0.0013186465948820114,3.2966163e-05,0.0,0,0,0,2,0
4035978-0788-82,22270788,normal,0.0013180733658373356,3.2951833e-05,0.0,0,0,0,0,0
8571212-9410-76,34969410,normal,0.001315092551521957,3.2877313e-05,0.0,0,0,0,0,0
7789453-8377-81,90588377,normal,0.0013149119913578033,3.28728e-05,0.0,0,0,0,0,0
1368766-2210-68,36722210,normal,0.0013146812561899424,3.2867032e-05,0.0,0,0,0,0,0
4980841-9172-76,76949172,normal,0.0013140984810888767,3.2852462e-05,0.0,0,0,0,0,0
6647827-8936-80,37428936,normal,0.0013119709910824895,3.2799275e-05,0.0,0,0,0,1,0
994130-5867-87,82425867,normal,0.0013113569002598524,3.2783923e-05,0.0,0,0,0,1,0
7373049-3292-83,75583292,normal,0.0013107829727232456,3.2769574e-05,0.0,0,0,0,0,0
7064020-5122-81,84015122,normal,0.001308588543906808,3.2714714e-05,0.0,0,0,0,1,0
502781-0838-71,62090838,normal,0.0013064488302916288,3.266122e-05,0.0,0,0,0,0,0
9466752-9578-89,44739578,normal,0.0013062830548733473,3.2657077e-05,0.0,0,0,0,0,0
9564711-4218-75,66254218,normal,0.001305028097704053,3.2625703e-05,0.0,0,0,0,0,0
2795188-8594-80,17528594,normal,0.001303790370002389,3.259476e-05,0.0,0,0,0,3,0
7230591-3329-80,70183329,normal,0.0013032557908445597,3.2581396e-05,0.0,0,0,0,0,0
6835721-5396-86,95445396,normal,0.0013021850027143955,3.2554624e-05,0.0,0,0,0,0,0
9033014-6967-89,65756967,normal,0.0013002452906221151,3.2506134e-05,0.0,0,0,0,1,1
8436014-3292-82,75583292,normal,0.0012983197811990976,3.2457996e-05,0.0,0,0,0,0,0
534094-6903-68,81316903,normal,0.0012980462051928043,3.2451157e-05,0.0,0,0,0,0,0
6033743-4950-76,11324950,normal,0.0012977850856259465,3.2444626e-05,0.0,0,0,0,1,0
3296440-6967-82,65756967,normal,0.0012973124394193292,3.243281e-05,0.0,0,0,0,1,1
1566828-0357-90,95930357,normal,0.0012967978836968541,3.2419946e-05,0.0,0,0,0,1,0
3672714-1923-88,23191923,normal,0.0012960473541170359,3.2401185e-05,0.0,0,0,0,1,0
4773154-4572-87,15254572,normal,0.0012948688818141818,3.237172e-05,0.0,0,0,0,1,1
131512-5441-91,49965441,normal,0.0012944057816639543,3.2360145e-05,0.0,0,0,0,1,0
9264657-5970-86,76515970,normal,0.001292904489673674,3.2322612e-05,0.0,0,0,0,0,0
2981074-5754-91,94265754,normal,0.001291161053813994,3.2279026e-05,0.0,0,0,0,1,0
8693747-6054-83,83006054,normal,0.0012887043412774801,3.221761e-05,0.0,0,0,0,0,0
9799513-5386-81,90485386,normal,0.0012875017710030079,3.2187545e-05,0.0,0,0,0,0,0
2211274-6260-73,11176260,normal,0.001285525388084352,3.2138134e-05,0.0,0,0,0,0,0
2907574-5580-83,69605580,normal,0.0012849370250478387,3.2123426e-05,0.0,0,0,0,1,0
5224830-1885-86,24671885,normal,0.0012840158306062222,3.2100397e-05,0.0,0,0,0,0,0
2186580-6060-77,22986060,normal,0.001283981604501605,3.209954e-05,0.0,0,0,0,1,0
2961134-8936-90,37428936,normal,0.001283287419937551,3.2082185e-05,0.0,0,0,0,0,0
3519578-1211-71,30561211,normal,0.001282700221054256,3.2067506e-05,0.0,0,0,0,1,0
6747992-1545-84,64011545,normal,0.0012825570302084088,3.2063926e-05,0.0,0,0,0,0,0
8287673-0911-85,15830911,normal,0.0012820312986150384,3.2050782e-05,0.0,0,0,0,1,0
9220393-7550-89,95227550,normal,0.0012813236098736525,3.203309e-05,0.0,0,0,0,2,0
7834524-3321-83,57193321,normal,0.0012805858859792352,3.2014646e-05,0.0,0,0,0,1,0
7930594-4876-88,56944876,normal,0.0012788919266313314,3.1972297e-05,0.0,0,0,0,0,0
6239267-5893-70,63855893,normal,0.001276535214856267,3.191338e-05,0.0,0,0,0,2,0
6972926-5441-88,49965441,normal,0.0012759376550093293,3.1898442e-05,0.0,0,0,0,1,0
863873-7626-88,94527626,normal,0.0012752612819895148,3.1881533e-05,0.0,0,0,0,0,0
4059484-6533-77,84346533,normal,0.0012745282147079706,3.1863205e-05,0.0,0,0,0,0,0
472498-0788-91,22270788,normal,0.001273834379389882,3.184586e-05,0.0,0,0,0,1,0
7876597-2080-95,44102080,normal,0.001273801550269127,3.184504e-05,0.0,0,0,0,1,0
135258-9410-86,34969410,normal,0.0012736242497339845,3.1840606e-05,0.0,0,0,0,0,0
5789099-6510-83,16886510,normal,0.0012735015479847789,3.183754e-05,0.0,0,0,0,2,0
2049053-0682-73,82890682,normal,0.0012730971211567521,3.182743e-05,0.0,0,0,0,1,0
7854692-5754-72,94265754,normal,0.0012722028186544776,3.180507e-05,0.0,0,0,0,0,0
3649383-1545-87,64011545,normal,0.001271601184271276,3.179003e-05,0.0,0,0,0,0,0
778742-1072-89,39331072,normal,0.0012711476301774383,3.177869e-05,0.0,0,0,0,1,0
9098858-6968-70,14296968,normal,0.0012705951230600476,3.1764877e-05,0.0,0,0,0,0,0
4640541-0667-73,65770667,normal,0.0012705768458545208,3.1764423e-05,0.0,0,0,0,0,0
7571766-3329-79,70183329,normal,0.0012685209512710571,3.1713025e-05,0.0,0,0,0,1,0
358811-4442-70,25474442,normal,0.0012682174565270543,3.1705436e-05,0.0,0,0,0,1,0
4510622-0651-85,43510651,normal,0.0012659819331020117,3.164955e-05,0.0,0,0,0,1,0
2618403-0213-93,32910213,normal,0.001265057479031384,3.1626438e-05,0.0,0,0,0,0,0
5409307-5696-86,77065696,normal,0.0012647162657231092,3.1617907e-05,0.0,0,0,0,0,0
398646-8964-77,22978964,normal,0.0012641976354643703,3.160494e-05,0.0,0,0,0,2,0
6035275-9061-85,55149061,normal,0.0012639373308047652,3.1598433e-05,0.0,0,0,0,0,0
6223343-0282-81,64010282,normal,0.0012633504811674356,3.158376e-05,0.0,0,0,0,1,0
6939205-3163-79,69523163,normal,0.001261439872905612,3.1535998e-05,0.0,0,0,0,1,0
4177142-2311-79,78272311,normal,0.0012598925968632102,3.1497315e-05,0.0,0,0,0,0,0
9006372-4366-77,76114366,normal,0.0012597424210980535,3.149356e-05,0.0,0,0,0,1,1
2011988-9788-79,32409788,normal,0.0012592056300491095,3.148014e-05,0.0,0,0,0,2,0
6415996-8723-84,70908723,normal,0.0012583112111315131,3.145778e-05,0.0,0,0,0,0,0
4717510-7178-71,66657178,normal,0.001256201067008078,3.1405027e-05,0.0,0,0,0,0,1
6790864-4575-76,91674575,normal,0.0012555902358144522,3.1389754e-05,0.0,0,0,0,0,0
2021892-9578-82,44739578,normal,0.0012532598339021206,3.1331496e-05,0.0,0,0,0,0,0
2715069-8688-77,76588688,normal,0.0012511654058471322,3.1279134e-05,0.0,0,0,0,0,0
9129952-9737-77,26339737,normal,0.0012497474672272801,3.1243686e-05,0.0,0,0,0,0,0
7081018-0257-72,60630257,normal,0.0012491230154410005,3.1228075e-05,0.0,0,0,0,1,1
9502205-4066-87,61094066,normal,0.0012486526975408196,3.1216317e-05,0.0,0,0,0,0,1
8495282-3938-87,12183938,normal,0.0012480132281780243,3.1200332e-05,0.0,0,0,0,0,0
4065494-4550-88,42954550,normal,0.001247878884896636,3.119697e-05,0.0,0,0,0,0,0
7501276-4717-81,86054717,normal,0.001245663850568235,3.1141597e-05,0.0,0,0,0,2,0
8185215-8021-78,26998021,normal,0.001244451617822051,3.111129e-05,0.0,0,0,0,1,0
4195741-6510-82,16886510,normal,0.0012391437776386738,3.0978594e-05,0.0,0,0,0,1,0
1495622-5696-83,77065696,normal,0.0012391118798404932,3.0977797e-05,0.0,0,0,0,0,0
8165637-2041-86,26202041,normal,0.0012391060590744019,3.097765e-05,0.0,0,0,0,0,0
9884381-5252-73,55915252,normal,0.0012389039620757103,3.09726e-05,0.0,0,0,0,1,0
2163878-4950-69,57174950,normal,0.00123847636859864,3.096191e-05,0.0,0,0,0,0,0
7992908-2961-80,78922961,normal,0.001238162163645029,3.0954056e-05,0.0,0,0,0,0,0
858615-9380-82,18449380,normal,0.0012379816034808755,3.094954e-05,0.0,0,0,0,0,0
6054511-9892-90,75119892,normal,0.0012353751808404922,3.088438e-05,0.0,0,0,0,1,0
5744095-4950-87,57174950,normal,0.001234335359185934,3.0858384e-05,0.0,0,0,0,1,0
7203381-7178-73,66657178,normal,0.0012343130074441433,3.0857824e-05,0.0,0,0,0,1,0
8074024-8422-84,38848422,normal,0.0012338963570073247,3.084741e-05,0.0,0,0,0,0,0
3547540-8723-87,70908723,normal,0.0012331423349678516,3.082856e-05,0.0,0,0,0,1,0
2266417-6424-80,59396424,normal,0.0012321807444095612,3.080452e-05,0.0,0,0,0,0,0
5006796-8132-78,36468132,normal,0.0012313948245719075,3.078487e-05,0.0,0,0,0,0,0
7277905-7738-91,58497738,normal,0.0012312761973589659,3.0781906e-05,0.0,0,0,0,0,0
2808771-4876-81,56944876,normal,0.001230013556778431,3.075034e-05,0.0,0,0,0,2,0
3506745-1144-73,99581144,normal,0.001229660352692008,3.074151e-05,0.0,0,0,0,0,0
6811966-9380-74,18449380,normal,0.0012280854862183332,3.0702136e-05,0.0,0,0,0,0,0
2904294-7689-79,70937689,normal,0.0012280689552426338,3.0701725e-05,0.0,0,0,0,0,0
3762242-1274-73,12801274,normal,0.0012278805952519178,3.0697014e-05,0.0,0,0,0,0,0
1324709-4493-87,53384493,normal,0.0012274871114641428,3.0687177e-05,0.0,0,0,0,1,0
2032633-0838-85,62090838,normal,0.0012260107323527336,3.065027e-05,0.0,0,0,0,0,0
8352047-1492-76,36481492,normal,0.0012246797559782863,3.0616993e-05,0.0,0,0,0,0,0
9248718-1648-88,44811648,normal,0.001224488252773881,3.0612206e-05,0.0,0,0,0,1,0
8493166-5754-78,94265754,normal,0.001223530969582498,3.0588275e-05,0.0,0,0,0,1,0
8606589-5732-85,11185732,normal,0.0012234423775225878,3.058606e-05,0.0,0,0,0,0,0
4140588-9697-91,52669697,normal,0.0012233526213094592,3.0583815e-05,0.0,0,0,0,2,0
5675077-1729-80,77221729,normal,0.0012232183944433928,3.058046e-05,0.0,0,0,0,0,0
3240087-8669-88,11358669,normal,0.0012224219972267747,3.056055e-05,0.0,0,0,0,2,1
4764760-8132-88,36468132,normal,0.0012219592463225126,3.054898e-05,0.0,0,0,0,1,0
600298-6871-92,39376871,normal,0.0012211472494527698,3.052868e-05,0.0,0,0,0,0,1
3354697-0838-73,62090838,normal,0.001220901613123715,3.052254e-05,0.0,0,0,0,0,0
1306590-9172-86,76949172,normal,0.001220474485307932,3.0511861e-05,0.0,0,0,0,0,0
5500062-9230-88,97899230,normal,0.001217586686834693,3.0439667e-05,0.0,0,0,0,0,0
4685924-4323-81,74584323,normal,0.0012157870223745704,3.0394674e-05,0.0,0,0,0,1,0
5447164-2798-86,37632798,normal,0.001214772928506136,3.0369323e-05,0.0,0,0,0,1,0
3165508-5580-74,69605580,normal,0.0012132389238104224,3.0330973e-05,0.0,0,0,0,2,0
9418697-8377-71,90588377,normal,0.0012114053824916482,3.0285135e-05,0.0,0,0,0,0,0
3008583-6060-91,22986060,normal,0.0012099632294848561,3.024908e-05,0.0,0,0,0,1,0
2232411-6510-74,24846510,normal,0.0012077544815838337,3.0193863e-05,0.0,0,0,0,2,0
504042-9715-73,59829715,normal,0.0012046154588460922,3.0115387e-05,0.0,0,0,0,1,0
2968536-8614-79,31638614,normal,0.0012030299985781312,3.007575e-05,0.0,0,0,0,1,0
9057651-8594-90,17528594,normal,0.0012024540919810534,3.0061354e-05,0.0,0,0,0,2,0
7563800-5764-84,90495764,normal,0.0012019452406093478,3.004863e-05,0.0,0,0,0,0,0
8685294-7689-91,70937689,normal,0.0012000954011455178,3.0002386e-05,0.0,0,0,0,1,1
6661996-9108-77,75559108,normal,0.0011972456704825163,2.9931141e-05,0.0,0,0,0,0,0
5711328-6264-91,61156264,normal,0.0011952836066484451,2.9882089e-05,0.0,0,0,0,0,0
3094778-8021-69,26998021,normal,0.0011937377275899053,2.9843442e-05,0.0,0,0,0,0,0
7436173-1782-83,80051782,normal,0.0011934962822124362,2.9837407e-05,0.0,0,0,0,0,0
1640993-7286-71,55537286,normal,0.0011934349313378334,2.9835874e-05,0.0,0,0,0,0,0
3141804-2210-82,36722210,normal,0.0011897518998011947,2.9743798e-05,0.0,0,0,0,1,0
8201988-1885-87,24671885,normal,0.0011891769245266914,2.9729423e-05,0.0,0,0,0,3,0
9018453-6919-78,76106919,normal,0.0011884694686159492,2.9711737e-05,0.0,0,0,0,1,0
4173673-9506-71,20109506,normal,0.0011872290633618832,2.9680727e-05,0.0,0,0,0,2,0
6027335-9737-78,26339737,normal,0.0011845215922221541,2.961304e-05,0.0,0,0,0,0,0
4198607-0864-83,70500864,normal,0.0011821663938462734,2.9554161e-05,0.0,0,0,0,2,0
7327066-4950-83,57174950,normal,0.001181814819574356,2.954537e-05,0.0,0,0,0,1,0
8984204-7622-76,10437622,normal,0.0011813606834039092,2.9534016e-05,0.0,0,0,0,0,0
8740076-5947-77,10045947,normal,0.001180761493742466,2.9519037e-05,0.0,0,0,0,0,0
5112492-5386-78,90485386,normal,0.0011783464578911662,2.945866e-05,0.0,0,0,0,0,0
6514819-6054-85,83006054,normal,0.0011781216599047184,2.945304e-05,0.0,0,0,0,0,0
2922694-7235-86,86187235,normal,0.001177867641672492,2.9446692e-05,0.0,0,0,0,0,0
2055795-4366-80,76114366,normal,0.001177854253910482,2.9446357e-05,0.0,0,0,0,3,0
6126145-1211-77,30561211,normal,0.0011766463285312057,2.9416158e-05,0.0,0,0,0,0,0
2913975-2112-88,85582112,normal,0.0011754013830795884,2.9385033e-05,0.0,0,0,0,1,1
8987969-3163-74,69523163,normal,0.0011749441036954522,2.9373603e-05,0.0,0,0,0,1,0
8976510-0838-80,62090838,normal,0.001174712204374373,2.9367804e-05,0.0,0,0,0,0,0
4158138-4493-74,53384493,normal,0.0011718198657035828,2.9295497e-05,0.0,0,0,0,1,1
800043-4786-94,68564786,normal,0.0011706047225743532,2.9265117e-05,0.0,0,0,0,2,0
9379513-7054-95,80787054,normal,0.0011696495348587632,2.9241239e-05,0.0,0,0,0,2,0
3771947-9715-78,59829715,normal,0.0011695066932588816,2.9237668e-05,0.0,0,0,0,0,0
6199886-4493-88,53384493,normal,0.0011677660513669252,2.919415e-05,0.0,0,0,0,0,0
9213717-9031-83,66369031,normal,0.0011676200665533543,2.9190502e-05,0.0,0,0,0,0,0
8918975-7570-92,76017570,normal,0.0011672370601445436,2.9180927e-05,0.0,0,0,0,1,0
9088575-8132-80,36468132,normal,0.0011667418293654919,2.9168546e-05,0.0,0,0,0,1,0
5564253-5178-92,88325178,normal,0.0011663336772471666,2.9158342e-05,0.0,0,0,0,0,0
6947484-6208-85,34756208,normal,0.0011662635952234268,2.9156588e-05,0.0,0,0,0,0,0
8480962-0682-82,82890682,normal,0.0011662602191790938,2.9156505e-05,0.0,0,0,0,1,0
3542598-8688-74,76588688,normal,0.0011662413598969579,2.9156034e-05,0.0,0,0,0,0,0
3937511-7054-86,80787054,normal,0.001165341935120523,2.9133547e-05,0.0,0,0,0,1,0
4823453-6967-90,65756967,normal,0.0011641966411843896,2.9104916e-05,0.0,0,0,0,0,0
4226484-1072-86,39331072,normal,0.0011639469303190708,2.9098674e-05,0.0,0,0,0,2,0
7334974-2174-77,67292174,normal,0.0011638780124485493,2.909695e-05,0.0,0,0,0,0,0
6221056-8718-86,32908718,normal,0.0011633532121777534,2.908383e-05,0.0,0,0,0,0,0
7564362-4950-89,57174950,normal,0.0011628672946244478,2.9071682e-05,0.0,0,0,0,0,0
324651-5386-80,90485386,normal,0.001160958083346486,2.9023953e-05,0.0,0,0,0,0,0
8147593-4786-88,68564786,normal,0.0011589438654482365,2.8973596e-05,0.0,0,0,0,2,0
9233465-0257-76,60630257,normal,0.0011574901873245835,2.8937255e-05,0.0,0,0,0,1,0
4321283-4575-85,91674575,normal,0.0011573678348213434,2.8934195e-05,0.0,0,0,0,0,0
2144224-6060-78,22986060,normal,0.001157356658950448,2.8933917e-05,0.0,0,0,0,0,0
2015298-0667-77,65770667,normal,0.0011571646900847554,2.8929117e-05,0.0,0,0,0,0,0
7402212-4572-92,15254572,normal,0.0011544025037437677,2.8860064e-05,0.0,0,0,0,1,0
2467681-5732-87,11185732,normal,0.0011534483637660742,2.883621e-05,0.0,0,0,0,2,0
4792185-3375-77,68033375,normal,0.0011502058478072286,2.8755147e-05,0.0,0,0,0,1,0
6630063-1782-87,80051782,normal,0.0011479846434667706,2.8699616e-05,0.0,0,0,0,0,0
7028410-9892-84,75119892,normal,0.001147638657130301,2.8690967e-05,0.0,0,0,0,0,0
7904738-9559-75,46409559,normal,0.0011466213036328554,2.8665532e-05,0.0,0,0,0,2,0
6371216-4218-83,66254218,normal,0.0011445663403719664,2.8614159e-05,0.0,0,0,0,0,0
1507061-3938-71,12183938,normal,0.0011428877478465438,2.8572194e-05,0.0,0,0,0,1,0
5466883-7387-93,64077387,normal,0.001140509732067585,2.8512744e-05,0.0,0,0,0,2,0
9113178-7054-80,80787054,normal,0.0011400727089494467,2.8501818e-05,0.0,0,0,0,1,0
5553478-8990-73,25358990,normal,0.0011379881761968136,2.8449704e-05,0.0,0,0,0,3,0
5276666-2210-86,36722210,normal,0.0011371159926056862,2.84279e-05,0.0,0,0,0,0,0
8417591-5580-76,69605580,normal,0.001133601414039731,2.8340037e-05,0.0,0,0,0,0,0
5644945-4950-77,57174950,normal,0.001131686381995678,2.8292161e-05,0.0,0,0,0,1,0
5872415-4442-77,25474442,normal,0.0011286104563623667,2.8215261e-05,0.0,0,0,0,0,0
4959200-4040-86,58984040,normal,0.0011275960132479668,2.81899e-05,0.0,0,0,0,1,0
5898744-9232-82,26009232,normal,0.0011274270946159959,2.8185677e-05,0.0,0,0,0,0,0
6082703-3321-71,57193321,normal,0.0011260753963142633,2.8151884e-05,0.0,0,0,0,1,0
9531107-7570-83,76017570,normal,0.0011247220681980252,2.8118051e-05,0.0,0,0,0,1,0
5043935-9380-84,18449380,normal,0.0011220491724088788,2.8051229e-05,0.0,0,0,0,0,0
4345560-2112-70,85582112,normal,0.0011210459051653743,2.8026148e-05,0.0,0,0,0,2,0
8130508-5122-88,84015122,normal,0.001120551023632288,2.8013776e-05,0.0,0,0,0,1,0
2736023-2210-69,36722210,normal,0.0011204580077901483,2.801145e-05,0.0,0,0,0,0,0
8418579-4154-83,34034154,normal,0.0011159621644765139,2.7899056e-05,0.0,0,0,0,0,0
9052278-8021-82,26998021,normal,0.001113701844587922,2.7842547e-05,0.0,0,0,0,0,0
3264811-7387-86,64077387,normal,0.0011133175576105714,2.7832939e-05,0.0,0,0,0,1,1
5155013-0788-84,22270788,normal,0.001113290898501873,2.7832273e-05,0.0,0,0,0,2,0
8506647-0682-84,82890682,normal,0.0011100575793534517,2.775144e-05,0.0,0,0,0,2,0
7510638-8492-86,98228492,normal,0.0011077870149165392,2.7694676e-05,0.0,0,0,0,1,0
2182521-9061-80,55149061,normal,0.0011058185482397676,2.7645463e-05,0.0,0,0,0,0,0
6573149-6208-75,34756208,normal,0.0011043136473745108,2.760784e-05,0.0,0,0,0,0,0
9658015-0682-86,82890682,normal,0.0011038767406716943,2.7596918e-05,0.0,0,0,0,0,0
1448050-4999-77,26094999,normal,0.001101010711863637,2.7525268e-05,0.0,0,0,0,1,0
4618512-9559-81,46409559,normal,0.0010993792675435543,2.7484482e-05,0.0,0,0,0,1,0
3744009-6838-76,44416838,normal,0.001099269138649106,2.7481728e-05,0.0,0,0,0,0,0
1971195-3163-89,69523163,normal,0.001097219530493021,2.743049e-05,0.0,0,0,0,0,0
2063691-7235-87,86187235,normal,0.0010958339553326368,2.739585e-05,0.0,0,0,0,0,0
6225700-5396-78,95445396,normal,0.001095280167646706,2.7382004e-05,0.0,0,0,0,0,0
2402739-1545-77,64011545,normal,0.0010950859868898988,2.737715e-05,0.0,0,0,0,1,0
1338967-4876-78,56944876,normal,0.0010943678207695484,2.7359194e-05,0.0,0,0,0,1,0
6801443-2961-79,78922961,normal,0.0010938887717202306,2.734722e-05,0.0,0,0,0,2,0
1930128-8451-81,59358451,normal,0.0010930639691650867,2.7326598e-05,0.0,0,0,0,0,0
2721626-9788-76,32409788,normal,0.0010908478870987892,2.7271199e-05,0.0,0,0,0,0,0
5228081-4066-71,61094066,normal,0.0010904381051659584,2.7260952e-05,0.0,0,0,0,2,0
3250789-4066-91,61094066,normal,0.001089317724108696,2.7232942e-05,0.0,0,0,0,0,1
7612170-0282-73,64010282,normal,0.0010891339043155313,2.7228347e-05,0.0,0,0,0,0,0
1104247-8422-91,38848422,normal,0.001088815159164369,2.7220378e-05,0.0,0,0,0,1,0
5703573-1782-79,80051782,normal,0.0010873954743146896,2.7184888e-05,0.0,0,0,0,0,0
8216329-0213-76,32910213,normal,0.0010863133938983083,2.7157836e-05,0.0,0,0,0,0,0
1268539-7054-90,80787054,normal,0.001083959243260324,2.709898e-05,0.0,0,0,0,1,0
4861925-7304-74,31547304,normal,0.0010830664541572332,2.7076661e-05,0.0,0,0,0,1,0
1734790-9737-80,26339737,normal,0.0010826976504176855,2.7067443e-05,0.0,0,0,0,0,0
1503818-8936-76,37428936,normal,0.0010822528274729848,2.705632e-05,0.0,0,0,0,1,0
2151544-1665-77,52741665,normal,0.0010822227923199534,2.705557e-05,0.0,0,0,0,1,0
5319884-8814-86,31498814,normal,0.0010807696962729096,2.7019243e-05,0.0,0,0,0,1,0
6102891-2903-78,19152903,normal,0.001079954789020121,2.6998869e-05,0.0,0,0,0,1,0
5573330-0838-76,62090838,normal,0.001079254550859332,2.6981364e-05,0.0,0,0,0,0,0
4946259-8422-83,38848422,normal,0.0010790034430101514,2.6975087e-05,0.0,0,0,0,1,0
4788348-0842-74,45740842,normal,0.0010788904037326574,2.697226e-05,0.0,0,0,0,2,0
2254518-4786-82,68564786,normal,0.001078642439097166,2.696606e-05,0.0,0,0,0,1,0
3924447-1729-79,77221729,normal,0.001076896209269762,2.6922404e-05,0.0,0,0,0,0,0
5425548-7890-89,51497890,normal,0.0010761640733107924,2.6904103e-05,0.0,0,0,0,1,0
3613461-6102-88,58536102,normal,0.0010745602194219828,2.6864005e-05,0.0,0,0,0,0,0
9681085-1545-70,64011545,normal,0.0010715383104979992,2.6788459e-05,0.0,0,0,0,1,0
868607-6424-73,59396424,normal,0.0010711777722463012,2.6779444e-05,0.0,0,0,0,0,0
5746243-1923-73,23191923,normal,0.001066901022568345,2.6672526e-05,0.0,0,0,0,0,0
6450735-5970-78,76515970,normal,0.0010667891474440694,2.6669728e-05,0.0,0,0,0,0,0
7441342-2210-83,36722210,normal,0.0010663009015843272,2.6657523e-05,0.0,0,0,0,0,0
9513439-1923-71,23191923,normal,0.0010650183539837599,2.6625457e-05,0.0,0,0,0,1,0
732585-4484-79,95874484,normal,0.0010649461764842272,2.6623655e-05,0.0,0,0,0,1,0
7560642-3375-78,68033375,normal,0.0010640479158610106,2.6601198e-05,0.0,0,0,0,2,0
8972318-8492-77,98228492,normal,0.0010631877230480313,2.6579693e-05,0.0,0,0,0,1,0
7958184-9578-79,44739578,normal,0.0010629474418237805,2.6573687e-05,0.0,0,0,0,0,0
5106858-4932-87,84324932,normal,0.001060505281202495,2.6512631e-05,0.0,0,0,0,2,0
9628145-8422-89,38848422,normal,0.0010599774541333318,2.6499436e-05,0.0,0,0,0,2,0
4059513-9061-91,55149061,normal,0.0010598956141620874,2.649739e-05,0.0,0,0,0,0,0
2453917-5252-67,55915252,normal,0.0010582029353827238,2.6455073e-05,0.0,0,0,0,2,0
1836342-0257-88,60630257,normal,0.0010565391276031733,2.6413478e-05,0.0,0,0,0,3,0
4583875-9817-87,83289817,normal,0.001055981032550335,2.6399526e-05,0.0,0,0,0,0,0
7942783-5764-80,90495764,normal,0.0010557766072452068,2.6394417e-05,0.0,0,0,0,0,0
9026465-8492-78,98228492,normal,0.001055715256370604,2.6392881e-05,0.0,0,0,0,1,0
8714120-9065-77,27499065,normal,0.001053503598086536,2.633759e-05,0.0,0,0,0,0,1
6575620-4493-78,53384493,normal,0.001053220359608531,2.6330508e-05,0.0,0,0,0,0,0
952320-7890-80,51497890,normal,0.0010528939310461283,2.6322348e-05,0.0,0,0,0,1,0
8172799-2041-77,26202041,normal,0.0010518463095650077,2.6296157e-05,0.0,0,0,0,0,0
870447-7425-73,18577425,normal,0.0010497878538444638,2.6244696e-05,0.0,0,0,0,0,0
3658552-5441-86,49965441,normal,0.0010454758303239942,2.6136897e-05,0.0,0,0,0,0,0
9489783-9737-88,26339737,normal,0.0010453263530507684,2.6133159e-05,0.0,0,0,0,0,0
5866946-1648-76,44811648,normal,0.0010451778071001172,2.6129444e-05,0.0,0,0,0,1,0
814149-6102-90,58536102,normal,0.001043669879436493,2.6091746e-05,0.0,0,0,0,0,0
9441036-4900-76,93774900,normal,0.001043044961988926,2.6076124e-05,0.0,0,0,0,1,0
1424701-5929-84,90155929,normal,0.0010421114275231957,2.6052785e-05,0.0,0,0,0,1,0
278006-8021-80,26998021,normal,0.00104151526466012,2.6037882e-05,0.0,0,0,0,1,0
7674178-6054-91,83006054,normal,0.0010412530973553658,2.6031326e-05,0.0,0,0,0,0,0
7448318-9031-74,66369031,normal,0.0010406753281131387,2.6016884e-05,0.0,0,0,0,0,0
3600316-7387-80,64077387,normal,0.0010389211820438504,2.597303e-05,0.0,0,0,0,1,1
1238402-8688-82,76588688,normal,0.001037654816173017,2.594137e-05,0.0,0,0,0,0,0
6168238-7724-83,27557724,normal,0.0010367912473157048,2.591978e-05,0.0,0,0,0,1,0
4016545-8021-84,26998021,normal,0.001035714172758162,2.5892854e-05,0.0,0,0,0,0,0
1405220-9578-77,44739578,normal,0.001035127555951476,2.5878187e-05,0.0,0,0,0,1,0
2215480-9172-89,76949172,normal,0.0010335493134334683,2.5838732e-05,0.0,0,0,0,1,0
8448764-4442-81,25474442,normal,0.0010318160057067871,2.57954e-05,0.0,0,0,0,0,0
8171928-8377-70,90588377,normal,0.0010314835235476494,2.5787087e-05,0.0,0,0,0,0,0
2132825-1923-86,23191923,normal,0.0010313871316611767,2.5784677e-05,0.0,0,0,0,1,0
5250724-2798-78,37632798,normal,0.0010313752572983503,2.5784382e-05,0.0,0,0,0,0,0
4115866-1274-89,12801274,normal,0.0010309042409062386,2.5772606e-05,0.0,0,0,0,0,0
6964470-9172-79,76949172,normal,0.0010298675624653697,2.5746689e-05,0.0,0,0,0,0,0
9792053-1665-85,52741665,normal,0.0010295553365722299,2.5738884e-05,0.0,0,0,0,1,0
4131037-1451-77,19911451,normal,0.0010287525365129113,2.5718813e-05,0.0,0,0,0,0,1
637830-4550-89,42954550,normal,0.0010270869825035334,2.5677175e-05,0.0,0,0,0,1,0
3482963-4218-85,66254218,normal,0.0010265710297971964,2.5664274e-05,0.0,0,0,0,1,1
4304670-7626-82,94527626,normal,0.0010262527503073215,2.565632e-05,0.0,0,0,0,0,0
2508439-1563-81,88461563,normal,0.0010261598508805037,2.5653997e-05,0.0,0,0,0,0,0
3932275-2798-80,37632798,normal,0.0010261510033160448,2.5653775e-05,0.0,0,0,0,1,0
1157327-9578-80,44739578,normal,0.0010237572714686394,2.5593932e-05,0.0,0,0,0,1,0
8857693-5947-90,10045947,normal,0.0010229189647361636,2.5572974e-05,0.0,0,0,0,1,0
3099333-1866-86,65621866,normal,0.0010226574959233403,2.5566438e-05,0.0,0,0,0,0,0
9995724-6060-82,22986060,normal,0.001021111966110766,2.55278e-05,0.0,0,0,0,1,1
3734518-1923-78,23191923,normal,0.001019708695821464,2.5492718e-05,0.0,0,0,0,1,0
8081623-4999-80,26094999,normal,0.0010195404756814241,2.5488513e-05,0.0,0,0,0,1,0
2874222-4066-93,61094066,normal,0.0010195288341492414,2.5488222e-05,0.0,0,0,0,1,0
1529208-5764-78,90495764,normal,0.0010186552535742521,2.5466381e-05,0.0,0,0,0,0,0
3007692-2312-91,28402312,normal,0.0010172611800953746,2.543153e-05,0.0,0,0,0,0,0
4161610-1451-75,19911451,normal,0.0010148135479539633,2.537034e-05,0.0,0,0,0,0,0
1102267-4950-71,57174950,normal,0.0010145872365683317,2.536468e-05,0.0,0,0,0,0,0
7842757-8132-91,36468132,normal,0.0010143269319087267,2.5358175e-05,0.0,0,0,0,1,0
8142268-8451-76,59358451,normal,0.001014286302961409,2.5357158e-05,0.0,0,0,0,0,0
9202854-1981-77,29051981,normal,0.0010132247116416693,2.5330619e-05,0.0,0,0,0,0,0
9290205-8377-85,90588377,normal,0.0010128817521035671,2.5322044e-05,0.0,0,0,0,1,0
2991141-0659-82,76490659,normal,0.0010117359925061464,2.5293399e-05,0.0,0,0,0,0,0
1630808-1648-75,44811648,normal,0.0010101913940161467,2.5254785e-05,0.0,0,0,0,1,0
156955-1274-76,12801274,normal,0.0010080040665343404,2.5200103e-05,0.0,0,0,0,0,0
676013-2311-82,78272311,normal,0.0010078569175675511,2.5196423e-05,0.0,0,0,0,2,0
462853-7387-90,64077387,normal,0.0010074351448565722,2.5185878e-05,0.0,0,0,0,2,1
1910759-3375-88,68033375,normal,0.0010071988217532635,2.517997e-05,0.0,0,0,0,1,0
9410688-6102-76,58536102,normal,0.0010061380453407764,2.5153451e-05,0.0,0,0,0,0,0
4122715-6510-88,16886510,normal,0.0010054646991193295,2.5136616e-05,0.0,0,0,0,2,0
2556063-6264-84,61156264,normal,0.0010036894818767905,2.5092237e-05,0.0,0,0,0,1,0
7615102-5754-79,94265754,normal,0.001000907039269805,2.5022675e-05,0.0,0,0,0,1,1
1424931-8422-85,38848422,normal,0.0010006331140175462,2.5015828e-05,0.0,0,0,0,0,0
3920520-4550-87,42954550,normal,0.0009971436811611056,2.4928593e-05,0.0,0,0,0,1,0
3957589-6208-79,34756208,normal,0.0009971132967621088,2.4927833e-05,0.0,0,0,0,0,0
1701512-9442-87,25209442,normal,0.0009965439094230533,2.4913597e-05,0.0,0,0,0,1,0
4641442-0240-78,69040240,normal,0.0009962160838767886,2.4905401e-05,0.0,0,0,0,0,0
8624999-6274-89,19536274,normal,0.0009949618251994252,2.4874045e-05,0.0,0,0,0,4,1
8402481-5252-82,55915252,normal,0.0009935604175552726,2.4839012e-05,0.0,0,0,0,1,0
5895967-2041-75,26202041,normal,0.0009929864900186658,2.4824662e-05,0.0,0,0,0,1,0
4963330-6274-87,19536274,normal,0.000992537708953023,2.4813442e-05,0.0,0,0,0,2,0
3751727-1665-71,52741665,normal,0.0009880387224256992,2.4700967e-05,0.0,0,0,0,3,0
9770188-5252-71,55915252,normal,0.0009877559496089816,2.46939e-05,0.0,0,0,0,1,0
312825-2041-73,26202041,normal,0.0009855730459094048,2.4639325e-05,0.0,0,0,0,0,0
1299838-8525-94,54138525,normal,0.0009835346136242151,2.4588366e-05,0.0,0,0,0,0,0
7384487-1175-86,79661175,normal,0.0009810540359467268,2.452635e-05,0.0,0,0,0,0,0
2444537-4493-86,53384493,normal,0.0009806378511711955,2.4515946e-05,0.0,0,0,0,1,0
111697-5764-93,90495764,normal,0.000980370445176959,2.450926e-05,0.0,0,0,0,0,0
7523729-8132-89,36468132,normal,0.0009736163774505258,2.434041e-05,0.0,0,0,0,0,1
508250-8964-79,22978964,normal,0.0009735412313602865,2.4338531e-05,0.0,0,0,0,2,0
2997597-7570-85,76017570,normal,0.0009713831823319197,2.428458e-05,0.0,0,0,0,0,0
8194080-9720-78,76159720,normal,0.0009699826478026807,2.4249566e-05,0.0,0,0,0,0,0
3122942-6274-68,19536274,normal,0.000969023909419775,2.4225597e-05,0.0,0,0,0,1,0
1700189-6510-85,16886510,normal,0.0009648806881159544,2.4122017e-05,0.0,0,0,0,0,0
9055673-7054-85,80787054,normal,0.0009608973050490022,2.4022433e-05,0.0,0,0,0,1,0
8480407-9788-85,32409788,normal,0.0009543949272483587,2.3859873e-05,0.0,0,0,0,0,0
7410524-6730-90,35396730,normal,0.0009528289083391428,2.3820723e-05,0.0,0,0,0,0,0
8894529-7738-84,58497738,normal,0.0009475081460550427,2.3687704e-05,0.0,0,0,0,1,0
1936868-0682-80,82890682,normal,0.0009472958627156913,2.3682396e-05,0.0,0,0,0,1,0
7975675-5893-71,63855893,normal,0.0009460860164836049,2.365215e-05,0.0,0,0,0,1,0
2243898-7054-81,80787054,normal,0.0009453996317461133,2.3634992e-05,0.0,0,0,0,0,0
8599396-7890-83,51497890,normal,0.0009424704476259649,2.356176e-05,0.0,0,0,0,0,0
5443428-6510-86,16886510,normal,0.0009417706169188023,2.3544266e-05,0.0,0,0,0,1,0
4838828-7626-80,94527626,normal,0.0009412040235474706,2.3530101e-05,0.0,0,0,0,1,0
8619816-5867-88,82425867,normal,0.0009388982434757054,2.3472456e-05,0.0,0,0,0,1,0
6607523-0257-81,60630257,normal,0.0009368376340717077,2.342094e-05,0.0,0,0,0,1,0
5449225-5580-82,69605580,normal,0.0009354895446449518,2.3387238e-05,0.0,0,0,0,1,0
2029521-0659-79,76490659,normal,0.0009347492596134543,2.3368731e-05,0.0,0,0,0,1,0
4308392-7570-89,76017570,normal,0.00093403912615031,2.3350978e-05,0.0,0,0,0,0,0
4942760-5970-88,76515970,normal,0.000931744696572423,2.3293618e-05,0.0,0,0,0,2,0
4746796-4154-81,34034154,normal,0.0009309800225310028,2.32745e-05,0.0,0,0,0,1,0
376710-2174-90,67292174,normal,0.0009244869579561055,2.3112174e-05,0.0,0,0,0,0,0
3101135-0682-85,82890682,normal,0.0009175279992632568,2.29382e-05,0.0,0,0,0,0,0
9968070-0257-87,60630257,normal,0.0009117642184719443,2.2794105e-05,0.0,0,0,0,0,0
3664547-9720-85,76159720,normal,0.0009115581051446497,2.2788952e-05,0.0,0,0,0,0,1
7157309-3163-85,69523163,normal,0.0009097977308556437,2.2744944e-05,0.0,0,0,0,0,0
999308-7724-84,27557724,normal,0.0009091091342270374,2.2727729e-05,0.0,0,0,0,1,0
6300640-2180-74,94762180,normal,0.0009060616139322519,2.265154e-05,0.0,0,0,0,0,0
9635919-6510-92,16886510,normal,0.0009053404210135341,2.263351e-05,0.0,0,0,0,1,0
4237861-7724-81,27557724,normal,0.0009051530505530536,2.2628827e-05,0.0,0,0,0,1,0
4917129-9578-72,44739578,normal,0.0009025860927067697,2.2564653e-05,0.0,0,0,0,1,0
9645737-1923-80,23191923,normal,0.0009017729898914695,2.2544325e-05,0.0,0,0,0,1,0
2898681-5252-74,55915252,normal,0.0009007339249365032,2.2518348e-05,0.0,0,0,0,1,0
7623923-5386-72,90485386,normal,0.0009002599399536848,2.2506498e-05,0.0,0,0,0,1,0
6365634-6871-79,39376871,normal,0.0008996402611956,2.2491007e-05,0.0,0,0,0,1,0
8063540-6510-73,16886510,normal,0.0008970230701379478,2.2425576e-05,0.0,0,0,0,2,0
9017781-2903-82,19152903,normal,0.0008940425468608737,2.2351063e-05,0.0,0,0,0,0,0
3376185-5893-77,63855893,normal,0.0008925627334974706,2.2314069e-05,0.0,0,0,0,1,0
3354016-4493-93,53384493,normal,0.0008918939274735749,2.2297349e-05,0.0,0,0,0,0,0
3444405-9380-77,18449380,normal,0.0008916634833440185,2.2291588e-05,0.0,0,0,0,0,0
7030060-4578-84,68904578,normal,0.0008892695768736303,2.223174e-05,0.0,0,0,0,0,0
2170999-6102-93,58536102,normal,0.0008873051265254617,2.2182629e-05,0.0,0,0,0,0,0
5226973-5386-76,90485386,normal,0.0008853593608364463,2.2133983e-05,0.0,0,0,0,1,0
7790186-6919-81,76106919,normal,0.0008839555084705353,2.2098888e-05,0.0,0,0,0,1,0
4264468-9788-80,32409788,normal,0.00088394625345245,2.2098657e-05,0.0,0,0,0,0,0
9553709-0240-84,69040240,normal,0.0008817992638796568,2.2044982e-05,0.0,0,0,0,0,0
1208613-0240-91,69040240,normal,0.0008791559957899153,2.19789e-05,0.0,0,0,0,1,0
4856001-3329-90,70183329,normal,0.0008779554045759141,2.1948885e-05,0.0,0,0,0,1,0
4700629-3163-73,69523163,normal,0.0008757226751185954,2.1893067e-05,0.0,0,0,0,1,0
1403091-4932-69,84324932,normal,0.0008739123586565256,2.1847809e-05,0.0,0,0,0,1,0
2199221-7626-77,94527626,normal,0.0008689527167007327,2.1723818e-05,0.0,0,0,0,0,0
5340415-6968-71,14296968,normal,0.0008628552313894033,2.157138e-05,0.0,0,0,0,1,0
5842458-4578-82,68904578,normal,0.0008617680286988616,2.1544201e-05,0.0,0,0,0,1,0
1672208-1729-87,77221729,normal,0.0008604975882917643,2.151244e-05,0.0,0,0,0,0,0
4240699-7054-91,80787054,normal,0.0008592650992795825,2.1481628e-05,0.0,0,0,0,0,0
9890982-4218-81,66254218,normal,0.000855840917211026,2.1396023e-05,0.0,0,0,0,1,1
3333443-7622-83,10437622,normal,0.0008528304751962423,2.1320762e-05,0.0,0,0,0,0,0
8819521-6054-89,83006054,normal,0.0008478457457385957,2.1196143e-05,0.0,0,0,0,1,1
7963485-9578-91,44739578,normal,0.000844962487462908,2.1124062e-05,0.0,0,0,0,2,0
3215889-0682-77,82890682,normal,0.0008381200022995472,2.0953e-05,0.0,0,0,0,0,1
5908591-8021-86,26998021,normal,0.0008344371453858912,2.0860929e-05,0.0,0,0,0,0,0
8592117-7570-82,76017570,normal,0.0008342469809576869,2.0856174e-05,0.0,0,0,0,0,0
4318144-2311-83,78272311,normal,0.0008328431285917759,2.0821079e-05,0.0,0,0,0,1,0
7085974-4571-81,33414571,normal,0.0008277225424535573,2.0693064e-05,0.0,0,0,0,0,0
3057654-3444-90,86943444,normal,0.0008208929793909192,2.0522324e-05,0.0,0,0,0,0,0
1578324-9715-70,59829715,normal,0.0008140451391227543,2.0351128e-05,0.0,0,0,0,2,0
9368653-9892-83,75119892,normal,0.0008118418045341969,2.0296045e-05,0.0,0,0,0,1,0
9259940-6919-84,76106919,normal,0.0008103976724669337,2.0259942e-05,0.0,0,0,0,1,0
3653962-3292-84,75583292,normal,0.0008093588403426111,2.023397e-05,0.0,0,0,0,1,0
6487603-9720-77,76159720,normal,0.0008087971364147961,2.0219928e-05,0.0,0,0,0,0,1
1009058-1981-84,29051981,normal,0.0008087570313364267,2.0218926e-05,0.0,0,0,0,0,0
3805142-7425-79,18577425,normal,0.0008047371520660818,2.0118428e-05,0.0,0,0,0,0,0
5055185-9788-86,32409788,normal,0.0008038987289182842,2.0097468e-05,0.0,0,0,0,1,0
2677511-6729-79,91586729,normal,0.0007984580006450415,1.996145e-05,0.0,0,0,0,1,0
1866850-1451-79,19911451,normal,0.0007963955285958946,1.9909889e-05,0.0,0,0,0,0,0
3075531-2041-70,26202041,normal,0.000792902777902782,1.982257e-05,0.0,0,0,0,0,0
408623-5696-91,77065696,normal,0.0007905350066721439,1.9763374e-05,0.0,0,0,0,0,0
4459251-6919-90,76106919,normal,0.0007870086119510233,1.9675215e-05,0.0,0,0,0,1,0
7120519-0240-82,69040240,normal,0.0007822743500582874,1.955686e-05,0.0,0,0,0,1,0
7137854-0257-74,60630257,normal,0.0007797873113304377,1.9494682e-05,0.0,0,0,0,0,0
6226493-3329-87,70183329,normal,0.0007627386366948485,1.9068466e-05,0.0,0,0,0,0,0
9880874-4442-87,25474442,normal,0.0007604167331010103,1.9010418e-05,0.0,0,0,0,0,0
4643821-1492-67,36481492,normal,0.0007588157895952463,1.8970395e-05,0.0,0,0,0,0,0
5572667-7178-88,66657178,normal,0.0007482030778191984,1.8705077e-05,0.0,0,0,0,1,1
680358-5386-82,90485386,normal,0.000746139558032155,1.8653489e-05,0.0,0,0,0,1,0
6260705-5580-87,69605580,normal,0.0007399689638987184,1.8499224e-05,0.0,0,0,0,0,0
5248776-8669-75,11358669,normal,0.0007394949207082391,1.8487373e-05,0.0,0,0,0,0,0
3975780-0651-79,43510651,normal,0.0007377529400400817,1.8443823e-05,0.0,0,0,0,2,0
7005633-5441-81,49965441,normal,0.0007341447635553777,1.835362e-05,0.0,0,0,0,1,0
9822887-8451-75,59358451,normal,0.0007317151757888496,1.829288e-05,0.0,0,0,0,0,0
3963132-1563-76,88461563,normal,0.0007264823070727289,1.8162058e-05,0.0,0,0,0,1,0
7170807-1782-78,80051782,normal,0.0007095291512086987,1.7738228e-05,0.0,0,0,0,0,0
7757812-1648-71,44811648,normal,0.0007091692532412708,1.7729231e-05,0.0,0,0,0,1,0
6025367-1175-83,79661175,normal,0.0006891577504575253,1.7228944e-05,0.0,0,0,0,0,0
3450949-6968-81,14296968,normal,0.0006825946038588881,1.7064865e-05,0.0,0,0,0,0,0
9808527-3163-83,69523163,normal,0.0006824039155617356,1.7060098e-05,0.0,0,0,0,0,0
3509719-7387-77,64077387,normal,0.0006767539889551699,1.691885e-05,0.0,0,0,0,0,0
5180536-1104-78,37941104,normal,0.0006138405296951532,1.5346013e-05,0.0,0,0,0,2,0
3454191-2311-86,78272311,normal,0.0006008776254020631,1.502194e-05,0.0,0,0,0,1,0
9155725-1545-80,64011545,normal,0.0005890787579119205,1.4726969e-05,0.0,0,0,0,1,0
