ds,trend,yhat_lower,yhat_upper,trend_lower,trend_upper,multiplicative_terms,multiplicative_terms_lower,multiplicative_terms_upper,weekly,weekly_lower,weekly_upper,yearly,yearly_lower,yearly_upper,additive_terms,additive_terms_lower,additive_terms_upper,yhat
2025-01-01,247.86697465,263.9926982185715,348.88952769215405,247.86697465,247.86697465,0.23536352209526643,0.23536352209526643,0.23536352209526643,0.20980460013225888,0.20980460013225888,0.20980460013225888,0.02555892196300755,0.02555892196300755,0.02555892196300755,0.0,0.0,0.0,306.2058188147221
2025-01-02,247.8979517370599,249.99225827721133,338.48842000793826,247.8979517370599,247.8979517370599,0.18678415951634345,0.18678415951634345,0.18678415951634345,0.1699612170002953,0.1699612170002953,0.1699612170002953,0.016822942516048166,0.016822942516048166,0.016822942516048166,0.0,0.0,0.0,294.20136229808975
2025-01-03,247.92892882411974,227.60472280330436,312.3998952128767,247.92892882411974,247.92892882411974,0.08656361085184724,0.08656361085184724,0.08656361085184724,0.0783737088500992,0.0783737088500992,0.0783737088500992,0.008189902001748062,0.008189902001748062,0.008189902001748062,0.0,0.0,0.0,269.3905521377662
2025-01-04,247.95990591117965,92.08725750417099,176.62401795055362,247.95990591117965,247.95990591117965,-0.4641584044331551,-0.4641584044331551,-0.4641584044331551,-0.4639347969594187,-0.4639347969594187,-0.4639347969594187,-0.00022360747373643356,-0.00022360747373643356,-0.00022360747373643356,0.0,0.0,0.0,132.86723162005126
2025-01-05,247.99088299823956,53.654304372514446,144.21023374800976,247.99088299823956,247.99088299823956,-0.6046055586859227,-0.6046055586859227,-0.6046055586859227,-0.5963003767442213,-0.5963003767442213,-0.5963003767442213,-0.008305181941701347,-0.008305181941701347,-0.008305181941701347,0.0,0.0,0.0,98.05421663407364
2025-01-06,248.0218600852994,274.15286841967315,359.68361428805684,248.0218600852994,248.0218600852994,0.2849037011152511,0.2849037011152511,0.2849037011152511,0.3008519627983718,0.3008519627983718,0.3008519627983718,-0.01594826168312067,-0.01594826168312067,-0.01594826168312067,0.0,0.0,0.0,318.6842059810902
2025-01-07,248.0528371723593,275.564215197268,361.11209220770013,248.0528371723593,248.0528371723593,0.2781900655338986,0.2781900655338986,0.2781900655338986,0.3012436849226518,0.3012436849226518,0.3012436849226518,-0.023053619388753215,-0.023053619388753215,-0.023053619388753215,0.0,0.0,0.0,317.0586722012074
2025-01-08,248.08381425941914,250.15249285693776,334.2050003446842,248.08381425941914,248.08381425941914,0.1802739394071865,0.1802739394071865,0.1802739394071865,0.20980460013259503,0.20980460013259503,0.20980460013259503,-0.029530660725408525,-0.029530660725408525,-0.029530660725408525,0.0,0.0,0.0,292.80686075912536
2025-01-09,248.11479134647905,238.57519824904523,325.3069580682208,248.11479134647905,248.11479134647905,0.134662693825758,0.134662693825758,0.134662693825758,0.169961216999966,0.169961216999966,0.169961216999966,-0.035298523174208014,-0.035298523174208014,-0.035298523174208014,0.0,0.0,0.0,281.5265975272118
2025-01-10,248.14576843353893,210.2054236933828,304.1551421329239,248.14576843353893,248.14576843353893,0.038086744340216507,0.038086744340216507,0.038086744340216507,0.0783737088503259,0.0783737088503259,0.0783737088503259,-0.04028696451010939,-0.04028696451010939,-0.04028696451010939,0.0,0.0,0.0,257.5968328749737
2025-01-11,248.17674552059879,79.18790157934002,167.88327669281304,248.17674552059879,248.17674552059879,-0.5083718345919019,-0.5083718345919019,-0.5083718345919019,-0.4639347969602745,-0.4639347969602745,-0.4639347969602745,-0.04443703763162741,-0.04443703763162741,-0.04443703763162741,0.0,0.0,0.0,122.0106780972444
2025-01-12,248.2077226076587,46.937267095877864,129.04581387489304,248.2077226076587,248.2077226076587,-0.644001930227085,-0.644001930227085,-0.644001930227085,-0.5963003767439239,-0.5963003767439239,-0.5963003767439239,-0.047701553483161116,-0.047701553483161116,-0.047701553483161116,0.0,0.0,0.0,88.36147015105762
2025-01-13,248.2386996993423,265.2501442639902,353.0652234624492,248.2386996993423,248.2386996993423,0.25080662438696066,0.25080662438696066,0.25080662438696066,0.30085196279875154,0.30085196279875154,0.30085196279875154,-0.0500453384117909,-0.0500453384117909,-0.0500453384117909,0.0,0.0,0.0,310.49861001314275
2025-01-14,248.26967679102594,272.036947293124,351.51551909228124,248.26967679102594,248.26967679102594,0.24979838856356018,0.24979838856356018,0.24979838856356018,0.30124368492232834,0.30124368492232834,0.30124368492232834,-0.051445296358768156,-0.051445296358768156,-0.051445296358768156,0.0,0.0,0.0,310.28704198262017
2025-01-15,248.3006538827096,244.57664806837124,327.96806686203865,248.3006538827096,248.3006538827096,0.15791431041260484,0.15791431041260484,0.15791431041260484,0.20980460013237826,0.20980460013237826,0.20980460013237826,-0.05189028971977343,-0.05189028971977343,-0.05189028971977343,0.0,0.0,0.0,287.51088041559655
2025-01-16,248.33163097439322,233.7002700395031,319.4761036519633,248.33163097439322,248.33163097439322,0.11858036154309576,0.11858036154309576,0.11858036154309576,0.16996121699953867,0.16996121699953867,0.16996121699953867,-0.05138085545644292,-0.05138085545644292,-0.05138085545644292,0.0,0.0,0.0,277.77888555792345
2025-01-17,248.36260806607686,211.6411205132213,297.8223736654073,248.36260806607686,248.36260806607686,0.02844493377756161,0.02844493377756161,0.02844493377756161,0.07837370884907735,0.07837370884907735,0.07837370884907735,-0.04992877507151573,-0.04992877507151573,-0.04992877507151573,0.0,0.0,0.0,255.4272660053389
2025-01-18,248.39358515776047,78.62918390923407,165.91778563132135,248.39358515776047,248.39358515776047,-0.5114913153214367,-0.5114913153214367,-0.5114913153214367,-0.4639347969592225,-0.4639347969592225,-0.4639347969592225,-0.04755651836221412,-0.04755651836221412,-0.04755651836221412,0.0,0.0,0.0,121.34242356801028
2025-01-19,248.42456224944408,45.669508252821025,133.72195776710248,248.42456224944408,248.42456224944408,-0.6405969582006463,-0.6405969582006463,-0.6405969582006463,-0.5963003767436266,-0.5963003767436266,-0.5963003767436266,-0.0442965814570197,-0.0442965814570197,-0.0442965814570197,0.0,0.0,0.0,89.28454333012309
2025-01-20,248.45553934112772,271.9630791813306,355.3173226095084,248.45553934112772,248.45553934112772,0.26066122323684543,0.26066122323684543,0.26066122323684543,0.3008519627967151,0.3008519627967151,0.3008519627967151,-0.04019073955986971,-0.04019073955986971,-0.04019073955986971,0.0,0.0,0.0,313.2182641457563
2025-01-21,248.48651643281133,270.77746173346264,356.27301769424025,248.48651643281133,248.48651643281133,0.2659544507898159,0.2659544507898159,0.2659544507898159,0.3012436849220048,0.3012436849220048,0.3012436849220048,-0.03528923413218892,-0.03528923413218892,-0.03528923413218892,0.0,0.0,0.0,314.5726114393742
2025-01-22,248.51749352449497,248.15499233571677,335.5810949375259,248.51749352449497,248.51749352449497,0.1801546871163997,0.1801546871163997,0.1801546871163997,0.2098046001326728,0.2098046001326728,0.2098046001326728,-0.029649913016273104,-0.029649913016273104,-0.029649913016273104,0.0,0.0,0.0,293.28908481335225
2025-01-23,248.5484706090016,241.61958119647454,326.43763244230314,248.5484706090016,248.5484706090016,0.14662387666402768,0.14662387666402768,0.14662387666402768,0.16996121699980454,0.16996121699980454,0.16996121699980454,-0.02333734033577687,-0.02333734033577687,-0.02333734033577687,0.0,0.0,0.0,284.9916109086086
2025-01-24,248.57944769350829,221.65814746382233,309.0851424439883,248.57944769350829,248.57944769350829,0.06195181784584125,0.06195181784584125,0.06195181784584125,0.07837370884930397,0.07837370884930397,0.07837370884930397,-0.01642189100346272,-0.01642189100346272,-0.01642189100346272,0.0,0.0,0.0,263.97939635723634
2025-01-25,248.61042477801496,85.7838659768721,172.83154945635502,248.61042477801496,248.61042477801496,-0.4729136393914068,-0.4729136393914068,-0.4729136393914068,-0.4639347969580699,-0.4639347969580699,-0.4639347969580699,-0.00897884243333686,-0.00897884243333686,-0.00897884243333686,0.0,0.0,0.0,131.03916400560033
2025-01-26,248.6414018625216,58.93594841264099,143.0699709572221,248.6414018625216,248.6414018625216,-0.5973878504497134,-0.5973878504497134,-0.5973878504497134,-0.5963003767433293,-0.5963003767433293,-0.5963003767433293,-0.0010874737063841684,-0.0010874737063841684,-0.0010874737063841684,0.0,0.0,0.0,100.10604927106645
2025-01-27,248.67237894702828,284.9782376302901,367.3514757217549,248.67237894702828,248.67237894702828,0.3080217827107869,0.3080217827107869,0.3080217827107869,0.3008519627970948,0.3008519627970948,0.3008519627970948,0.007169819913692052,0.007169819913692052,0.007169819913692052,0.0,0.0,0.0,325.2688884212243
2025-01-28,248.70335603153492,284.40322721858223,372.1931524317904,248.70335603153492,248.70335603153492,0.3169520763942565,0.3169520763942565,0.3169520763942565,0.30124368492213816,0.30124368492213816,0.30124368492213816,0.01570839147211829,0.01570839147211829,0.01570839147211829,0.0,0.0,0.0,327.53040113194993
2025-01-29,248.7343331160416,267.1503343276058,349.4848344322882,248.7343331160416,248.7343331160416,0.23424678236845325,0.23424678236845325,0.23424678236845325,0.20980460013194452,0.20980460013194452,0.20980460013194452,0.02444218223650873,0.02444218223650873,0.02444218223650873,0.0,0.0,0.0,306.9995503130374
2025-01-30,248.76531020054827,257.5082230999581,343.5040573705366,248.76531020054827,248.76531020054827,0.20324575222964927,0.20324575222964927,0.20324575222964927,0.16996121700007039,0.16996121700007039,0.16996121700007039,0.033284535229578895,0.033284535229578895,0.033284535229578895,0.0,0.0,0.0,299.32580280090076
2025-01-31,248.79628728505492,237.91663322957828,320.6797657757577,248.79628728505492,248.79628728505492,0.12052269086670675,0.12052269086670675,0.12052269086670675,0.07837370885068223,0.07837370885068223,0.07837370885068223,0.0421489820160245,0.0421489820160245,0.0421489820160245,0.0,0.0,0.0,278.781885306296
2025-02-01,248.82726436956165,104.69705894446497,188.63775726637974,248.82726436956165,248.82726436956165,-0.41298479353199813,-0.41298479353199813,-0.41298479353199813,-0.4639347969582899,-0.4639347969582899,-0.4639347969582899,0.05095000342629173,0.05095000342629173,0.05095000342629173,0.0,0.0,0.0,146.06538796876632
2025-02-02,248.8582414540683,74.46657573784046,163.21403461272283,248.8582414540683,248.8582414540683,-0.5366966112159043,-0.5366966112159043,-0.5366966112159043,-0.5963003767426235,-0.5963003767426235,-0.5963003767426235,0.05960376552671927,0.05960376552671927,0.05960376552671927,0.0,0.0,0.0,115.29686659252057
2025-02-03,248.8892185426276,297.4543004174596,384.40317828044516,248.8892185426276,248.8892185426276,0.368880795139348,0.368880795139348,0.368880795139348,0.30085196279757437,0.30085196279757437,0.30085196279757437,0.06802883234177363,0.06802883234177363,0.06802883234177363,0.0,0.0,0.0,340.699671380243
2025-02-04,248.92019563118686,300.5242445133404,384.2264479689857,248.92019563118686,248.92019563118686,0.3773905415365252,0.3773905415365252,0.3773905415365252,0.30124368492262465,0.30124368492262465,0.30124368492262465,0.07614685661390051,0.07614685661390051,0.07614685661390051,0.0,0.0,0.0,342.8603230598182
2025-02-05,248.9511727197462,277.8035389906659,363.18039854727806,248.9511727197462,248.9511727197462,0.29368784940802173,0.29368784940802173,0.29368784940802173,0.20980460013279212,0.20980460013279212,0.20980460013279212,0.0838832492752296,0.0838832492752296,0.0838832492752296,0.0,0.0,0.0,322.0651072434134
2025-02-06,248.98214980830548,268.67690331610106,356.71298192528076,248.98214980830548,248.98214980830548,0.2611290443564651,0.2611290443564651,0.2611290443564651,0.16996121700033623,0.16996121700033623,0.16996121700033623,0.09116782735612891,0.09116782735612891,0.09116782735612891,0.0,0.0,0.0,313.99862064956653
2025-02-07,249.01312689686478,249.5596335152078,337.11915757477385,249.01312689686478,249.01312689686478,0.17630914767914918,0.17630914767914918,0.17630914767914918,0.07837370885090891,0.07837370885090891,0.07837370885090891,0.09793543882824027,0.09793543882824027,0.09793543882824027,0.0,0.0,0.0,292.91641906097084
2025-02-08,249.0441039854241,111.36343580459328,202.3189601784266,249.0441039854241,249.0441039854241,-0.35980823550597296,-0.35980823550597296,-0.35980823550597296,-0.46393479695914575,-0.46393479695914575,-0.46393479695914575,0.10412656145317276,0.10412656145317276,0.10412656145317276,0.0,0.0,0.0,159.43598436726262
2025-02-09,249.07508107398337,88.34856689060217,170.2205653402686,249.07508107398337,249.07508107398337,-0.48661250557470115,-0.48661250557470115,-0.48661250557470115,-0.5963003767427346,-0.5963003767427346,-0.5963003767427346,0.1096878711680334,0.1096878711680334,0.1096878711680334,0.0,0.0,0.0,127.8720317963505
2025-02-10,249.10605816254267,310.3056136541768,393.60141552839815,249.10605816254267,249.10605816254267,0.4154247367764516,0.4154247367764516,0.4154247367764516,0.30085196279805393,0.30085196279805393,0.30085196279805393,0.11457277397839766,0.11457277397839766,0.11457277397839766,0.0,0.0,0.0,352.5908768041364
2025-02-11,249.137035251102,310.4546415679877,396.5236388707378,249.137035251102,249.137035251102,0.41998557876740994,0.41998557876740994,0.41998557876740994,0.30124368492275805,0.30124368492275805,0.30124368492275805,0.11874189384465188,0.11874189384465188,0.11874189384465188,0.0,0.0,0.0,353.7709971934327
2025-02-12,249.1680123396613,288.3715142699048,376.1518280616673,249.1680123396613,249.1680123396613,0.33196810786383,0.33196810786383,0.33196810786383,0.20980460013257535,0.20980460013257535,0.20980460013257535,0.12216350773125463,0.12216350773125463,0.12216350773125463,0.0,0.0,0.0,331.8838459362501
2025-02-13,249.19898942822056,282.8016255078573,370.57269022652,249.19898942822056,249.19898942822056,0.29477513493081225,0.29477513493081225,0.29477513493081225,0.1699612169999089,0.1699612169999089,0.1699612169999089,0.12481391793090332,0.12481391793090332,0.12481391793090332,0.0,0.0,0.0,322.6566551615463
2025-02-14,249.22996650328952,259.0857756403493,343.7585892253756,249.22996650328952,249.22996650328952,0.2050514599071179,0.2050514599071179,0.2050514599071179,0.07837370885039796,0.07837370885039796,0.07837370885039796,0.12667775105671994,0.12667775105671994,0.12667775105671994,0.0,0.0,0.0,300.3349349873911
2025-02-15,249.2609435783584,120.51199053182087,208.89368140343703,249.2609435783584,249.2609435783584,-0.3361866241767114,-0.3361866241767114,-0.3361866241767114,-0.4639347969600015,-0.4639347969600015,-0.4639347969600015,0.1277481727832901,0.1277481727832901,0.1277481727832901,0.0,0.0,0.0,165.46274841764836
2025-02-16,249.29192065342735,88.33617857626295,176.08153303653913,249.29192065342735,249.29192065342735,-0.468273369179811,-0.468273369179811,-0.468273369179811,-0.5963003767441785,-0.5963003767441785,-0.5963003767441785,0.1280270075643675,0.1280270075643675,0.1280270075643675,0.0,0.0,0.0,132.55515305974083
2025-02-17,249.3228977284963,315.49072113849166,399.8971579093718,249.3228977284963,249.3228977284963,0.42837671599674926,0.42837671599674926,0.42837671599674926,0.3008519627985335,0.3008519627985335,0.3008519627985335,0.12752475319821577,0.12752475319821577,0.12752475319821577,0.0,0.0,0.0,356.1270218802229
2025-02-18,249.3538748035652,312.4702053111568,399.9021707964209,249.3538748035652,249.3538748035652,0.42750416618807296,0.42750416618807296,0.42750416618807296,0.3012436849224345,0.3012436849224345,0.3012436849224345,0.12626048126563852,0.12626048126563852,0.12626048126563852,0.0,0.0,0.0,355.95369513722846
2025-02-19,249.38485187863412,288.91018556367953,375.902844661518,249.38485187863412,249.38485187863412,0.33406621625986166,0.33406621625986166,0.33406621625986166,0.2098046001328699,0.2098046001328699,0.2098046001328699,0.12426161612699181,0.12426161612699181,0.12426161612699181,0.0,0.0,0.0,332.6959057382555
2025-02-20,249.41582895370306,282.85309108822855,364.84364079133655,249.41582895370306,249.41582895370306,0.29152480430998445,0.29152480430998445,0.29152480430998445,0.16996121700086797,0.16996121700086797,0.16996121700086797,0.12156358730911651,0.12156358730911651,0.12156358730911651,0.0,0.0,0.0,322.1267296812439
2025-02-21,249.44680602877196,254.9286164616833,342.09719115168343,249.44680602877196,249.44680602877196,0.19658306154450947,0.19658306154450947,0.19658306154450947,0.07837370885103864,0.07837370885103864,0.07837370885103864,0.11820935269347083,0.11820935269347083,0.11820935269347083,0.0,0.0,0.0,298.48382285040736
2025-02-22,249.47778310384092,119.82820466810787,204.80084301103892,249.47778310384092,249.47778310384092,-0.34968600408929257,-0.34968600408929257,-0.34968600408929257,-0.4639347969595855,-0.4639347969595855,-0.4639347969595855,0.11424879287029295,0.11424879287029295,0.11424879287029295,0.0,0.0,0.0,162.23889402120355
2025-02-23,249.50876017890985,86.41645109654456,170.33794756234252,249.50876017890985,249.50876017890985,-0.486562396477104,-0.486562396477104,-0.486562396477104,-0.596300376743881,-0.596300376743881,-0.596300376743881,0.10973798026677706,0.10973798026677706,0.10973798026677706,0.0,0.0,0.0,128.10717988422846
2025-02-24,249.5397372551445,304.4353071070397,392.7807506599293,249.5397372551445,249.5397372551445,0.4055902928917167,0.4055902928917167,0.4055902928917167,0.30085196279891324,0.30085196279891324,0.30085196279891324,0.10473833009280348,0.10473833009280348,0.10473833009280348,0.0,0.0,0.0,350.7506323765806
2025-02-25,249.57071433137915,304.9996927928521,393.2569847300858,249.57071433137915,249.57071433137915,0.40055932858929544,0.40055932858929544,0.40055932858929544,0.30124368492233944,0.30124368492233944,0.30124368492233944,0.09931564366695601,0.09931564366695601,0.09931564366695601,0.0,0.0,0.0,349.53859209950724
2025-02-26,249.60169140761383,281.59097717977494,370.7209984018715,249.60169140761383,249.60169140761383,0.3033436583030108,0.3033436583030108,0.3033436583030108,0.20980460013316451,0.20980460013316451,0.20980460013316451,0.09353905816984631,0.09353905816984631,0.09353905816984631,0.0,0.0,0.0,325.31678159781853
2025-02-27,249.63266848384842,271.98725041829766,356.651206404558,249.63266848384842,249.63266848384842,0.2574411371997648,0.2574411371997648,0.2574411371997648,0.1699612169998455,0.1699612169998455,0.1699612169998455,0.08747992019991928,0.08747992019991928,0.08747992019991928,0.0,0.0,0.0,313.8983865405423
2025-02-28,249.6636455600831,246.88449559531227,334.9349956222772,249.6636455600831,249.6636455600831,0.15958431240514745,0.15958431240514745,0.15958431240514745,0.07837370885052769,0.07837370885052769,0.07837370885052769,0.08121060355461976,0.08121060355461976,0.08121060355461976,0.0,0.0,0.0,289.5060467693514
2025-03-01,249.69462263631775,107.7122979796637,193.87622904780642,249.69462263631775,249.69462263631775,-0.3891315026501091,-0.3891315026501091,-0.3891315026501091,-0.4639347969604414,-0.4639347969604414,-0.4639347969604414,0.07480329431033225,0.07480329431033225,0.07480329431033225,0.0,0.0,0.0,152.5305789261955
2025-03-02,249.7255997125524,78.06931788953973,160.6292793616,249.7255997125524,249.7255997125524,-0.5279716083268405,-0.5279716083268405,-0.5279716083268405,-0.5963003767431754,-0.5963003767431754,-0.5963003767431754,0.06832876841633488,0.06832876841633488,0.06832876841633488,0.0,0.0,0.0,117.87757319193132
2025-03-03,249.75657678878702,298.12196709274497,381.56431982859766,249.75657678878702,249.75657678878702,0.3627071513491302,0.3627071513491302,0.3627071513491302,0.30085196279697674,0.30085196279697674,0.30085196279697674,0.06185518855215347,0.06185518855215347,0.06185518855215347,0.0,0.0,0.0,340.34507328655826
2025-03-04,249.78755386502166,294.012873672284,380.07514312744553,249.78755386502166,249.78755386502166,0.35669063276692103,0.35669063276692103,0.35669063276692103,0.30124368492305437,0.30124368492305437,0.30124368492305437,0.05544694784386667,0.05544694784386667,0.05544694784386667,0.0,0.0,0.0,338.8844345104376
2025-03-05,249.8185309412563,269.49561411668327,359.37784466474227,249.8185309412563,249.8185309412563,0.2589681882614292,0.2589681882614292,0.2589681882614292,0.2098046001324363,0.2098046001324363,0.2098046001324363,0.049163588128992915,0.049163588128992915,0.049163588128992915,0.0,0.0,0.0,314.51358329324523
2025-03-06,249.84950801749093,257.39710235684066,344.30101791446396,249.84950801749093,249.84950801749093,0.2130200367599359,0.2130200367599359,0.2130200367599359,0.16996121700011135,0.16996121700011135,0.16996121700011135,0.04305881975982453,0.04305881975982453,0.04305881975982453,0.0,0.0,0.0,303.07245939982874
2025-03-07,249.88048508783754,235.8767446394872,324.294039086402,249.88048508783754,249.88048508783754,0.11555337727852188,0.11555337727852188,0.11555337727852188,0.07837370885075437,0.07837370885075437,0.07837370885075437,0.037179668427767515,0.037179668427767515,0.037179668427767515,0.0,0.0,0.0,278.75501905573253
2025-03-08,249.91146215818418,99.39296491865905,180.8163707393905,249.91146215818418,249.91146215818418,-0.4323690247790958,-0.4323690247790958,-0.4323690247790958,-0.4639347969606613,-0.4639347969606613,-0.4639347969606613,0.03156577218156558,0.03156577218156558,0.03156577218156558,0.0,0.0,0.0,141.85748698373217
2025-03-09,249.94243922853073,65.82155492899433,154.0942763109462,249.94243922853073,249.94243922853073,-0.570051528003683,-0.570051528003683,-0.570051528003683,-0.5963003767424697,-0.5963003767424697,-0.5963003767424697,0.026248848738786704,0.026248848738786704,0.026248848738786704,0.0,0.0,0.0,107.46236983333911
2025-03-10,249.97341629887737,289.68148536491157,372.966591988634,249.97341629887737,249.97341629887737,0.3221043122064149,0.3221043122064149,0.3221043122064149,0.3008519627973564,0.3008519627973564,0.3008519627973564,0.021252349409058447,0.021252349409058447,0.021252349409058447,0.0,0.0,0.0,330.49093162571506
2025-03-11,250.00439336922395,284.405360638729,372.79406233613116,250.00439336922395,250.00439336922395,0.3178349964725254,0.3178349964725254,0.3178349964725254,0.30124368492295933,0.30124368492295933,0.30124368492295933,0.01659131154956605,0.01659131154956605,0.01659131154956605,0.0,0.0,0.0,329.4645388538471
2025-03-12,250.03537043957056,264.0230670535331,348.61407167970884,250.03537043957056,250.03537043957056,0.22207701669298283,0.22207701669298283,0.22207701669298283,0.2098046001327309,0.2098046001327309,0.2098046001327309,0.01227241656025193,0.01227241656025193,0.01227241656025193,0.0,0.0,0.0,305.56247957451524
2025-03-13,250.0663475099172,251.46703523209976,338.61033145739475,250.0663475099172,250.0663475099172,0.17825547213008924,0.17825547213008924,0.17825547213008924,0.16996121699968403,0.16996121699968403,0.16996121699968403,0.008294255130405184,0.008294255130405184,0.008294255130405184,0.0,0.0,0.0,294.64204234914445
2025-03-14,250.09732458026375,227.24885242046315,313.6860707173844,250.09732458026375,250.09732458026375,0.08302150476106651,0.08302150476106651,0.08302150476106651,0.07837370885024342,0.07837370885024342,0.07837370885024342,0.004647795910823078,0.004647795910823078,0.004647795910823078,0.0,0.0,0.0,270.8607808036341
2025-03-15,250.12830165061038,94.81817617311556,178.20629324504034,250.12830165061038,250.12830165061038,-0.4626177487946412,-0.4626177487946412,-0.4626177487946412,-0.4639347969588728,-0.4639347969588728,-0.4639347969588728,0.0013170481642316208,0.0013170481642316208,0.0013170481642316208,0.0,0.0,0.0,134.41450983117807
2025-03-16,250.15927872095696,59.38797675107526,143.08683808649846,250.15927872095696,250.15927872095696,-0.5980204733384609,-0.5980204733384609,-0.5980204733384609,-0.5963003767425807,-0.5963003767425807,-0.5963003767425807,-0.0017200965958800952,-0.0017200965958800952,-0.0017200965958800952,0.0,0.0,0.0,100.55890845024231
2025-03-17,250.19025579130357,282.601880022172,366.8445674714008,250.19025579130357,250.19025579130357,0.29636109853453474,0.29636109853453474,0.29636109853453474,0.3008519627979358,0.3008519627979358,0.3008519627979358,-0.0044908642634010594,-0.0044908642634010594,-0.0044908642634010594,0.0,0.0,0.0,324.3369148402506
2025-03-18,250.22123288196465,281.7794699790158,366.63797642171994,250.22123288196465,250.22123288196465,0.29421722065751504,0.29421722065751504,0.29421722065751504,0.3012436849226358,0.3012436849226358,0.3012436849226358,-0.007026464265120791,-0.007026464265120791,-0.007026464265120791,0.0,0.0,0.0,323.8406285699931
2025-03-19,250.25220997262576,259.1524394939056,343.3260382434717,250.25220997262576,250.25220997262576,0.20044374849240898,0.20044374849240898,0.20044374849240898,0.20980460013251404,0.20980460013251404,0.20980460013251404,-0.009360851640105056,-0.009360851640105056,-0.009360851640105056,0.0,0.0,0.0,300.41370100804824
2025-03-20,250.28318706328682,245.4202131012705,332.2803044981887,250.28318706328682,250.28318706328682,0.15843179883683103,0.15843179883683103,0.15843179883683103,0.16996121700004793,0.16996121700004793,0.16996121700004793,-0.0115294181632169,-0.0115294181632169,-0.0115294181632169,0.0,0.0,0.0,289.93600260833847
2025-03-21,250.3141641539479,222.9998880673696,313.0390200482475,250.3141641539479,250.3141641539479,0.06480606048523219,0.06480606048523219,0.06480606048523219,0.0783737088504701,0.0783737088504701,0.0783737088504701,-0.01356764836523791,-0.01356764836523791,-0.01356764836523791,0.0,0.0,0.0,266.536039016419
2025-03-22,250.34514124460895,86.66296490829421,170.69189811829798,250.34514124460895,250.34514124460895,-0.4794445750772985,-0.4794445750772985,-0.4794445750772985,-0.46393479695909273,-0.46393479695909273,-0.46393479695909273,-0.015509778118205772,-0.015509778118205772,-0.015509778118205772,0.0,0.0,0.0,130.31852137792114
2025-03-23,250.37611833527004,53.155445628830805,140.63822974306194,250.37611833527004,250.37611833527004,-0.6136878709849937,-0.6136878709849937,-0.6136878709849937,-0.596300376741875,-0.596300376741875,-0.596300376741875,-0.017387494243118702,-0.017387494243118702,-0.017387494243118702,0.0,0.0,0.0,96.72333132861134
2025-03-24,250.40709542593115,280.12366978371693,365.69140451586355,250.40709542593115,250.40709542593115,0.2816232494921378,0.2816232494921378,0.2816232494921378,0.30085196279831544,0.30085196279831544,0.30085196279831544,-0.019228713306177647,-0.019228713306177647,-0.019228713306177647,0.0,0.0,0.0,320.9275553356697
2025-03-25,250.43807251659223,278.18796403835495,361.0680427193128,250.43807251659223,250.43807251659223,0.28018720854483564,0.28018720854483564,0.28018720854483564,0.3012436849225407,0.3012436849225407,0.3012436849225407,-0.02105647637770508,-0.02105647637770508,-0.02105647637770508,0.0,0.0,0.0,320.60761696836533
2025-03-26,250.46904960725328,256.39218786747864,340.76254783227864,250.46904960725328,250.46904960725328,0.1869166060871257,0.1869166060871257,0.1869166060871257,0.2098046001328502,0.2098046001328502,0.2098046001328502,-0.022887994045724506,-0.022887994045724506,-0.022887994045724506,0.0,0.0,0.0,297.285874289709
2025-03-27,250.50002669791436,243.16167030108295,332.3453979342355,250.50002669791436,250.50002669791436,0.1452273445533731,0.1452273445533731,0.1452273445533731,0.16996121700031377,0.16996121700031377,0.16996121700031377,-0.024733872446940676,-0.024733872446940676,-0.024733872446940676,0.0,0.0,0.0,286.87948038580157
2025-03-28,250.53100379716466,219.55871526466646,304.795958486103,250.53100379716466,250.53100379716466,0.051776162272527515,0.051776162272527515,0.051776162272527515,0.07837370884922157,0.07837370884922157,0.07837370884922157,-0.026597546576694057,-0.026597546576694057,-0.026597546576694057,0.0,0.0,0.0,263.50253770406584
2025-03-29,250.561980896415,85.1265670131435,172.21810491865787,250.561980896415,250.561980896415,-0.4924097387325062,-0.4924097387325062,-0.4924097387325062,-0.4639347969599485,-0.4639347969599485,-0.4639347969599485,-0.028474941772557723,-0.028474941772557723,-0.028474941772557723,0.0,0.0,0.0,127.18282134691209
2025-03-30,250.59295799566536,51.49269736120719,136.39577716194768,250.59295799566536,250.59295799566536,-0.6266547549095394,-0.6266547549095394,-0.6266547549095394,-0.5963003767415778,-0.5963003767415778,-0.5963003767415778,-0.03035437816796173,-0.03035437816796173,-0.03035437816796173,0.0,0.0,0.0,93.5576893208352
2025-03-31,250.62393509491574,276.74810330188126,359.5643325179247,250.62393509491574,250.62393509491574,0.2686352365572774,0.2686352365572774,0.2686352365572774,0.3008519627962791,0.3008519627962791,0.3008519627962791,-0.03221672623900172,-0.03221672623900172,-0.03221672623900172,0.0,0.0,0.0,317.9503551860542
2025-04-01,250.65491219416603,275.08549783441873,360.4841267992485,250.65491219416603,250.65491219416603,0.26720787041983696,0.26720787041983696,0.26720787041983696,0.3012436849222172,0.3012436849222172,0.3012436849222172,-0.03403581450238022,-0.03403581450238022,-0.03403581450238022,0.0,0.0,0.0,317.6318774918404
2025-04-02,250.68588929341638,251.2406069703493,337.6654208468689,250.68588929341638,250.68588929341638,0.1740255169765922,0.1740255169765922,0.1740255169765922,0.20980460013263336,0.20980460013263336,0.20980460013263336,-0.0357790831560412,-0.0357790831560412,-0.0357790831560412,0.0,0.0,0.0,294.31163077643987
2025-04-03,250.71686639266673,242.55469383533983,329.53927755302607,250.71686639266673,250.71686639266673,0.13255274680606183,0.13255274680606183,0.13255274680606183,0.16996121700057965,0.16996121700057965,0.16996121700057965,-0.037408470194517825,-0.037408470194517825,-0.037408470194517825,0.0,0.0,0.0,283.95007570362316
2025-04-04,250.74784349191708,218.75445435900673,303.37431890330106,250.74784349191708,250.74784349191708,0.039492199363240374,0.039492199363240374,0.039492199363240374,0.07837370884944822,0.07837370884944822,0.07837370884944822,-0.03888150948620784,-0.03888150948620784,-0.03888150948620784,0.0,0.0,0.0,260.6504273170025
2025-04-05,250.77882059116746,80.0400147835772,167.78152076507064,250.77882059116746,250.77882059116746,-0.5040874106382944,-0.5040874106382944,-0.5040874106382944,-0.4639347969601684,-0.4639347969601684,-0.4639347969601684,-0.040152613678125934,-0.040152613678125934,-0.040152613678125934,0.0,0.0,0.0,124.36437427644046
2025-04-06,250.80979769041775,46.9114076057809,129.17874926386605,250.80979769041775,250.80979769041775,-0.6374748855391574,-0.6374748855391574,-0.6374748855391574,-0.5963003767434298,-0.5963003767434298,-0.5963003767434298,-0.0411745087957275,-0.0411745087957275,-0.0411745087957275,0.0,0.0,0.0,90.92485061561946
2025-04-07,250.8407747896681,272.9214454118498,359.2275038186994,250.8407747896681,250.8407747896681,0.25895218058158065,0.25895218058158065,0.25895218058158065,0.3008519627967587,0.3008519627967587,0.3008519627967587,-0.041899782215178046,-0.041899782215178046,-0.041899782215178046,0.0,0.0,0.0,315.79654040022587
2025-04-08,250.8717518936877,271.5583904615423,359.32983663101635,250.8717518936877,250.8717518936877,0.2589611834493911,0.2589611834493911,0.2589611834493911,0.30124368492235054,0.30124368492235054,0.30124368492235054,-0.042282501472959436,-0.042282501472959436,-0.042282501472959436,0.0,0.0,0.0,315.8377976580991
2025-04-09,250.9027289977073,250.8091391139397,339.57029676552594,250.9027289977073,250.9027289977073,0.167524741851164,0.167524741851164,0.167524741851164,0.20980460013292795,0.20980460013292795,0.20980460013292795,-0.04227985828176395,-0.04227985828176395,-0.04227985828176395,0.0,0.0,0.0,292.9351439028008
2025-04-10,250.9337061017269,242.35062286055393,326.40434627106595,250.9337061017269,250.9337061017269,0.12810742674419023,0.12810742674419023,0.12810742674419023,0.16996121700015232,0.16996121700015232,0.16996121700015232,-0.04185379025596207,-0.04185379025596207,-0.04185379025596207,0.0,0.0,0.0,283.08017747380205
2025-04-11,250.9646832057465,215.2101877321777,301.1103712677476,250.9646832057465,250.9646832057465,0.03740117655669236,0.03740117655669236,0.03740117655669236,0.07837370885082648,0.07837370885082648,0.07837370885082648,-0.04097253229413411,-0.04097253229413411,-0.04097253229413411,0.0,0.0,0.0,260.351057631819
2025-04-12,250.99566030976612,79.17874344049628,166.59332837863636,250.99566030976612,250.99566030976612,-0.5035468473237934,-0.5035468473237934,-0.5035468473237934,-0.46393479696102435,-0.46393479696102435,-0.46393479696102435,-0.039612050362769054,-0.039612050362769054,-0.039612050362769054,0.0,0.0,0.0,124.60758686882961
2025-04-13,251.02663741378572,49.53989217214086,134.08218328681582,251.02663741378572,251.02663741378572,-0.6340576893221112,-0.6340576893221112,-0.6340576893221112,-0.5963003767431325,-0.5963003767431325,-0.5963003767431325,-0.03775731257897858,-0.03775731257897858,-0.03775731257897858,0.0,0.0,0.0,91.86126773690133
2025-04-14,251.05761451780532,277.014069939623,364.0072546232294,251.05761451780532,251.05761451780532,0.26544860682875915,0.26544860682875915,0.26544860682875915,0.30085196279723825,0.30085196279723825,0.30085196279723825,-0.035403355968479086,-0.035403355968479086,-0.035403355968479086,0.0,0.0,0.0,317.7005085253084
2025-04-15,251.08859162182492,275.68746143374256,364.82939068330927,251.08859162182492,251.08859162182492,0.268687572917349,0.268687572917349,0.268687572917349,0.301243684922027,0.301243684922027,0.301243684922027,-0.032556112004677985,-0.032556112004677985,-0.032556112004677985,0.0,0.0,0.0,318.5529758919285
2025-04-16,251.11956872584452,253.7326787608465,340.2000801671991,251.11956872584452,251.11956872584452,0.18057164022603728,0.18057164022603728,0.18057164022603728,0.20980460013275265,0.20980460013275265,0.20980460013275265,-0.02923295990671537,-0.02923295990671537,-0.02923295990671537,0.0,0.0,0.0,296.46464114352534
2025-04-17,251.15054582986411,245.19133812148783,329.3789888060213,251.15054582986411,251.15054582986411,0.1444982334551433,0.1444982334551433,0.1444982334551433,0.169961216999725,0.169961216999725,0.169961216999725,-0.025462983544581697,-0.025462983544581697,-0.025462983544581697,0.0,0.0,0.0,287.4413560335745
2025-04-18,251.18152293388374,222.18962893036587,307.4842568745483,251.18152293388374,251.18152293388374,0.05708679335675819,0.05708679335675819,0.05708679335675819,0.07837370885031557,0.07837370885031557,0.07837370885031557,-0.021286915493557386,-0.021286915493557386,-0.021286915493557386,0.0,0.0,0.0,265.5206706286462
2025-04-19,251.21250004755916,91.08352295076965,173.08434532994852,251.21250004755916,251.21250004755916,-0.48069155705621747,-0.48069155705621747,-0.48069155705621747,-0.46393479696060835,-0.46393479696060835,-0.46393479696060835,-0.01675676009560909,-0.01675676009560909,-0.01675676009560909,0.0,0.0,0.0,130.45677224771285
2025-04-20,251.24347716123455,59.547019402421576,140.57156976034145,251.24347716123455,251.24347716123455,-0.6082354728442827,-0.6082354728442827,-0.6082354728442827,-0.5963003767428352,-0.5963003767428352,-0.5963003767428352,-0.011935096101447518,-0.011935096101447518,-0.011935096101447518,0.0,0.0,0.0,98.42828203102931
2025-04-21,251.27445427490997,282.2606618985923,368.54177790575375,251.27445427490997,251.27445427490997,0.29395789445365944,0.29395789445365944,0.29395789445365944,0.30085196279761794,0.30085196279761794,0.30085196279761794,-0.006894068343958486,-0.006894068343958486,-0.006894068343958486,0.0,0.0,0.0,325.13856378355484
2025-04-22,251.3054313885854,284.3320536859838,370.5344406238624,251.3054313885854,251.3054313885854,0.29952959823515374,0.29952959823515374,0.29952959823515374,0.301243684922742,0.301243684922742,0.301243684922742,-0.0017140866875882503,-0.0017140866875882503,-0.0017140866875882503,0.0,0.0,0.0,326.57884628672036
2025-04-23,251.3364085022608,261.41230678861587,348.12617761902186,251.3364085022608,251.3364085022608,0.21332234117314813,0.21332234117314813,0.21332234117314813,0.2098046001330473,0.2098046001330473,0.2098046001330473,0.003517741040100872,0.003517741040100872,0.003517741040100872,0.0,0.0,0.0,304.95207958601384
2025-04-24,251.36738561593623,254.83584925168591,340.7068599427562,251.36738561593623,251.36738561593623,0.17867062454035604,0.17867062454035604,0.17867062454035604,0.16996121699999084,0.16996121699999084,0.16996121699999084,0.008709407540365206,0.008709407540365206,0.008709407540365206,0.0,0.0,0.0,296.27935339301206
2025-04-25,251.39836272961165,234.044067809403,316.67490206665843,251.39836272961165,251.39836272961165,0.09213970312945094,0.09213970312945094,0.09213970312945094,0.07837370884980463,0.07837370884980463,0.07837370884980463,0.013765994279646313,0.013765994279646313,0.013765994279646313,0.0,0.0,0.0,274.56213323874806
2025-04-26,251.42933984328707,98.50802363452314,184.4973151208975,251.42933984328707,251.42933984328707,-0.44534299524020865,-0.44534299524020865,-0.44534299524020865,-0.4639347969614641,-0.4639347969614641,-0.4639347969614641,0.018591801721255484,0.018591801721255484,0.018591801721255484,0.0,0.0,0.0,139.4570445462093
2025-04-27,251.4603169569625,66.49835763043545,150.56125256184788,251.4603169569625,251.4603169569625,-0.5732078078126112,-0.5732078078126112,-0.5732078078126112,-0.5963003767446874,-0.5963003767446874,-0.5963003767446874,0.023092568932076285,0.023092568932076285,0.023092568932076285,0.0,0.0,0.0,107.32129992219765
2025-04-28,251.49129407063785,290.9213053259646,375.7538390284029,251.49129407063785,251.49129407063785,0.3280296892247144,0.3280296892247144,0.3280296892247144,0.30085196279799764,0.30085196279799764,0.30085196279799764,0.02717772642671679,0.02717772642671679,0.02717772642671679,0.0,0.0,0.0,333.98790510735046
2025-04-29,251.52227119313895,291.7435379077694,376.58707051030063,251.52227119313895,251.52227119313895,0.3320063089885509,0.3320063089885509,0.3320063089885509,0.3012436849226469,0.3012436849226469,0.3012436849226469,0.030762624065903965,0.030762624065903965,0.030762624065903965,0.0,0.0,0.0,335.02925208039034
2025-04-30,251.55324831564002,267.9802672601553,352.97318557271814,251.55324831564002,251.55324831564002,0.24357527546405416,0.24357527546405416,0.24357527546405416,0.20980460013231902,0.20980460013231902,0.20980460013231902,0.03377067533173514,0.03377067533173514,0.03377067533173514,0.0,0.0,0.0,312.8254000679996
2025-05-01,251.58422543814106,260.1815964237328,345.40897888572664,251.58422543814106,251.58422543814106,0.2060965773956609,0.2060965773956609,0.2060965773956609,0.16996121700025674,0.16996121700025674,0.16996121700025674,0.03613536039540419,0.03613536039540419,0.03613536039540419,0.0,0.0,0.0,303.4348732276803
2025-05-02,251.61520256064213,238.16150159921133,323.20817715248,251.61520256064213,251.61520256064213,0.11617574191596423,0.11617574191596423,0.11617574191596423,0.07837370885003128,0.07837370885003128,0.07837370885003128,0.037802033065932945,0.037802033065932945,0.037802033065932945,0.0,0.0,0.0,280.84678539546036
2025-05-03,251.6461796831432,101.37153128114618,188.63782195134613,251.6461796831432,251.6461796831432,-0.42520531604859496,-0.42520531604859496,-0.42520531604859496,-0.46393479695903966,-0.46393479695903966,-0.46393479695903966,0.03872948091044473,0.03872948091044473,0.03872948091044473,0.0,0.0,0.0,144.6448863185508
2025-05-04,251.67715680564424,69.64330990421472,154.5617558021172,251.67715680564424,251.67715680564424,-0.5574091832713948,-0.5574091832713948,-0.5574091832713948,-0.5963003767439816,-0.5963003767439816,-0.5963003767439816,0.03889119347258677,0.03889119347258677,0.03889119347258677,0.0,0.0,0.0,111.38999838254333
2025-05-05,251.70813392814532,289.10540177543237,378.21393018135853,251.70813392814532,251.70813392814532,0.3391282632476333,0.3391282632476333,0.3391282632476333,0.3008519627984772,0.3008519627984772,0.3008519627984772,0.03827630044915608,0.03827630044915608,0.03827630044915608,0.0,0.0,0.0,337.06947623249994
2025-05-06,251.7391110506464,289.9819237975724,379.3011203757637,251.7391110506464,251.7391110506464,0.3381338346672058,0.3381338346672058,0.3381338346672058,0.3012436849225518,0.3012436849225518,0.3012436849225518,0.036890149744653995,0.036890149744653995,0.036890149744653995,0.0,0.0,0.0,336.860622005915
2025-05-07,251.77008817314743,267.2575031909103,356.283813720716,251.77008817314743,251.77008817314743,0.24455910443217968,0.24455910443217968,0.24455910443217968,0.20980460013261362,0.20980460013261362,0.20980460013261362,0.034754504299566044,0.034754504299566044,0.034754504299566044,0.0,0.0,0.0,313.3427554595833
2025-05-08,251.8010652956485,260.9854029901967,343.08790963846747,251.8010652956485,251.8010652956485,0.2018685632492047,0.2018685632492047,0.2018685632492047,0.16996121699992744,0.16996121699992744,0.16996121699992744,0.031907346249277276,0.031907346249277276,0.031907346249277276,0.0,0.0,0.0,302.63178457150025
2025-05-09,251.8320424181496,235.5155826150601,322.23780865733926,251.8320424181496,251.8320424181496,0.10677599590921359,0.10677599590921359,0.10677599590921359,0.07837370885025799,0.07837370885025799,0.07837370885025799,0.028402287058955596,0.028402287058955596,0.028402287058955596,0.0,0.0,0.0,278.7216595491988
2025-05-10,251.86301958514966,98.51498803370963,184.867965731042,251.86301958514966,251.86301958514966,-0.4396272044346062,-0.4396272044346062,-0.4396272044346062,-0.4639347969598956,-0.4639347969598956,-0.4639347969598956,0.02430759252528942,0.02430759252528942,0.02430759252528942,0.0,0.0,0.0,141.13718438447185
2025-05-11,251.89399675214972,66.05785635518785,149.91766098171013,251.89399675214972,251.89399675214972,-0.5765955350815253,-0.5765955350815253,-0.5765955350815253,-0.5963003767440926,-0.5963003767440926,-0.5963003767440926,0.01970484166256735,0.01970484166256735,0.01970484166256735,0.0,0.0,0.0,106.65304291101997
2025-05-12,251.92497391914978,291.48541310083493,373.83309618030046,251.92497391914978,251.92497391914978,0.31553921101869287,0.31553921101869287,0.31553921101869287,0.30085196279895676,0.30085196279895676,0.30085196279895676,0.014687248219736118,0.014687248219736118,0.014687248219736118,0.0,0.0,0.0,331.4171814255031
2025-05-13,251.95595108614984,286.8458403604699,372.3932672576441,251.95595108614984,251.95595108614984,0.3106013675623017,0.3106013675623017,0.3106013675623017,0.3012436849222283,0.3012436849222283,0.3012436849222283,0.009357682640073393,0.009357682640073393,0.009357682640073393,0.0,0.0,0.0,330.21381405896835
2025-05-14,251.98692825314987,261.8593515315975,345.365065008699,251.98692825314987,251.98692825314987,0.2136310405551219,0.2136310405551219,0.2136310405551219,0.2098046001323968,0.2098046001323968,0.2098046001323968,0.003826440422725095,0.003826440422725095,0.003826440422725095,0.0,0.0,0.0,305.8191579421591
2025-05-15,252.01790542014993,250.97954314315564,338.77051816416514,252.01790542014993,252.01790542014993,0.1681700268461678,0.1681700268461678,0.1681700268461678,0.1699612169995001,0.1699612169995001,0.1699612169995001,-0.001791190153332298,-0.001791190153332298,-0.001791190153332298,0.0,0.0,0.0,294.3997633403715
2025-05-16,252.04888258715,228.8834198838146,312.0408952460492,252.04888258715,252.04888258715,0.07099620652461353,0.07099620652461353,0.07099620652461353,0.07837370884974704,0.07837370884974704,0.07837370884974704,-0.007377502325133517,-0.007377502325133517,-0.007377502325133517,0.0,0.0,0.0,269.9433971096053
2025-05-17,252.07985975415005,88.70320914488336,172.66069136017794,252.07985975415005,252.07985975415005,-0.47674982135814525,-0.47674982135814525,-0.47674982135814525,-0.4639347969601154,-0.4639347969601154,-0.4639347969601154,-0.01281502439802985,-0.01281502439802985,-0.01281502439802985,0.0,0.0,0.0,131.9008316483727
2025-05-18,252.1108369211501,56.02045515604491,142.13556179538853,252.1108369211501,252.1108369211501,-0.6142895640181885,-0.6142895640181885,-0.6142895640181885,-0.596300376743387,-0.596300376743387,-0.596300376743387,-0.01798918727480152,-0.01798918727480152,-0.01798918727480152,0.0,0.0,0.0,97.2417808245962
2025-05-19,252.14181408815017,280.1881811347271,366.2985313375973,252.14181408815017,252.14181408815017,0.2780610229172533,0.2780610229172533,0.2780610229172533,0.3008519627969204,0.3008519627969204,0.3008519627969204,-0.022790939879667012,-0.022790939879667012,-0.022790939879667012,0.0,0.0,0.0,322.2526248337131
2025-05-20,252.1727912551502,279.75943899889114,364.5912550265932,252.1727912551502,252.1727912551502,0.2741244375872448,0.2741244375872448,0.2741244375872448,0.3012436849231717,0.3012436849231717,0.3012436849231717,-0.027119247335926928,-0.027119247335926928,-0.027119247335926928,0.0,0.0,0.0,321.2995158327739
2025-05-21,252.20376843529976,254.66668296269702,343.4349704038182,252.20376843529976,252.20376843529976,0.17892119070705115,0.17892119070705115,0.17892119070705115,0.20980460013269137,0.20980460013269137,0.20980460013269137,-0.030883409425640215,-0.030883409425640215,-0.030883409425640215,0.0,0.0,0.0,297.328366984549
2025-05-22,252.23474561544927,242.95388728622413,329.34073259318876,252.23474561544927,252.23474561544927,0.13595607580514302,0.13595607580514302,0.13595607580514302,0.16996121700045916,0.16996121700045916,0.16996121700045916,-0.03400514119531614,-0.03400514119531614,-0.03400514119531614,0.0,0.0,0.0,286.52759181103426
2025-05-23,252.26572279559886,219.02941916112434,305.5006712330444,252.26572279559886,252.26572279559886,0.041953345385342115,0.041953345385342115,0.041953345385342115,0.07837370884923606,0.07837370884923606,0.07837370884923606,-0.03642036346389395,-0.03642036346389395,-0.03642036346389395,0.0,0.0,0.0,262.84911379292555
2025-05-24,252.29669997574837,83.70602665713427,166.95322607921906,252.29669997574837,252.29669997574837,-0.5020154552440976,-0.5020154552440976,-0.5020154552440976,-0.46393479695832684,-0.46393479695832684,-0.46393479695832684,-0.038080658285770765,-0.038080658285770765,-0.038080658285770765,0.0,0.0,0.0,125.63985728083954
2025-05-25,252.3276771558979,46.680058330073976,134.3059846902895,252.3276771558979,252.3276771558979,-0.635254729673048,-0.635254729673048,-0.635254729673048,-0.5963003767430897,-0.5963003767430897,-0.5963003767430897,-0.03895435292995835,-0.03895435292995835,-0.03895435292995835,0.0,0.0,0.0,92.03532681519985
2025-05-26,252.35865433604746,275.6934171761941,359.4288493208052,252.35865433604746,252.35865433604746,0.26182475736611044,0.26182475736611044,0.26182475736611044,0.3008519627973001,0.3008519627973001,0.3008519627973001,-0.03902720543118971,-0.03902720543118971,-0.03902720543118971,0.0,0.0,0.0,318.43239777682123
2025-05-27,252.38963151619697,275.827275627893,362.9584071521591,252.38963151619697,252.38963151619697,0.26294100992740616,0.26294100992740616,0.26294100992740616,0.3012436849228482,0.3012436849228482,0.3012436849228482,-0.038302674995442015,-0.038302674995442015,-0.038302674995442015,0.0,0.0,0.0,318.7532161222717
2025-05-28,252.42060869634656,253.32999442049186,338.4477069645228,252.42060869634656,252.42060869634656,0.17300282890720547,0.17300282890720547,0.17300282890720547,0.20980460013247457,0.20980460013247457,0.20980460013247457,-0.036801771225269106,-0.036801771225269106,-0.036801771225269106,0.0,0.0,0.0,296.09008807529324
2025-05-29,252.45158587649607,245.70575072419842,330.4396329184871,252.45158587649607,252.45158587649607,0.1353987300179939,0.1353987300179939,0.1353987300179939,0.16996121700003183,0.16996121700003183,0.16996121700003183,-0.03456248698203794,-0.03456248698203794,-0.03456248698203794,0.0,0.0,0.0,286.63320999520215
2025-05-30,252.48256305664566,219.64013327651742,307.4404531268992,252.48256305664566,252.48256305664566,0.04673487842277113,0.04673487842277113,0.04673487842277113,0.07837370884987671,0.07837370884987671,0.07837370884987671,-0.03163883042710559,-0.03163883042710559,-0.03163883042710559,0.0,0.0,0.0,264.2823049449677
2025-05-31,252.51354023679517,85.72201988256043,171.90440842119943,252.51354023679517,252.51354023679517,-0.49203427905094066,-0.49203427905094066,-0.49203427905094066,-0.4639347969585468,-0.4639347969585468,-0.4639347969585468,-0.028099482092393848,-0.028099482092393848,-0.028099482092393848,0.0,0.0,0.0,128.26822251578295
2025-06-01,252.54451742900443,53.10976619489622,138.0491569075602,252.54451742900443,252.54451742900443,-0.6203264891833203,-0.6203264891833203,-0.6203264891833203,-0.596300376742384,-0.596300376742384,-0.596300376742384,-0.02402611244093633,-0.02402611244093633,-0.02402611244093633,0.0,0.0,0.0,95.88446356977425
2025-06-02,252.5754946212137,277.74784822608126,364.53039393334905,252.5754946212137,252.5754946212137,0.2813405587685265,0.2813405587685265,0.2813405587685265,0.3008519627978795,0.3008519627978795,0.3008519627978795,-0.01951140402935299,-0.01951140402935299,-0.01951140402935299,0.0,0.0,0.0,323.6352254091829
2025-06-03,252.60647181342298,279.96435623534194,369.8430561180087,252.60647181342298,252.60647181342298,0.28658685508200854,0.28658685508200854,0.28658685508200854,0.3012436849229816,0.3012436849229816,0.3012436849229816,-0.014656829840973024,-0.014656829840973024,-0.014656829840973024,0.0,0.0,0.0,325.00016614379393
2025-06-04,252.63744900563225,261.9648883937421,345.1764496905096,252.63744900563225,252.63744900563225,0.20023435471503515,0.20023435471503515,0.20023435471503515,0.20980460013281071,0.20980460013281071,0.20980460013281071,-0.009570245417775581,-0.009570245417775581,-0.009570245417775581,0.0,0.0,0.0,303.2241455841276
2025-06-05,252.6684261978415,249.4837327243571,339.03560637407236,252.6684261978415,252.6684261978415,0.16559786008210564,0.16559786008210564,0.16559786008210564,0.16996121700029768,0.16996121700029768,0.16996121700029768,-0.004363356918192026,-0.004363356918192026,-0.004363356918192026,0.0,0.0,0.0,294.5097768865175
2025-06-06,252.69940339005078,229.09630222873687,314.68454423312545,252.69940339005078,252.69940339005078,0.07922457880580905,0.07922457880580905,0.07922457880580905,0.07837370885010339,0.07837370885010339,0.07837370885010339,0.0008508699557056576,0.0008508699557056576,0.0008508699557056576,0.0,0.0,0.0,272.7194071881068
2025-06-07,252.73038058226004,95.55365963189305,179.54245771479415,252.73038058226004,252.73038058226004,-0.4579740028025058,-0.4579740028025058,-0.4579740028025058,-0.46393479695940265,-0.46393479695940265,-0.46393479695940265,0.0059607941568968585,0.0059607941568968585,0.0059607941568968585,0.0,0.0,0.0,136.98643655720173
2025-06-08,252.7613577744693,65.04401852977647,148.84185083036306,252.7613577744693,252.7613577744693,-0.5854417654093059,-0.5854417654093059,-0.5854417654093059,-0.5963003767420866,-0.5963003767420866,-0.5963003767420866,0.010858611332780602,0.010858611332780602,0.010858611332780602,0.0,0.0,0.0,104.78430225173081
2025-06-09,252.7923349666786,287.75647121584575,376.2004370020838,252.7923349666786,252.7923349666786,0.3162946936958154,0.3162946936958154,0.3162946936958154,0.3008519627982592,0.3008519627982592,0.3008519627982592,0.015442730897556226,0.015442730897556226,0.015442730897556226,0.0,0.0,0.0,332.7492091236142
2025-06-10,252.82331215888786,293.361549059579,375.0608766016131,252.82331215888786,252.82331215888786,0.32086364441101,0.32086364441101,0.32086364441101,0.3012436849226581,0.3012436849226581,0.3012436849226581,0.019619959488351962,0.019619959488351962,0.019619959488351962,0.0,0.0,0.0,333.94512149025104
2025-06-11,252.85428935220835,269.1970450648667,352.57092709413206,252.85428935220835,252.85428935220835,0.23311203801226377,0.23311203801226377,0.23311203801226377,0.2098046001325939,0.2098046001325939,0.2098046001325939,0.023307437879669844,0.023307437879669844,0.023307437879669844,0.0,0.0,0.0,311.7976680632443
2025-06-12,252.88526654552885,262.01982545694256,346.1259177772632,252.88526654552885,252.88526654552885,0.19639550255154653,0.19639550255154653,0.19639550255154653,0.16996121699987035,0.16996121699987035,0.16996121699987035,0.026434285551676165,0.026434285551676165,0.026434285551676165,0.0,0.0,0.0,302.5507955566198
2025-06-13,252.91624373884935,238.11272756283577,321.6308092491811,252.91624373884935,252.91624373884935,0.10731662427626887,0.10731662427626887,0.10731662427626887,0.07837370884959247,0.07837370884959247,0.07837370884959247,0.028942915426676402,0.028942915426676402,0.028942915426676402,0.0,0.0,0.0,280.05836124153666
2025-06-14,252.94722093216987,100.97950109110926,185.64128063359547,252.94722093216987,252.94722093216987,-0.4331448063925656,-0.4331448063925656,-0.4331448063925656,-0.46393479695898654,-0.46393479695898654,-0.46393479695898654,0.030789990566420955,0.030789990566420955,0.030789990566420955,0.0,0.0,0.0,143.38444589396764
2025-06-15,252.97819812549034,65.90256675212423,150.24470291427522,252.97819812549034,252.97819812549034,-0.564353372144287,-0.564353372144287,-0.564353372144287,-0.5963003767439388,-0.5963003767439388,-0.5963003767439388,0.031947004599651774,0.031947004599651774,0.031947004599651774,0.0,0.0,0.0,110.20909893438431
2025-06-16,253.00917531881086,294.8143325694466,384.15110846645416,253.00917531881086,253.00917531881086,0.3332524408389867,0.3332524408389867,0.3332524408389867,0.30085196279632265,0.30085196279632265,0.30085196279632265,0.03240047804266405,0.03240047804266405,0.03240047804266405,0.0,0.0,0.0,337.3251005484637
2025-06-17,253.04015251213133,293.8662001578843,382.1102480908664,253.04015251213133,253.04015251213133,0.3333954581149934,0.3333954581149934,0.3333954581149934,0.30124368492233455,0.30124368492233455,0.30124368492233455,0.032151773192658765,0.032151773192658765,0.032151773192658765,0.0,0.0,0.0,337.4025900804011
2025-06-18,253.07112970545182,270.9949302216869,355.15732145965455,253.07112970545182,253.07112970545182,0.2410211407521246,0.2410211407521246,0.2410211407521246,0.20980460013288849,0.20980460013288849,0.20980460013288849,0.03121654061923613,0.03121654061923613,0.03121654061923613,0.0,0.0,0.0,314.0666220784887
2025-06-19,253.10210689877235,259.72114403038574,347.8231519815258,253.10210689877235,253.10210689877235,0.19958503716414713,0.19958503716414713,0.19958503716414713,0.16996121700013622,0.16996121700013622,0.16996121700013622,0.029623820164010925,0.029623820164010925,0.029623820164010925,0.0,0.0,0.0,303.6175003104878
2025-06-20,253.13308409209282,235.43729514142052,326.83430393721244,253.13308409209282,253.13308409209282,0.10578853735744015,0.10578853735744015,0.10578853735744015,0.0783737088517084,0.0783737088517084,0.0783737088517084,0.027414828505731757,0.027414828505731757,0.027414828505731757,0.0,0.0,0.0,279.9116628149732
2025-06-21,253.16406128541334,99.10504329032797,185.32391774849813,253.16406128541334,253.16406128541334,-0.43929332345495,-0.43929332345495,-0.43929332345495,-0.46393479695984247,-0.46393479695984247,-0.46393479695984247,0.024641473504892486,0.024641473504892486,0.024641473504892486,0.0,0.0,0.0,141.9507794239915
2025-06-22,253.19503847966118,64.66595505506207,151.17333948685055,253.19503847966118,253.19503847966118,-0.5749357342615569,-0.5749357342615569,-0.5749357342615569,-0.5963003767436414,-0.5963003767436414,-0.5963003767436414,0.021364642482084632,0.021364642482084632,0.021364642482084632,0.0,0.0,0.0,107.62416311997403
2025-06-23,253.22601567390902,290.9864237234712,379.83306362705576,253.22601567390902,253.22601567390902,0.318504279915543,0.318504279915543,0.318504279915543,0.30085196279670234,0.30085196279670234,0.30085196279670234,0.017652317118840646,0.017652317118840646,0.017652317118840646,0.0,0.0,0.0,333.87958545200945
2025-06-24,253.25699286815689,289.83346469722926,376.1025718091788,253.25699286815689,253.25699286815689,0.3148212565720371,0.3148212565720371,0.3148212565720371,0.3012436849222394,0.3012436849222394,0.3012436849222394,0.013577571649797674,0.013577571649797674,0.013577571649797674,0.0,0.0,0.0,332.9876775985655
2025-06-25,253.28797006240472,265.328672326927,353.6189887898936,253.28797006240472,253.28797006240472,0.21902111346829614,0.21902111346829614,0.21902111346829614,0.2098046001321602,0.2098046001321602,0.2098046001321602,0.00921651333613593,0.00921651333613593,0.00921651333613593,0.0,0.0,0.0,308.7633832935971
2025-06-26,253.31894725665262,254.8374028395887,341.4350864615346,253.31894725665262,253.31894725665262,0.17460744181675886,0.17460744181675886,0.17460744181675886,0.16996121699980693,0.16996121699980693,0.16996121699980693,0.004646224816951924,0.004646224816951924,0.004646224816951924,0.0,0.0,0.0,297.5503206008512
2025-06-27,253.34992445090046,228.6404632905067,314.8814883376044,253.34992445090046,253.34992445090046,0.07831647567190292,0.07831647567190292,0.07831647567190292,0.0783737088504598,0.0783737088504598,0.0783737088504598,-5.723317855686055e-05,-5.723317855686055e-05,-5.723317855686055e-05,0.0,0.0,0.0,273.19139764563784
2025-06-28,253.3809016451483,94.59304789120289,177.67563075130673,253.3809016451483,253.3809016451483,-0.4687555000284093,-0.4687555000284093,-0.4687555000284093,-0.46393479696069834,-0.46393479696069834,-0.46393479696069834,-0.004820703067710954,-0.004820703067710954,-0.004820703067710954,0.0,0.0,0.0,134.60721039682758
2025-06-29,253.4118788393962,59.78083456602389,142.43685412714026,253.4118788393962,253.4118788393962,-0.605876021029756,-0.605876021029756,-0.605876021029756,-0.5963003767429358,-0.5963003767429358,-0.5963003767429358,-0.009575644286820204,-0.009575644286820204,-0.009575644286820204,0.0,0.0,0.0,99.8756980065082
2025-06-30,253.442856033644,281.70000370987236,371.0425743396551,253.442856033644,253.442856033644,0.28659232848254207,0.28659232848254207,0.28659232848254207,0.30085196279718196,0.30085196279718196,0.30085196279718196,-0.014259634314639856,-0.014259634314639856,-0.014259634314639856,0.0,0.0,0.0,326.0776342815917
2025-07-01,253.47383322789184,282.57569227868413,366.5303249371269,253.47383322789184,253.47383322789184,0.2824260664637887,0.2824260664637887,0.2824260664637887,0.30124368492272596,0.30124368492272596,0.30124368492272596,-0.018817618458937244,-0.018817618458937244,-0.018817618458937244,0.0,0.0,0.0,325.06145089794376
2025-07-02,253.50481042213974,256.4307485211399,343.1080638788593,253.50481042213974,253.50481042213974,0.18660172196075048,0.18660172196075048,0.18660172196075048,0.20980460013245483,0.20980460013245483,0.20980460013245483,-0.02320287817170436,-0.02320287817170436,-0.02320287817170436,0.0,0.0,0.0,300.8092445722446
2025-07-03,253.53578761963738,247.19218637088989,329.2091461549909,253.53578761963738,253.53578761963738,0.1425835203790296,0.1425835203790296,0.1425835203790296,0.16996121700076594,0.16996121700076594,0.16996121700076594,-0.027377696621736364,-0.027377696621736364,-0.027377696621736364,0.0,0.0,0.0,289.68581276051526
2025-07-04,253.56676481713504,223.23106475276055,308.7786282962426,253.56676481713504,253.56676481713504,0.04705999909251405,0.04705999909251405,0.04705999909251405,0.07837370885068648,0.07837370885068648,0.07837370885068648,-0.03131370975817242,-0.03131370975817242,-0.03131370975817242,0.0,0.0,0.0,265.49961653932115
2025-07-05,253.59774201463267,82.98395960709937,170.4534430297376,253.59774201463267,253.59774201463267,-0.4989267378237065,-0.4989267378237065,-0.4989267378237065,-0.46393479696091827,-0.46393479696091827,-0.46393479696091827,-0.03499194086278826,-0.03499194086278826,-0.03499194086278826,0.0,0.0,0.0,127.07104787181406
2025-07-06,253.62871921213036,49.830382987161535,137.85999744722312,253.62871921213036,253.62871921213036,-0.6347029030645196,-0.6347029030645196,-0.6347029030645196,-0.5963003767430468,-0.5963003767430468,-0.5963003767430468,-0.038402526321472744,-0.038402526321472744,-0.038402526321472744,0.0,0.0,0.0,92.64983482765533
2025-07-07,253.65969640962803,278.0355308795533,361.19479375446946,253.65969640962803,253.65969640962803,0.25930781303935707,0.25930781303935707,0.25930781303935707,0.30085196279766147,0.30085196279766147,0.30085196279766147,-0.0415441497583044,-0.0415441497583044,-0.0415441497583044,0.0,0.0,0.0,319.43563754183594
2025-07-08,253.69067360712566,275.47942262137997,361.60740330006564,253.69067360712566,253.69067360712566,0.25682047443305844,0.25682047443305844,0.25682047443305844,0.30124368492285936,0.30124368492285936,0.30124368492285936,-0.04442321048980091,-0.04442321048980091,-0.04442321048980091,0.0,0.0,0.0,318.84363276214987
2025-07-09,253.72165080462332,251.31416913950892,338.1949994152044,253.72165080462332,253.72165080462332,0.16275183991888703,0.16275183991888703,0.16275183991888703,0.20980460013274943,0.20980460013274943,0.20980460013274943,-0.047052760213862385,-0.047052760213862385,-0.047052760213862385,0.0,0.0,0.0,295.0153163003331
2025-07-10,253.75262800212096,239.61636367479122,330.5834984726766,253.75262800212096,253.75262800212096,0.12050996828958349,0.12050996828958349,0.12050996828958349,0.16996121700033864,0.16996121700033864,0.16996121700033864,-0.04945124871075515,-0.04945124871075515,-0.04945124871075515,0.0,0.0,0.0,284.332349156055
2025-07-11,253.78360519961865,217.39469575291727,301.4320632011699,253.78360519961865,253.78360519961865,0.026732583948235196,0.026732583948235196,0.026732583948235196,0.07837370885017556,0.07837370885017556,0.07837370885017556,-0.05164112490194035,-0.05164112490194035,-0.05164112490194035,0.0,0.0,0.0,260.56789673030323
2025-07-12,253.81458239711628,81.42009291107253,165.469373795433,253.81458239711628,253.81458239711628,-0.517582140683287,-0.517582140683287,-0.517582140683287,-0.4639347969597657,-0.4639347969597657,-0.4639347969597657,-0.05364734372352132,-0.05364734372352132,-0.05364734372352132,0.0,0.0,0.0,122.4446875033823
2025-07-13,253.84555959224525,43.535272275185434,132.17433710249995,253.84555959224525,253.84555959224525,-0.6517962085480499,-0.6517962085480499,-0.6517962085480499,-0.5963003767444907,-0.5963003767444907,-0.5963003767444907,-0.055495831803559235,-0.055495831803559235,-0.055495831803559235,0.0,0.0,0.0,88.38998629326174
2025-07-14,253.87653678737422,272.0972215868341,357.43202232294936,253.87653678737422,253.87653678737422,0.2436399969833164,0.2436399969833164,0.2436399969833164,0.3008519627981411,0.3008519627981411,0.3008519627981411,-0.05721196581482467,-0.05721196581482467,-0.05721196581482467,0.0,0.0,0.0,315.73101544438487
2025-07-15,253.9075139825032,273.9653654656741,362.3053666074765,253.9075139825032,253.9075139825032,0.2424245683406422,0.2424245683406422,0.2424245683406422,0.3012436849225358,0.3012436849225358,0.3012436849225358,-0.05881911658189359,-0.05881911658189359,-0.05881911658189359,0.0,0.0,0.0,315.4609334581571
2025-07-16,253.93849117763213,248.22810518950078,333.81528727199407,253.93849117763213,253.93849117763213,0.1494672905518486,0.1494672905518486,0.1494672905518486,0.20980460013253263,0.20980460013253263,0.20980460013253263,-0.06033730958068405,-0.06033730958068405,-0.06033730958068405,0.0,0.0,0.0,291.8939894207773
2025-07-17,253.9694683727611,236.81469058430932,323.4730965968046,253.9694683727611,253.9694683727611,0.10817916854566993,0.10817916854566993,0.10817916854566993,0.16996121700000938,0.16996121700000938,0.16996121700000938,-0.06178204845433943,-0.06178204845433943,-0.06178204845433943,0.0,0.0,0.0,281.4436742973122
2025-07-18,254.00044556789007,214.4516570375712,302.8974793157429,254.00044556789007,254.00044556789007,0.015210366146105339,0.015210366146105339,0.015210366146105339,0.07837370884966459,0.07837370884966459,0.07837370884966459,-0.06316334270355925,-0.06316334270355925,-0.06316334270355925,0.0,0.0,0.0,257.8638853462516
2025-07-19,254.031422763019,74.85368684687138,160.44776631827148,254.031422763019,254.031422763019,-0.5284197709175718,-0.5284197709175718,-0.5284197709175718,-0.46393479695934964,-0.46393479695934964,-0.46393479695934964,-0.06448497395822206,-0.06448497395822206,-0.06448497395822206,0.0,0.0,0.0,119.79619654071968
2025-07-20,254.06239995814798,45.61076545545973,129.38045918870904,254.06239995814798,254.06239995814798,-0.6620444041488018,-0.6620444041488018,-0.6620444041488018,-0.5963003767446017,-0.5963003767446017,-0.5963003767446017,-0.06574402740420016,-0.06574402740420016,-0.06574402740420016,0.0,0.0,0.0,85.86180976124132
2025-07-21,254.09337715327695,271.14595384842204,358.3361982643821,254.09337715327695,254.09337715327695,0.2339212565369263,0.2339212565369263,0.2339212565369263,0.3008519627985208,0.3008519627985208,0.3008519627985208,-0.0669307062615945,-0.0669307062615945,-0.0669307062615945,0.0,0.0,0.0,313.53121921468266
2025-07-22,254.12435434840592,270.6826609219135,356.9082887720764,254.12435434840592,254.12435434840592,0.23321524697220292,0.23321524697220292,0.23321524697220292,0.30124368492244075,0.30124368492244075,0.30124368492244075,-0.06802843795023786,-0.06802843795023786,-0.06802843795023786,0.0,0.0,0.0,313.390028409421
2025-07-23,254.15533154353483,249.79519432651233,331.8993522121359,254.15533154353483,254.15533154353483,0.1407903291164315,0.1407903291164315,0.1407903291164315,0.2098046001333802,0.2098046001333802,0.2098046001333802,-0.06901427101694871,-0.06901427101694871,-0.06901427101694871,0.0,0.0,0.0,289.93794431824483
2025-07-24,254.1863087446102,234.34963483648252,321.29422883365686,254.1863087446102,254.1863087446102,0.10010166467416654,0.10010166467416654,0.10010166467416654,0.16996121699958203,0.16996121699958203,0.16996121699958203,-0.06985955232541548,-0.06985955232541548,-0.06985955232541548,0.0,0.0,0.0,279.6307813873273
2025-07-25,254.2172859456855,213.1215424970737,299.4879995854485,254.2172859456855,254.2172859456855,0.00784284413208891,0.00784284413208891,0.00784284413208891,0.07837370884915365,0.07837370884915365,0.07837370884915365,-0.07053086471706474,-0.07053086471706474,-0.07053086471706474,0.0,0.0,0.0,256.2110724950401
2025-07-26,254.2482631467608,75.10320717552936,162.90102812934606,254.2482631467608,254.2482631467608,-0.5349259935825839,-0.5349259935825839,-0.5349259935825839,-0.46393479696020556,-0.46393479696020556,-0.46393479696020556,-0.0709911966223783,-0.0709911966223783,-0.0709911966223783,0.0,0.0,0.0,118.24425836633354
2025-07-27,254.27924034783615,40.51775739738025,130.20320431767624,254.27924034783615,254.27924034783615,-0.6675016839509458,-0.6675016839509458,-0.6675016839509458,-0.5963003767438959,-0.5963003767438959,-0.5963003767438959,-0.07120130720704984,-0.07120130720704984,-0.07120130720704984,0.0,0.0,0.0,84.54741922188825
2025-07-28,254.31021754891145,268.93196064560715,356.7124200931597,254.31021754891145,254.31021754891145,0.22973071897749936,0.22973071897749936,0.22973071897749936,0.3008519627964844,0.3008519627964844,0.3008519627964844,-0.07112124381898505,-0.07112124381898505,-0.07112124381898505,0.0,0.0,0.0,312.73308666974714
2025-07-29,254.3411947499868,268.0937937694737,357.1865213912694,254.3411947499868,254.3411947499868,0.23053172194689964,0.23053172194689964,0.23053172194689964,0.30124368492234566,0.30124368492234566,0.30124368492234566,-0.070711962975446,-0.070711962975446,-0.070711962975446,0.0,0.0,0.0,312.97490833773304
2025-07-30,254.3721719510621,248.61049869985067,335.46472643130676,254.3721719510621,254.3721719510621,0.13986759806215057,0.13986759806215057,0.13986759806215057,0.20980460013214047,0.20980460013214047,0.20980460013214047,-0.0699370020699899,-0.0699370020699899,-0.0699370020699899,0.0,0.0,0.0,289.95059665570955
2025-07-31,254.40314915213747,236.68328826292486,323.0337914036285,254.40314915213747,254.40314915213747,0.10119707048064425,0.10119707048064425,0.10119707048064425,0.1699612170005411,0.1699612170005411,0.1699612170005411,-0.06876414651989686,-0.06876414651989686,-0.06876414651989686,0.0,0.0,0.0,280.14800256738414
2025-08-01,254.4341263532128,213.36335019009266,300.72302347711985,254.4341263532128,254.4341263532128,0.011206672547796684,0.011206672547796684,0.011206672547796684,0.07837370884938034,0.07837370884938034,0.07837370884938034,-0.06716703630158366,-0.06716703630158366,-0.06716703630158366,0.0,0.0,0.0,257.285486292238
2025-08-02,254.46510355428813,77.01127258271232,158.98756207962492,254.46510355428813,254.46510355428813,-0.5290614537327348,-0.5290614537327348,-0.5290614537327348,-0.4639347969604255,-0.4639347969604255,-0.4639347969604255,-0.0651266567723093,-0.0651266567723093,-0.0651266567723093,0.0,0.0,0.0,119.83742594360554
2025-08-03,254.49608075536347,45.287616895027604,131.44772706645028,254.49608075536347,254.49608075536347,-0.6589330380785988,-0.6589330380785988,-0.6589330380785988,-0.5963003767431903,-0.5963003767431903,-0.5963003767431903,-0.06263266133540854,-0.06263266133540854,-0.06263266133540854,0.0,0.0,0.0,86.80020508413538
2025-08-04,254.52705794631544,272.9182404575208,358.4699952155014,254.52705794631544,254.52705794631544,0.24116748498876817,0.24116748498876817,0.24116748498876817,0.30085196279686405,0.30085196279686405,0.30085196279686405,-0.05968447780809588,-0.05968447780809588,-0.05968447780809588,0.0,0.0,0.0,315.9107083728188
2025-08-05,254.5580351372674,271.6711978573637,356.7638165051358,254.5580351372674,254.5580351372674,0.24495152874112283,0.24495152874112283,0.24495152874112283,0.3012436849222506,0.3012436849222506,0.3012436849222506,-0.05629215618112776,-0.05629215618112776,-0.05629215618112776,0.0,0.0,0.0,316.9124149974775
2025-08-06,254.58901232821938,252.86899223991134,340.0348577819772,254.58901232821938,254.58901232821938,0.15732767747461646,0.15732767747461646,0.15732767747461646,0.20980460013243507,0.20980460013243507,0.20980460013243507,-0.05247692265781864,-0.05247692265781864,-0.05247692265781864,0.0,0.0,0.0,294.64291034837464
2025-08-07,254.61998951917136,245.2528718874572,328.244639040261,254.61998951917136,254.61998951917136,0.1216898037773214,0.1216898037773214,0.1216898037773214,0.16996121700011374,0.16996121700011374,0.16996121700011374,-0.04827141322279235,-0.04827141322279235,-0.04827141322279235,0.0,0.0,0.0,285.6046460815429
2025-08-08,254.65096671012333,223.88039148997885,301.8927118950908,254.65096671012333,254.65096671012333,0.03465413956996286,0.03465413956996286,0.03465413956996286,0.07837370885075859,0.07837370885075859,0.07837370885075859,-0.04371956928079573,-0.04371956928079573,-0.04371956928079573,0.0,0.0,0.0,263.4756768521219
2025-08-09,254.68194390107527,84.89949169965824,170.7090849614699,254.68194390107527,254.68194390107527,-0.5028109848162701,-0.5028109848162701,-0.5028109848162701,-0.4639347969606453,-0.4639347969606453,-0.4639347969606453,-0.038876187855624744,-0.038876187855624744,-0.038876187855624744,0.0,0.0,0.0,126.62506487325356
2025-08-10,254.71292109202724,51.17784333567368,136.96728953412185,254.71292109202724,254.71292109202724,-0.6301065059018689,-0.6301065059018689,-0.6301065059018689,-0.5963003767433013,-0.5963003767433013,-0.5963003767433013,-0.03380612915856763,-0.03380612915856763,-0.03380612915856763,0.0,0.0,0.0,94.21665237467151
2025-08-11,254.74389828297922,283.15463111703406,368.75428644392207,254.74389828297922,254.74389828297922,0.27226876807306377,0.27226876807306377,0.27226876807306377,0.30085196279744353,0.30085196279744353,0.30085196279744353,-0.028583194724379757,-0.028583194724379757,-0.028583194724379757,0.0,0.0,0.0,324.10270564261583
2025-08-12,254.7748754739312,279.2603479042096,369.3205910373312,254.7748754739312,254.7748754739312,0.27795498545973446,0.27795498545973446,0.27795498545973446,0.3012436849219271,0.3012436849219271,0.3012436849219271,-0.023288699462192634,-0.023288699462192634,-0.023288699462192634,0.0,0.0,0.0,325.5908222817934
2025-08-13,254.80585266488316,261.7753541120804,349.1819708568842,254.80585266488316,254.80585266488316,0.19179482955465502,0.19179482955465502,0.19179482955465502,0.20980460013277122,0.20980460013277122,0.20980460013277122,-0.01800977057811621,-0.01800977057811621,-0.01800977057811621,0.0,0.0,0.0,303.67629774627295
2025-08-14,254.83682986366864,253.5896420300413,336.6617159873276,254.83682986366864,254.83682986366864,0.15712380189276437,0.15712380189276437,0.15712380189276437,0.16996121699968642,0.16996121699968642,0.16996121699968642,-0.012837415106922075,-0.012837415106922075,-0.012837415106922075,0.0,0.0,0.0,294.87776143414777
2025-08-15,254.8678070624541,229.54549036537992,314.0184140208541,254.8678070624541,254.8678070624541,0.07050930337733463,0.07050930337733463,0.07050930337733463,0.07837370885098527,0.07837370885098527,0.07837370885098527,-0.007864405473650643,-0.007864405473650643,-0.007864405473650643,0.0,0.0,0.0,272.83835859173666
2025-08-16,254.89878426123957,93.22469203361882,180.4582398766299,254.89878426123957,254.89878426123957,-0.46711783581571087,-0.46711783581571087,-0.46711783581571087,-0.46393479695885675,-0.46393479695885675,-0.46393479695885675,-0.0031830388568540903,-0.0031830388568540903,-0.0031830388568540903,0.0,0.0,0.0,135.83101580507355
2025-08-17,254.92976146002508,59.9632738067241,145.88975921325365,254.92976146002508,254.92976146002508,-0.5951832076842549,-0.5951832076842549,-0.5951832076842549,-0.5963003767425956,-0.5963003767425956,-0.5963003767425956,0.001117169058340639,0.001117169058340639,0.001117169058340639,0.0,0.0,0.0,103.19984830006541
2025-08-18,254.96073865881053,289.66010872654914,374.49156440425924,254.96073865881053,254.96073865881053,0.3058037550216658,0.3058037550216658,0.3058037550216658,0.3008519627978232,0.3008519627978232,0.3008519627978232,0.004951792223842604,0.004951792223842604,0.004951792223842604,0.0,0.0,0.0,332.92868992377237
2025-08-19,254.991715857596,291.3175569536231,377.13350853013736,254.991715857596,254.991715857596,0.30948742415480274,0.30948742415480274,0.30948742415480274,0.30124368492264203,0.30124368492264203,0.30124368492264203,0.008243739232160728,0.008243739232160728,0.008243739232160728,0.0,0.0,0.0,333.90844517917674
2025-08-20,255.02269305638146,271.83913007688307,358.66919628745495,255.02269305638146,255.02269305638146,0.22072997081300774,0.22072997081300774,0.22072997081300774,0.20980460013306584,0.20980460013306584,0.20980460013306584,0.010925370679941895,0.010925370679941895,0.010925370679941895,0.0,0.0,0.0,311.31384465137114
2025-08-21,255.05367025516694,257.23486156188335,341.9810451641242,255.05367025516694,255.05367025516694,0.18290164379430449,0.18290164379430449,0.18290164379430449,0.16996121700064545,0.16996121700064545,0.16996121700064545,0.012940426793659043,0.012940426793659043,0.012940426793659043,0.0,0.0,0.0,301.70340580060747
2025-08-22,255.08464745395244,233.1480207544089,319.1386711393288,255.08464745395244,255.08464745395244,0.09261941628996556,0.09261941628996556,0.09261941628996556,0.07837370884973674,0.07837370884973674,0.07837370884973674,0.014245707440228838,0.014245707440228838,0.014245707440228838,0.0,0.0,0.0,278.7104386056692
2025-08-23,255.1156246527379,96.97792435651523,187.6250024847458,255.1156246527379,255.1156246527379,-0.4491223443769796,-0.4491223443769796,-0.4491223443769796,-0.4639347969590767,-0.4639347969590767,-0.4639347969590767,0.014812452582097025,0.014812452582097025,0.014812452582097025,0.0,0.0,0.0,140.53749722150266
2025-08-24,255.14660185152337,61.45489740185461,151.8045228653039,255.14660185152337,255.14660185152337,-0.5816729980062754,-0.5816729980062754,-0.5816729980062754,-0.5963003767444478,-0.5963003767444478,-0.5963003767444478,0.014627378738172457,0.014627378738172457,0.014627378738172457,0.0,0.0,0.0,106.73471302143429
2025-08-25,255.17757910845896,291.7827826736215,377.3255895219919,255.17757910845896,255.17757910845896,0.3145452986812431,0.3145452986812431,0.3145452986812431,0.3008519627982029,0.3008519627982029,0.3008519627982029,0.013693335883040152,0.013693335883040152,0.013693335883040152,0.0,0.0,0.0,335.4424869458857
2025-08-26,255.2085563653946,293.079897911807,378.97390061234074,255.2085563653946,255.2085563653946,0.3132732441396804,0.3132732441396804,0.3132732441396804,0.30124368492254694,0.30124368492254694,0.30124368492254694,0.01202955921713346,0.01202955921713346,0.01202955921713346,0.0,0.0,0.0,335.15856875018625
2025-08-27,255.23953362233024,269.2557507151729,353.4543796209055,255.23953362233024,255.23953362233024,0.21947610123151173,0.21947610123151173,0.21947610123151173,0.20980460013284902,0.20980460013284902,0.20980460013284902,0.009671501098662709,0.009671501098662709,0.009671501098662709,0.0,0.0,0.0,311.2585113419087
2025-08-28,255.27051087926583,256.3259143271381,339.97146393628344,255.27051087926583,255.27051087926583,0.1766314568451139,0.1766314568451139,0.1766314568451139,0.16996121700021816,0.16996121700021816,0.16996121700021816,0.006670239844895738,0.006670239844895738,0.006670239844895738,0.0,0.0,0.0,300.35931310546704
2025-08-29,255.30148813620147,230.01890246055694,321.81200393352776,255.30148813620147,255.30148813620147,0.08146518261745143,0.08146518261745143,0.08146518261745143,0.07837370884996342,0.07837370884996342,0.07837370884996342,0.003091473767488022,0.003091473767488022,0.003091473767488022,0.0,0.0,0.0,276.09967048972425
2025-08-30,255.33246539313706,92.0925256952172,178.79533355660874,255.33246539313706,255.33246539313706,-0.4649206765809736,-0.4649206765809736,-0.4649206765809736,-0.4639347969592966,-0.4639347969592966,-0.4639347969592966,-0.000985879621676955,-0.000985879621676955,-0.000985879621676955,0.0,0.0,0.0,136.62312282947175
2025-08-31,255.3634426500727,58.94278420040894,142.36012765508826,255.3634426500727,255.3634426500727,-0.6017718248839841,-0.6017718248839841,-0.6017718248839841,-0.5963003767437421,-0.5963003767437421,-0.5963003767437421,-0.005471448140241902,-0.005471448140241902,-0.005471448140241902,0.0,0.0,0.0,101.69291775788184
2025-09-01,255.39441990700834,288.4680063269863,369.2346507494869,255.39441990700834,255.39441990700834,0.2905864711191301,0.2905864711191301,0.2905864711191301,0.3008519627987823,0.3008519627987823,0.3008519627987823,-0.010265491679652154,-0.010265491679652154,-0.010265491679652154,0.0,0.0,0.0,329.60858313130325
2025-09-02,255.42539716394393,287.05061671617926,372.4164742071813,255.42539716394393,255.42539716394393,0.28598242467416696,0.28598242467416696,0.28598242467416696,0.3012436849226803,0.3012436849226803,0.3012436849226803,-0.015261260248513308,-0.015261260248513308,-0.015261260248513308,0.0,0.0,0.0,328.47257156825066
2025-09-03,255.45637442087957,258.8431832365207,344.03571799112444,255.45637442087957,255.45637442087957,0.18945703582440326,0.18945703582440326,0.18945703582440326,0.2098046001326322,0.2098046001326322,0.2098046001326322,-0.02034756430822894,-0.02034756430822894,-0.02034756430822894,0.0,0.0,0.0,303.8543819011083
2025-09-04,255.4873516778152,249.7342874503225,332.6295002917172,255.4873516778152,255.4873516778152,0.14454972515285552,0.14454972515285552,0.14454972515285552,0.16996121699988886,0.16996121699988886,0.16996121699988886,-0.02541149184703333,-0.02541149184703333,-0.02541149184703333,0.0,0.0,0.0,292.41797814287435
2025-09-05,255.51832893259026,223.92241359948866,309.5956503020138,255.51832893259026,255.51832893259026,0.04803250701916527,0.04803250701916527,0.04803250701916527,0.07837370885019009,0.07837370885019009,0.07837370885019009,-0.030341201831024817,-0.030341201831024817,-0.030341201831024817,0.0,0.0,0.0,267.79151486057026
2025-09-06,255.54930618736537,82.64086739063137,170.09507779488246,255.54930618736537,255.54930618736537,-0.49896351771181285,-0.49896351771181285,-0.49896351771181285,-0.46393479696015255,-0.46393479696015255,-0.46393479696015255,-0.0350287207516603,-0.0350287207516603,-0.0350287207516603,0.0,0.0,0.0,128.0395254233044
2025-09-07,255.58028344214048,46.71150950541838,135.24685732725058,255.58028344214048,255.58028344214048,-0.6356730448024138,-0.6356730448024138,-0.6356730448024138,-0.5963003767434447,-0.5963003767434447,-0.5963003767434447,-0.03937266805896916,-0.03937266805896916,-0.03937266805896916,0.0,0.0,0.0,93.11478647501109
2025-09-08,255.61126069691556,281.99156963806115,365.4859490805268,255.61126069691556,255.61126069691556,0.2575711254328159,0.2575711254328159,0.2575711254328159,0.300851962799162,0.300851962799162,0.300851962799162,-0.043280837366346116,-0.043280837366346116,-0.043280837366346116,0.0,0.0,0.0,321.449340787921
2025-09-09,255.64223795169067,277.76941802037476,366.0395278528722,255.64223795169067,255.64223795169067,0.254571121495303,0.254571121495303,0.254571121495303,0.3012436849231668,0.3012436849231668,0.3012436849231668,-0.0466725634278638,-0.0466725634278638,-0.0466725634278638,0.0,0.0,0.0,320.72136916862166
2025-09-10,255.67321520646573,253.45729223401307,335.43650525139344,255.67321520646573,255.67321520646573,0.160323790185444,0.160323790185444,0.160323790185444,0.20980460013241536,0.20980460013241536,0.20980460013241536,-0.04948080994697138,-0.04948080994697138,-0.04948080994697138,0.0,0.0,0.0,296.663714117265
2025-09-11,255.70419246124084,245.44153533902835,332.1653552546857,255.70419246124084,255.70419246124084,0.11830729684342087,0.11830729684342087,0.11830729684342087,0.16996121699946154,0.16996121699946154,0.16996121699946154,-0.051653920156040666,-0.051653920156040666,-0.051653920156040666,0.0,0.0,0.0,285.9558642628601
2025-09-12,255.73516971601592,214.74601105022302,303.0660330691624,255.73516971601592,255.73516971601592,0.02521672822063182,0.02521672822063182,0.02521672822063182,0.0783737088508307,0.0783737088508307,0.0783737088508307,-0.053156980630198886,-0.053156980630198886,-0.053156980630198886,0.0,0.0,0.0,262.18397398720185
2025-09-13,255.76614697079103,78.32066660108507,167.4910209070633,255.76614697079103,255.76614697079103,-0.5179075557035542,-0.5179075557035542,-0.5179075557035542,-0.4639347969597364,-0.4639347969597364,-0.4639347969597364,-0.05397275874381781,-0.05397275874381781,-0.05397275874381781,0.0,0.0,0.0,123.30292696143265
2025-09-14,255.79712422556608,44.797384052258124,133.35752722420088,255.79712422556608,255.79712422556608,-0.6504025620248894,-0.6504025620248894,-0.6504025620248894,-0.5963003767431474,-0.5963003767431474,-0.5963003767431474,-0.05410218528174208,-0.05410218528174208,-0.05410218528174208,0.0,0.0,0.0,89.42601927065898
2025-09-15,255.82810147686644,275.44128101122016,360.69873490459725,255.82810147686644,255.82810147686644,0.24728759711743276,0.24728759711743276,0.24728759711743276,0.3008519627971256,0.3008519627971256,0.3008519627971256,-0.05356436567969282,-0.05356436567969282,-0.05356436567969282,0.0,0.0,0.0,319.09121796619553
2025-09-16,255.85907872816676,276.8579193866764,360.8797435719921,255.85907872816676,255.85907872816676,0.24884756905387706,0.24884756905387706,0.24884756905387706,0.30124368492307174,0.30124368492307174,0.30124368492307174,-0.052396115869194695,-0.052396115869194695,-0.052396115869194695,0.0,0.0,0.0,319.5289884900356
2025-09-17,255.8900559794671,250.3233521086679,338.2376492997604,255.8900559794671,255.8900559794671,0.15915356873230616,0.15915356873230616,0.15915356873230616,0.20980460013271,0.20980460013271,0.20980460013271,-0.05065103140040383,-0.05065103140040383,-0.05065103140040383,0.0,0.0,0.0,296.6158715917089
2025-09-18,255.92103323076748,244.2952871948646,331.60674790683623,255.92103323076748,255.92103323076748,0.12156310593337191,0.12156310593337191,0.12156310593337191,0.1699612169997274,0.1699612169997274,0.1699612169997274,-0.04839811106635551,-0.04839811106635551,-0.04839811106635551,0.0,0.0,0.0,287.03158890397725
2025-09-19,255.95201048206778,219.27583270138058,307.10738757138625,255.95201048206778,255.95201048206778,0.03265374054171817,0.03265374054171817,0.03265374054171817,0.07837370885105738,0.07837370885105738,0.07837370885105738,-0.04571996830933921,-0.04571996830933921,-0.04571996830933921,0.0,0.0,0.0,264.30980102348036
2025-09-20,255.98298773336816,82.8803868904541,168.9619463153071,255.98298773336816,255.98298773336816,-0.5066454718816128,-0.5066454718816128,-0.5066454718816128,-0.4639347969585839,-0.4639347969585839,-0.4639347969585839,-0.04271067492302895,-0.04271067492302895,-0.04271067492302895,0.0,0.0,0.0,126.29036611953074
2025-09-21,256.01396498466846,48.63060555212056,137.17832540418536,256.01396498466846,256.01396498466846,-0.6357736684042219,-0.6357736684042219,-0.6357736684042219,-0.5963003767428501,-0.5963003767428501,-0.5963003767428501,-0.03947329166137184,-0.03947329166137184,-0.03947329166137184,0.0,0.0,0.0,93.24702730365578
2025-09-22,256.0449422359688,282.70047921740223,368.194318000979,256.0449422359688,256.0449422359688,0.2647348137515799,0.2647348137515799,0.2647348137515799,0.30085196279750537,0.30085196279750537,0.30085196279750537,-0.03611714904592545,-0.03611714904592545,-0.03611714904592545,0.0,0.0,0.0,323.828952330842
2025-09-23,256.0759194872692,279.2787108608541,366.42505085381697,256.0759194872692,256.0759194872692,0.26848873623659186,0.26848873623659186,0.26848873623659186,0.3012436849227481,0.3012436849227481,0.3012436849227481,-0.032754948686156304,-0.032754948686156304,-0.032754948686156304,0.0,0.0,0.0,324.8294194910293
2025-09-24,256.1068967385695,259.20879844880534,346.2785378587094,256.1068967385695,256.1068967385695,0.1803048395416698,0.1803048395416698,0.1803048395416698,0.20980460013198166,0.20980460013198166,0.20980460013198166,-0.02949976059031188,-0.02949976059031188,-0.02949976059031188,0.0,0.0,0.0,302.28420966053227
2025-09-25,256.1378739898699,252.508162223912,334.8309086737251,256.1378739898699,256.1378739898699,0.14349922189606337,0.14349922189606337,0.14349922189606337,0.16996121699999325,0.16996121699999325,0.16996121699999325,-0.026461995103929884,-0.026461995103929884,-0.026461995103929884,0.0,0.0,0.0,292.89345960552816
2025-09-26,256.16885124613066,224.83289200058348,312.7778485381821,256.16885124613066,256.16885124613066,0.05462727967822933,0.05462727967822933,0.05462727967822933,0.07837370884980885,0.07837370884980885,0.07837370884980885,-0.023746429171579528,-0.023746429171579528,-0.023746429171579528,0.0,0.0,0.0,270.16265872800375
2025-09-27,256.1998285023915,86.71752778097814,176.35252041399647,256.1998285023915,256.1998285023915,-0.4853841624997584,-0.4853841624997584,-0.4853841624997584,-0.46393479695880385,-0.46393479695880385,-0.46393479695880385,-0.021449365540954612,-0.021449365540954612,-0.021449365540954612,0.0,0.0,0.0,131.84448931217648
2025-09-28,256.23080575865225,54.686082573013486,139.01148650593657,256.23080575865225,256.23080575865225,-0.6159563770798699,-0.6159563770798699,-0.6159563770798699,-0.5963003767421443,-0.5963003767421443,-0.5963003767421443,-0.019656000337725667,-0.019656000337725667,-0.019656000337725667,0.0,0.0,0.0,98.40380694729693
2025-09-29,256.2617830149131,286.5580215225503,372.3661003101976,256.2617830149131,256.2617830149131,0.28241389358338936,0.28241389358338936,0.28241389358338936,0.3008519627980848,0.3008519627980848,0.3008519627980848,-0.018438069214695416,-0.018438069214695416,-0.018438069214695416,0.0,0.0,0.0,328.63367093277634
2025-09-30,256.2927602711739,286.59356742265317,371.8160922078983,256.2927602711739,256.2927602711739,0.283391849767351,0.283391849767351,0.283391849767351,0.3012436849224247,0.3012436849224247,0.3012436849224247,-0.017851835155073697,-0.017851835155073697,-0.017851835155073697,0.0,0.0,0.0,328.9240396864021
2025-10-01,256.3237375274347,266.0229110514893,347.02350709093014,256.3237375274347,256.3237375274347,0.1918681279577531,0.1918681279577531,0.1918681279577531,0.20980460013282928,0.20980460013282928,0.20980460013282928,-0.017936472175076178,-0.017936472175076178,-0.017936472175076178,0.0,0.0,0.0,305.50409319795807
2025-10-02,256.35471478369556,254.44138255666613,339.75389683883986,256.35471478369556,256.35471478369556,0.15124832814105485,0.15124832814105485,0.15124832814105485,0.1699612170002591,0.1699612170002591,0.1699612170002591,-0.018712888859204236,-0.018712888859204236,-0.018712888859204236,0.0,0.0,0.0,295.1279368058065
2025-10-03,256.3856920399563,229.86857927254275,313.45351698808946,256.3856920399563,256.3856920399563,0.05819068470094993,0.05819068470094993,0.05819068470094993,0.0783737088500355,0.0783737088500355,0.0783737088500355,-0.020183024149085578,-0.020183024149085578,-0.020183024149085578,0.0,0.0,0.0,271.30495100728825
2025-10-04,256.41666929621715,90.34706952091072,177.24223295873747,256.41666929621715,256.41666929621715,-0.4862644323603495,-0.4862644323603495,-0.4862644323603495,-0.4639347969596596,-0.4639347969596596,-0.4639347969596596,-0.02232963540068986,-0.02232963540068986,-0.02232963540068986,0.0,0.0,0.0,131.73036315316065
2025-10-05,256.4476465524779,52.29613529744318,143.21265689474976,256.4476465524779,256.4476465524779,-0.6214169625006304,-0.6214169625006304,-0.6214169625006304,-0.5963003767422553,-0.5963003767422553,-0.5963003767422553,-0.025116585758375005,-0.025116585758375005,-0.025116585758375005,0.0,0.0,0.0,97.08672899140183
2025-10-06,256.47862380873875,281.67523079655405,368.2986450686565,256.47862380873875,256.47862380873875,0.27236233807903637,0.27236233807903637,0.27236233807903637,0.3008519627960483,0.3008519627960483,0.3008519627960483,-0.02848962471701197,-0.02848962471701197,-0.02848962471701197,0.0,0.0,0.0,326.3337414565804
2025-10-07,256.5096010649996,283.58945448218867,365.41707960172766,256.5096010649996,256.5096010649996,0.26886604221362614,0.26886604221362614,0.26886604221362614,0.30124368492255804,0.30124368492255804,0.30124368492255804,-0.0323776427089319,-0.0323776427089319,-0.0323776427089319,0.0,0.0,0.0,325.4763222931422
2025-10-08,256.54057832126034,256.1824144695368,346.1258457773749,256.54057832126034,256.54057832126034,0.17311023212132148,0.17311023212132148,0.17311023212132148,0.20980460013261246,0.20980460013261246,0.20980460013261246,-0.036694368011290966,-0.036694368011290966,-0.036694368011290966,0.0,0.0,0.0,300.9503773829918
2025-10-09,256.5715555775212,245.78177558094976,330.65332108649346,256.5715555775212,256.5715555775212,0.1286207544393138,0.1286207544393138,0.1286207544393138,0.16996121699992983,0.16996121699992983,0.16996121699992983,-0.04134046256061604,-0.04134046256061604,-0.04134046256061604,0.0,0.0,0.0,289.57198262357036
2025-10-10,256.602532833782,223.46515970300217,309.20706499898216,256.602532833782,256.602532833782,0.03216774615061357,0.03216774615061357,0.03216774615061357,0.07837370884952455,0.07837370884952455,0.07837370884952455,-0.04620596269891099,-0.04620596269891099,-0.04620596269891099,0.0,0.0,0.0,264.85685797158357
2025-10-11,256.6335100900428,84.59843525137147,168.84923507887638,256.6335100900428,256.6335100900428,-0.515107798703018,-0.515107798703018,-0.515107798703018,-0.46393479696051554,-0.46393479696051554,-0.46393479696051554,-0.051173001742502555,-0.051173001742502555,-0.051173001742502555,0.0,0.0,0.0,124.4395876341321
2025-10-12,256.66448734630364,46.87586979001305,132.262745143055,256.66448734630364,256.66448734630364,-0.6524191205529716,-0.6524191205529716,-0.6524191205529716,-0.5963003767436993,-0.5963003767436993,-0.5963003767436993,-0.0561187438092723,-0.0561187438092723,-0.0561187438092723,0.0,0.0,0.0,89.21166823464893
2025-10-13,256.6954646025644,274.7984956832166,361.24206230599106,256.6954646025644,256.6954646025644,0.2399335100398239,0.2399335100398239,0.2399335100398239,0.30085196279652787,0.30085196279652787,0.30085196279652787,-0.060918452756703954,-0.060918452756703954,-0.060918452756703954,0.0,0.0,0.0,318.28530843596104
2025-10-14,256.72644185882524,278.2794624079938,360.5758361398754,256.72644185882524,256.72644185882524,0.2357950683957914,0.2357950683957914,0.2357950683957914,0.3012436849222345,0.3012436849222345,0.3012436849222345,-0.06544861652644313,-0.06544861652644313,-0.06544861652644313,0.0,0.0,0.0,317.2612707759351
2025-10-15,256.757419115086,248.9316889903969,334.7247902501251,256.757419115086,256.757419115086,0.14021455438405755,0.14021455438405755,0.14021455438405755,0.20980460013290708,0.20980460013290708,0.20980460013290708,-0.06959004574884954,-0.06959004574884954,-0.06959004574884954,0.0,0.0,0.0,292.75854622110853
2025-10-16,256.7883963713469,239.35397951487627,325.2446892236286,256.7883963713469,256.7883963713469,0.09673035082571053,0.09673035082571053,0.09673035082571053,0.16996121700019567,0.16996121700019567,0.16996121700019567,-0.07323086617448515,-0.07323086617448515,-0.07323086617448515,0.0,0.0,0.0,281.6276280403189
2025-10-17,256.81937362760766,213.30199079828776,301.60029611924267,256.81937362760766,256.81937362760766,0.002104381506696007,0.002104381506696007,0.002104381506696007,0.07837370885090285,0.07837370885090285,0.07837370885090285,-0.07626932734420684,-0.07626932734420684,-0.07626932734420684,0.0,0.0,0.0,257.3598195680309
2025-10-18,256.8503508838685,76.4669581676684,160.41776487261816,256.8503508838685,256.8503508838685,-0.5425511517658347,-0.5425511517658347,-0.5425511517658347,-0.46393479696009954,-0.46393479696009954,-0.46393479696009954,-0.0786163548057352,-0.0786163548057352,-0.0786163548057352,0.0,0.0,0.0,117.49589718036687
2025-10-19,256.8813281401293,39.68713331866192,126.52969793801431,256.8813281401293,256.8813281401293,-0.6764981567433063,-0.6764981567433063,-0.6764981567433063,-0.5963003767434019,-0.5963003767434019,-0.5963003767434019,-0.08019777999990443,-0.08019777999990443,-0.08019777999990443,0.0,0.0,0.0,83.10158315155942
2025-10-20,256.9123053963901,269.3622868970585,356.4897052510989,256.9123053963901,256.9123053963901,0.21989577231121415,0.21989577231121415,0.21989577231121415,0.3008519627969076,0.3008519627969076,0.3008519627969076,-0.08095619048569347,-0.08095619048569347,-0.08095619048569347,0.0,0.0,0.0,313.4062352077838
2025-10-21,256.9432826526509,275.7158792142826,358.2429422926769,256.9432826526509,256.9432826526509,0.2203913317032896,0.2203913317032896,0.2203913317032896,0.3012436849221395,0.3012436849221395,0.3012436849221395,-0.08085235321884988,-0.08085235321884988,-0.08085235321884988,0.0,0.0,0.0,313.57135488868335
2025-10-22,256.9742599089117,247.47807986768234,331.3448515698076,256.9742599089117,256.9742599089117,0.12993842526136695,0.12993842526136695,0.12993842526136695,0.20980460013320168,0.20980460013320168,0.20980460013320168,-0.0798661748718347,-0.0798661748718347,-0.0798661748718347,0.0,0.0,0.0,290.36509057418084
2025-10-23,257.00523716517256,235.41569048343297,324.2330327056889,257.00523716517256,257.00523716517256,0.09196404162115196,0.09196404162115196,0.09196404162115196,0.16996121699976835,0.16996121699976835,0.16996121699976835,-0.07799717537861638,-0.07799717537861638,-0.07799717537861638,0.0,0.0,0.0,280.6404774926845
2025-10-24,257.03621442143333,214.35475526656322,298.2954128556341,257.03621442143333,257.03621442143333,0.003109245171707256,0.003109245171707256,0.003109245171707256,0.07837370885039191,0.07837370885039191,0.07837370885039191,-0.07526446367868465,-0.07526446367868465,-0.07526446367868465,0.0,0.0,0.0,257.8354030300771
2025-10-25,257.06719167769415,73.87130617030941,160.99843560288173,257.06719167769415,257.06719167769415,-0.5356410146379992,-0.5356410146379992,-0.5356410146379992,-0.4639347969609554,-0.4639347969609554,-0.4639347969609554,-0.07170621767704383,-0.07170621767704383,-0.07170621767704383,0.0,0.0,0.0,119.37146029731304
2025-10-26,257.098168933955,45.389466961481496,129.75714862702338,257.098168933955,257.098168933955,-0.6636790601258487,-0.6636790601258487,-0.6636790601258487,-0.5963003767431044,-0.5963003767431044,-0.5963003767431044,-0.0673786833827442,-0.0673786833827442,-0.0673786833827442,0.0,0.0,0.0,86.46749781579108
2025-10-27,257.12914619021575,272.81312775131573,361.0418511538561,257.12914619021575,257.12914619021575,0.23849724210414175,0.23849724210414175,0.23849724210414175,0.3008519627973872,0.3008519627973872,0.3008519627973872,-0.06235472069324542,-0.06235472069324542,-0.06235472069324542,0.0,0.0,0.0,318.45373842117493
2025-10-28,257.1601234464766,276.239265145239,364.4331360832638,257.1601234464766,257.1601234464766,0.24452174989838793,0.24452174989838793,0.24452174989838793,0.3012436849228544,0.3012436849228544,0.3012436849228544,-0.05672193502446649,-0.05672193502446649,-0.05672193502446649,0.0,0.0,0.0,320.04136683569453
2025-10-29,257.19110070273734,256.2256773110721,342.1196432229843,257.19110070273734,257.19110070273734,0.15922415549518623,0.15922415549518623,0.15922415549518623,0.2098046001324734,0.2098046001324734,0.2098046001324734,-0.05058044463728718,-0.05058044463728718,-0.05058044463728718,0.0,0.0,0.0,298.1421365130081
2025-10-30,257.2220779589982,243.87580327101603,330.50364541271443,257.2220779589982,257.2220779589982,0.12592087419798897,0.12592087419798897,0.12592087419798897,0.1699612170007274,0.1699612170007274,0.1699612170007274,-0.04404034280273841,-0.04404034280273841,-0.04404034280273841,0.0,0.0,0.0,289.6117068786185
2025-10-31,257.253055215259,226.98598302905484,312.3774708409519,257.253055215259,257.253055215259,0.04115478721010649,0.04115478721010649,0.04115478721010649,0.07837370885061856,0.07837370885061856,0.07837370885061856,-0.037218921640512076,-0.037218921640512076,-0.037218921640512076,0.0,0.0,0.0,267.8402499617928
2025-11-01,257.2840324715198,84.30944923585072,172.9260154019073,257.2840324715198,257.2840324715198,-0.49417252732142436,-0.49417252732142436,-0.49417252732142436,-0.46393479696117523,-0.46393479696117523,-0.46393479696117523,-0.030237730360249147,-0.030237730360249147,-0.030237730360249147,0.0,0.0,0.0,130.14133190562146
2025-11-02,257.31500972778065,56.11450609227319,138.64142752590257,257.31500972778065,257.31500972778065,-0.6195199213323357,-0.6195199213323357,-0.6195199213323357,-0.5963003767449568,-0.5963003767449568,-0.5963003767449568,-0.0232195445873788,-0.0232195445873788,-0.0232195445873788,0.0,0.0,0.0,97.90323514359679
2025-11-03,257.3459869840414,287.972013417703,373.7045003990275,257.3459869840414,257.3459869840414,0.2845666374270117,0.2845666374270117,0.2845666374270117,0.30085196279776694,0.30085196279776694,0.30085196279776694,-0.016285325370755215,-0.016285325370755215,-0.016285325370755215,0.0,0.0,0.0,330.5780691554256
2025-11-04,257.37696424030224,292.31758521022823,373.6000488159103,257.37696424030224,257.37696424030224,0.2916924386135103,0.2916924386135103,0.2916924386135103,0.3012436849227593,0.3012436849227593,0.3012436849227593,-0.009551246309249006,-0.009551246309249006,-0.009551246309249006,0.0,0.0,0.0,332.45187858249824
2025-11-05,257.407941496563,269.40382400761223,353.75234184679084,257.407941496563,257.407941496563,0.2066787351186479,0.2066787351186479,0.2066787351186479,0.209804600132768,0.209804600132768,0.209804600132768,-0.003125865014120089,-0.003125865014120089,-0.003125865014120089,0.0,0.0,0.0,310.6086892545676
2025-11-06,257.4389187528239,259.54751423025834,346.3246564991874,257.4389187528239,257.4389187528239,0.17285370608105957,0.17285370608105957,0.17285370608105957,0.1699612170003001,0.1699612170003001,0.1699612170003001,0.002892489080759472,0.002892489080759472,0.002892489080759472,0.0,0.0,0.0,301.9381899487503
2025-11-07,257.46989600908466,236.647228335529,321.78547610710103,257.46989600908466,257.46989600908466,0.08679175346641145,0.08679175346641145,0.08679175346641145,0.07837370885010765,0.07837370885010765,0.07837370885010765,0.008418044616303803,0.008418044616303803,0.008418044616303803,0.0,0.0,0.0,279.81615974852775
2025-11-08,257.5008732653455,100.28096189184191,184.065100717057,257.5008732653455,257.5008732653455,-0.4505552192353851,-0.4505552192353851,-0.4505552192353851,-0.46393479695938666,-0.46393479695938666,-0.46393479695938666,0.013379577724001586,0.013379577724001586,0.013379577724001586,0.0,0.0,0.0,141.48251085797463
2025-11-09,257.5318505216063,67.01637321616388,151.81520792341482,257.5318505216063,257.5318505216063,-0.5785783647483784,-0.5785783647483784,-0.5785783647483784,-0.5963003767446594,-0.5963003767446594,-0.5963003767446594,0.01772201199628094,0.01772201199628094,0.01772201199628094,0.0,0.0,0.0,108.52949357619151
2025-11-10,257.5628277778671,296.9859385514491,381.48414191986427,257.5628277778671,257.5628277778671,0.3222595532856578,0.3222595532856578,0.3222595532856578,0.30085196279834625,0.30085196279834625,0.30085196279834625,0.021407590487311574,0.021407590487311574,0.021407590487311574,0.0,0.0,0.0,340.56490960055334
2025-11-11,257.5938050341279,300.4257520573887,385.35961302102106,257.5938050341279,257.5938050341279,0.3256602775116383,0.3256602775116383,0.3256602775116383,0.3012436849224358,0.3012436849224358,0.3012436849224358,0.024416592589202465,0.024416592589202465,0.024416592589202465,0.0,0.0,0.0,341.4818750668208
2025-11-12,257.62478229038874,274.8950857123846,362.50899888902177,257.62478229038874,257.62478229038874,0.23655218075249557,0.23655218075249557,0.23655218075249557,0.20980460013259278,0.20980460013259278,0.20980460013259278,0.026747580619902813,0.026747580619902813,0.026747580619902813,0.0,0.0,0.0,318.5664863570671
2025-11-13,257.65575954664956,267.78534552035785,349.7003322924836,257.65575954664956,257.65575954664956,0.19837839024670742,0.19837839024670742,0.19837839024670742,0.1699612169999708,0.1699612169999708,0.1699612169999708,0.02841717324673662,0.02841717324673662,0.02841717324673662,0.0,0.0,0.0,308.7690943633066
2025-11-14,257.68673680291033,246.96786135189473,331.76883121733016,257.68673680291033,257.68673680291033,0.10783306398188006,0.10783306398188006,0.10783306398188006,0.07837370885033432,0.07837370885033432,0.07837370885033432,0.029459355131545736,0.029459355131545736,0.029459355131545736,0.0,0.0,0.0,285.47388717986047
2025-11-15,257.71771405917116,102.35193086989558,191.17763362792246,257.71771405917116,257.71771405917116,-0.4340104528666448,-0.4340104528666448,-0.4340104528666448,-0.4639347969596066,-0.4639347969596066,-0.4639347969596066,0.029924344092961803,0.029924344092961803,0.029924344092961803,0.0,0.0,0.0,145.8655322685938
2025-11-16,257.748691315432,66.5745675023144,154.0520633046404,257.748691315432,257.748691315432,-0.56642332841577,-0.56642332841577,-0.56642332841577,-0.596300376744362,-0.596300376744362,-0.596300376744362,0.029877048328591976,0.029877048328591976,0.029877048328591976,0.0,0.0,0.0,111.75381968573612
2025-11-17,257.77966857169275,302.34662224007485,386.60635436351913,257.77966857169275,257.77966857169275,0.33024711933429785,0.33024711933429785,0.33024711933429785,0.30085196279872606,0.30085196279872606,0.30085196279872606,0.02939515653557183,0.02939515653557183,0.02939515653557183,0.0,0.0,0.0,342.9106615404443
2025-11-18,257.8106458279536,300.9384779245028,383.83305582371025,257.8106458279536,257.8106458279536,0.32981059777231136,0.32981059777231136,0.32981059777231136,0.30124368492234077,0.30124368492234077,0.30124368492234077,0.028566912849970587,0.028566912849970587,0.028566912849970587,0.0,0.0,0.0,342.8393290405366
2025-11-19,257.8416230842144,273.7674130652861,361.46750485289965,257.8416230842144,257.8416230842144,0.23729323630041366,0.23729323630041366,0.23729323630041366,0.20980460013288735,0.20980460013288735,0.20980460013288735,0.027488636167526302,0.027488636167526302,0.027488636167526302,0.0,0.0,0.0,319.0256962788191
2025-11-20,257.87260034047523,264.34330733809793,350.52269007719127,257.87260034047523,257.87260034047523,0.19622326642552967,0.19622326642552967,0.19622326642552967,0.16996121700023664,0.16996121700023664,0.16996121700023664,0.026262049425293026,0.026262049425293026,0.026262049425293026,0.0,0.0,0.0,308.47320430092844
2025-11-21,257.903577596736,240.30809415081754,324.5969509947093,257.903577596736,257.903577596736,0.10336519752465556,0.10336519752465556,0.10336519752465556,0.07837370884908575,0.07837370884908575,0.07837370884908575,0.02499148867556981,0.02499148867556981,0.02499148867556981,0.0,0.0,0.0,284.56183183733793
2025-11-22,257.9345548529968,105.012385773843,189.65017658926124,257.9345548529968,257.9345548529968,-0.440153732780824,-0.440153732780824,-0.440153732780824,-0.46393479695982653,-0.46393479695982653,-0.46393479695982653,0.023781064179002567,0.023781064179002567,0.023781064179002567,0.0,0.0,0.0,144.40369772129006
2025-11-23,257.96553210925765,64.51158804901546,155.21454185344172,257.96553210925765,257.96553210925765,-0.5735685305010818,-0.5735685305010818,-0.5735685305010818,-0.5963003767436563,-0.5963003767436563,-0.5963003767436563,0.022731846242574516,0.022731846242574516,0.022731846242574516,0.0,0.0,0.0,110.00462093742111
2025-11-24,257.9965093655184,297.8995105089856,385.0873928159239,257.9965093655184,257.9965093655184,0.3227911099372537,0.3227911099372537,0.3227911099372537,0.30085196279668963,0.30085196279668963,0.30085196279668963,0.021939147140564084,0.021939147140564084,0.021939147140564084,0.0,0.0,0.0,341.27548898355116
2025-11-25,258.02748662177925,297.7177794625103,390.1419714066398,258.02748662177925,258.02748662177925,0.3227336521649755,0.3227336521649755,0.3227336521649755,0.30124368492201725,0.30124368492201725,0.30124368492201725,0.021489967242958208,0.021489967242958208,0.021489967242958208,0.0,0.0,0.0,341.3016397381754
2025-11-26,258.0584638780401,273.7635952789677,361.74872516971976,258.0584638780401,258.0584638780401,0.2312652686781778,0.2312652686781778,0.2312652686781778,0.2098046001326705,0.2098046001326705,0.2098046001326705,0.02146066854550729,0.02146066854550729,0.02146066854550729,0.0,0.0,0.0,317.7384238614728
2025-11-27,258.0894411343009,264.74694772510003,352.3663343881974,258.0894411343009,258.0894411343009,0.191876149300487,0.191876149300487,0.191876149300487,0.1699612170005025,0.1699612170005025,0.1699612170005025,0.021914932299984487,0.021914932299984487,0.021914932299984487,0.0,0.0,0.0,307.61064927426526
2025-11-28,258.12041839056167,239.6991616857914,328.3958309793182,258.12041839056167,258.12041839056167,0.10127575842507994,0.10127575842507994,0.10127575842507994,0.07837370884931244,0.07837370884931244,0.07837370884931244,0.02290204957576748,0.02290204957576748,0.02290204957576748,0.0,0.0,0.0,284.2617595280647
2025-11-29,258.1513956468225,100.85764996703891,192.84387891373987,258.1513956468225,258.1513956468225,-0.43947921238863646,-0.43947921238863646,-0.43947921238863646,-0.46393479695803796,-0.46393479695803796,-0.46393479695803796,0.024455584569401514,0.024455584569401514,0.024455584569401514,0.0,0.0,0.0,144.6992236109297
2025-11-30,258.1823729030833,70.32143621723857,156.80905565451798,258.1823729030833,258.1823729030833,-0.5697079361713586,-0.5697079361713586,-0.5697079361713586,-0.5963003767429507,-0.5963003767429507,-0.5963003767429507,0.026592440571592015,0.026592440571592015,0.026592440571592015,0.0,0.0,0.0,111.09382608064362
2025-12-01,258.2133501593441,302.225729604486,387.8241843176955,258.2133501593441,258.2133501593441,0.33016431076944264,0.33016431076944264,0.33016431076944264,0.3008519627971692,0.3008519627971692,0.3008519627971692,0.029312347972273455,0.029312347972273455,0.029312347972273455,0.0,0.0,0.0,343.46618294617264
2025-12-02,258.2443274156049,302.89717699290776,387.5926186692525,258.2443274156049,258.2443274156049,0.3338414677429416,0.3338414677429416,0.3338414677429416,0.3012436849221506,0.3012436849221506,0.3012436849221506,0.032597782820790996,0.032597782820790996,0.032597782820790996,0.0,0.0,0.0,344.45699271631923
2025-12-03,258.27530467186574,280.9262672011446,364.3527238024441,258.27530467186574,258.27530467186574,0.24621891368025142,0.24621891368025142,0.24621891368025142,0.2098046001324537,0.2098046001324537,0.2098046001324537,0.03641431354779772,0.03641431354779772,0.03641431354779772,0.0,0.0,0.0,321.8675696186085
2025-12-04,258.30628192812657,269.5490301960167,357.742268336069,258.3062819270201,258.30628193168747,0.2106725797842084,0.2106725797842084,0.2106725797842084,0.1699612170000752,0.1699612170000752,0.1699612170000752,0.04071136278413321,0.04071136278413321,0.04071136278413321,0.0,0.0,0.0,312.72433271639204
2025-12-05,258.33725918438734,250.00225178362675,334.1962906864955,258.3372591746557,258.3372592006678,0.12379706990408265,0.12379706990408265,0.12379706990408265,0.07837370885069068,0.07837370885069068,0.07837370885069068,0.04542336105339196,0.04542336105339196,0.04542336105339196,0.0,0.0,0.0,290.31865491846605
2025-12-06,258.36823644064816,111.52754236939055,192.3560843687908,258.3682364220498,258.3682364663232,-0.41346353723308266,-0.41346353723308266,-0.41346353723308266,-0.4639347969588939,-0.4639347969588939,-0.4639347969588939,0.05047125972581126,0.05047125972581126,0.05047125972581126,0.0,0.0,0.0,151.54239149322433
2025-12-07,258.399213696909,75.80512181681051,159.12657521332034,258.3992136688125,258.3992137404305,-0.5405360145132251,-0.5405360145132251,-0.5405360145132251,-0.5963003767426533,-0.5963003767426533,-0.5963003767426533,0.05576436222942825,0.05576436222942825,0.05576436222942825,0.0,0.0,0.0,118.72513257183064
2025-12-08,258.43019095316976,308.91691595595637,396.66906928465784,258.43019091357985,258.4301910173449,0.36205438811896595,0.36205438811896595,0.36205438811896595,0.3008519627976487,0.3008519627976487,0.3008519627976487,0.06120242532131727,0.06120242532131727,0.06120242532131727,0.0,0.0,0.0,351.99597561018714
2025-12-09,258.4611682094306,311.3885963252769,394.3155338328957,258.46116815046764,258.4611682991582,0.36792166131242593,0.36792166131242593,0.36792166131242593,0.3012436849228656,0.3012436849228656,0.3012436849228656,0.06667797638956037,0.06667797638956037,0.06667797638956037,0.0,0.0,0.0,353.55463060179466
2025-12-10,258.4921454656914,288.7188484937147,371.6164538242729,258.4921453780947,258.4921455838338,0.28188338854124756,0.28188338854124756,0.28188338854124756,0.20980460013278984,0.20980460013278984,0.20980460013278984,0.07207878840845769,0.07207878840845769,0.07207878840845769,0.0,0.0,0.0,331.3567873408576
2025-12-11,258.52312272195223,279.2146207108905,366.314083636489,258.5231226082059,258.5231228671517,0.2472516683867863,0.2472516683867863,0.2472516683867863,0.16996121699964786,0.16996121699964786,0.16996121699964786,0.07729045138713847,0.07729045138713847,0.07729045138713847,0.0,0.0,0.0,322.4433961315168
2025-12-12,258.554099978213,256.9712707518203,339.37629417775696,258.55409984645905,258.55410015183946,0.16057268682340872,0.16057268682340872,0.16057268682340872,0.07837370885017977,0.07837370885017977,0.07837370885017977,0.08219897797322893,0.08219897797322893,0.08219897797322893,0.0,0.0,0.0,300.0708265009229
2025-12-13,258.58507723447383,118.76557854196628,205.11666241627617,258.58507707586335,258.5850774318656,-0.3772414156673678,-0.3772414156673678,-0.3772414156673678,-0.46393479695847784,-0.46393479695847784,-0.46393479695847784,0.08669338129111002,0.08669338129111002,0.08669338129111002,0.0,0.0,0.0,161.03607662808528
2025-12-14,258.61605449073465,85.13877230584593,165.75045428365536,258.6160543012807,258.6160547173296,-0.5056322116808482,-0.5056322116808482,-0.5056322116808482,-0.5963003767423559,-0.5963003767423559,-0.5963003767423559,0.09066816506150778,0.09066816506150778,0.09066816506150778,0.0,0.0,0.0,127.85144688240975
2025-12-15,258.6470317469954,318.8346373456037,403.70782871820325,258.6470315261354,258.64703201209255,0.39487763227352424,0.39487763227352424,0.39487763227352424,0.3008519627980284,0.3008519627980284,0.3008519627980284,0.09402566947549583,0.09402566947549583,0.09402566947549583,0.0,0.0,0.0,360.78095923782405
2025-12-16,258.67800900325625,317.61031710774466,405.31596612507497,258.67800874866487,258.67800929185154,0.39792190597861976,0.39792190597861976,0.39792190597861976,0.30124368492277037,0.30124368492277037,0.30124368492277037,0.09667822105584936,0.09667822105584936,0.09667822105584936,0.0,0.0,0.0,361.61165538058657
2025-12-17,258.7089862595171,291.1224020700363,382.4565361699459,258.7089859749304,258.7089865853318,0.3083546408062836,0.3083546408062836,0.3083546408062836,0.20980460013308444,0.20980460013308444,0.20980460013308444,0.0985500406731992,0.0985500406731992,0.0985500406731992,0.0,0.0,0.0,338.4831027909282
2025-12-18,258.7399635157779,286.53863684593375,370.2801352897421,258.7399631939862,258.7399638781054,0.2695400878072679,0.2695400878072679,0.2695400878072679,0.1699612169999137,0.1699612169999137,0.1699612169999137,0.09957887080735414,0.09957887080735414,0.09957887080735414,0.0,0.0,0.0,328.48075600106995
2025-12-19,258.77094077203867,265.0312025535934,344.9465363471798,258.7709404203593,258.7709411782089,0.17809099969766243,0.17809099969766243,0.17809099969766243,0.07837370884966882,0.07837370884966882,0.07837370884966882,0.0997172908479936,0.0997172908479936,0.0997172908479936,0.0,0.0,0.0,304.85571630683563
2025-12-20,258.8019180282995,121.90841086412522,208.66471996773163,258.8019176484853,258.80191848525925,-0.3650010994700302,-0.3650010994700302,-0.3650010994700302,-0.46393479695933365,-0.46393479695933365,-0.46393479695933365,0.09893369748930347,0.09893369748930347,0.09893369748930347,0.0,0.0,0.0,164.33893340301756
2025-12-21,258.8328952845603,84.46688075079103,173.83232709995985,258.8328948639708,258.8328958059559,-0.4990874408851558,-0.4990874408851558,-0.4990874408851558,-0.5963003767442082,-0.5963003767442082,-0.5963003767442082,0.09721293585905247,0.09721293585905247,0.09721293585905247,0.0,0.0,0.0,129.65264796009362
2025-12-22,258.8638725408211,317.7209388826881,402.79432637109807,258.86387207942533,258.86387310589697,0.39540853849759816,0.39540853849759816,0.39540853849759816,0.3008519627984082,0.3008519627984082,0.3008519627984082,0.09455657569919,0.09455657569919,0.09455657569919,0.0,0.0,0.0,361.2208580520157
2025-12-23,258.8948497970819,319.1408658335242,405.947154172704,258.8948492999853,258.89485040204323,0.3922265203748004,0.3922265203748004,0.3922265203748004,0.3012436849224469,0.3012436849224469,0.3012436849224469,0.09098283545235346,0.09098283545235346,0.09098283545235346,0.0,0.0,0.0,360.4402758759479
2025-12-24,258.92582705334274,292.1955744676639,376.13041479611604,258.9258265173759,258.92582770380295,0.296330765420611,0.296330765420611,0.296330765420611,0.20980460013235613,0.20980460013235613,0.20980460013235613,0.08652616528825487,0.08652616528825487,0.08652616528825487,0.0,0.0,0.0,335.65351557122455
2025-12-25,258.95680430960357,280.5117445810818,365.531478381488,258.9568037271008,258.95680499394615,0.25119772472341606,0.25119772472341606,0.25119772472341606,0.16996121700017958,0.16996121700017958,0.16996121700017958,0.08123650772323648,0.08123650772323648,0.08123650772323648,0.0,0.0,0.0,324.0061643538229
2025-12-26,258.98778156586434,254.9599904787548,342.9423707860516,258.9877809380304,258.98778228636326,0.15355197021510045,0.15355197021510045,0.15355197021510045,0.07837370885104705,0.07837370885104705,0.07837370885104705,0.0751782613640534,0.0751782613640534,0.0751782613640534,0.0,0.0,0.0,298.75586568694087
2025-12-27,259.01875882212516,111.64020619919103,198.92702034509307,259.01875815320375,259.01875958483174,-0.39550581766898746,-0.39550581766898746,-0.39550581766898746,-0.4639347969595536,-0.4639347969595536,-0.4639347969595536,0.06842897929056616,0.06842897929056616,0.06842897929056616,0.0,0.0,0.0,156.5753328225743
2025-12-28,259.049736078386,78.15170844483013,162.98070572587307,259.0497353589759,259.049736872818,-0.5352225381878358,-0.5352225381878358,-0.5352225381878358,-0.5963003767435024,-0.5963003767435024,-0.5963003767435024,0.061077838555666654,0.061077838555666654,0.061077838555666654,0.0,0.0,0.0,120.40047881762325
2025-12-29,259.08071333464676,306.1823787368785,391.9864654333254,259.0807125735538,259.0807141731465,0.3540758839317589,0.3540758839317589,0.3540758839317589,0.30085196279888776,0.30085196279888776,0.30085196279888776,0.053223921132871145,0.053223921132871145,0.053223921132871145,0.0,0.0,0.0,350.81494591828243
2025-12-30,259.1116905909076,307.56168171266074,391.03188564392667,259.1116898033932,259.1116914829588,0.346218034249036,0.346218034249036,0.346218034249036,0.3012436849223518,0.3012436849223518,0.3012436849223518,0.04497434932668423,0.04497434932668423,0.04497434932668423,0.0,0.0,0.0,348.820830758236
2025-12-31,259.1426678471684,280.4296421064493,365.1940539783561,259.14266700344757,259.14266880749824,0.2462469202845391,0.2462469202845391,0.2462469202845391,0.2098046001326508,0.2098046001326508,0.2098046001326508,0.036442320151888294,0.036442320151888294,0.036442320151888294,0.0,0.0,0.0,322.95575171885287
