ds,trend,yhat_lower,yhat_upper,trend_lower,trend_upper,multiplicative_terms,multiplicative_terms_lower,multiplicative_terms_upper,weekly,weekly_lower,weekly_upper,yearly,yearly_lower,yearly_upper,additive_terms,additive_terms_lower,additive_terms_upper,yhat
2025-01-01,19.8380408,12.365859518438823,49.78019208884451,19.8380408,19.8380408,0.5512493942988054,0.5512493942988054,0.5512493942988054,0.15707231992715248,0.15707231992715248,0.15707231992715248,0.39417707437165295,0.39417707437165295,0.39417707437165295,0.0,0.0,0.0,30.773748775074992
2025-01-02,19.87599222994012,10.35470190008542,47.4218271001651,19.87599222994012,19.87599222994012,0.46789340242102345,0.46789340242102345,0.46789340242102345,0.10691232480031965,0.10691232480031965,0.10691232480031965,0.36098107762070386,0.36098107762070386,0.36098107762070386,0.0,0.0,0.0,29.17583786090063
2025-01-03,19.91394365988024,10.100596315630531,46.21711735146798,19.91394365988024,19.91394365988024,0.40677163254455906,0.40677163254455906,0.40677163254455906,0.07844012274154724,0.07844012274154724,0.07844012274154724,0.32833150980301185,0.32833150980301185,0.32833150980301185,0.0,0.0,0.0,28.014371032810093
2025-01-04,19.95189508982036,0.6561850035592106,36.938633045755964,19.95189508982036,19.95189508982036,-0.0665842572492121,-0.0665842572492121,-0.0665842572492121,-0.36357672441286804,-0.36357672441286804,-0.36357672441286804,0.29699246716365596,0.29699246716365596,0.29699246716365596,0.0,0.0,0.0,18.62341297455047
2025-01-05,19.98984651976048,-4.504366104790781,33.896586573347605,19.98984651976048,19.98984651976048,-0.261721801637376,-0.261721801637376,-0.261721801637376,-0.5294112982256711,-0.5294112982256711,-0.5294112982256711,0.26768949658829516,0.26768949658829516,0.26768949658829516,0.0,0.0,0.0,14.758067874154136
2025-01-06,20.0277979497006,10.936160533448037,49.23549226057302,20.0277979497006,20.0277979497006,0.5369774308761759,0.5369774308761759,0.5369774308761759,0.2958839603250584,0.2958839603250584,0.2958839603250584,0.24109347055111752,0.24109347055111752,0.24109347055111752,0.0,0.0,0.0,30.78227343883797
2025-01-07,20.065749379640717,11.000534176737341,47.5792294234974,20.065749379640717,20.065749379640717,0.4724850890280115,0.4724850890280115,0.4724850890280115,0.25467929484453383,0.25467929484453383,0.25467929484453383,0.21780579418347765,0.21780579418347765,0.21780579418347765,0.0,0.0,0.0,29.546516761694026
2025-01-08,20.103700809580836,7.006937815417803,45.587953969662074,20.103700809580836,20.103700809580836,0.3554176128246839,0.3554176128246839,0.3554176128246839,0.1570723199275485,0.1570723199275485,0.1570723199275485,0.19834529289713543,0.19834529289713543,0.19834529289713543,0.0,0.0,0.0,27.248910160263723
2025-01-09,20.14165223952096,7.628551708077372,44.2695720539832,20.14165223952096,20.14165223952096,0.2900494122949518,0.2900494122949518,0.2900494122949518,0.10691232479993372,0.10691232479993372,0.10691232479993372,0.18313708749501809,0.18313708749501809,0.18313708749501809,0.0,0.0,0.0,25.98372663424331
2025-01-10,20.179603669461077,6.496139344161284,43.95602006119036,20.179603669461077,20.179603669461077,0.25094383734232484,0.25094383734232484,0.25094383734232484,0.07844012274188053,0.07844012274188053,0.07844012274188053,0.1725037146004443,0.1725037146004443,0.1725037146004443,0.0,0.0,0.0,25.243550850322897
2025-01-11,20.217555099401196,-3.2706785212798786,36.06378811738077,20.217555099401196,20.217555099401196,-0.19691802963489596,-0.19691802963489596,-0.19691802963489596,-0.3635767244137063,-0.3635767244137063,-0.3635767244137063,0.16665869477881035,0.16665869477881035,0.16665869477881035,0.0,0.0,0.0,16.236353985192167
2025-01-12,20.255506529341318,-6.5487468649796705,30.177065646030584,20.255506529341318,20.255506529341318,-0.363708607908405,-0.363708607908405,-0.363708607908405,-0.5294112982254316,-0.5294112982254316,-0.5294112982254316,0.16570269031702667,0.16570269031702667,0.16570269031702667,0.0,0.0,0.0,12.88840444707498
2025-01-13,20.293457959188185,9.919621758662451,48.533298590009736,20.293457959188185,20.293457959188185,0.46550629111880404,0.46550629111880404,0.46550629111880404,0.2958839603254043,0.2958839603254043,0.2958839603254043,0.16962233079339975,0.16962233079339975,0.16962233079339975,0.0,0.0,0.0,29.74019030774525
2025-01-14,20.33140938903506,11.20117411350974,46.85035780425386,20.33140938903506,20.33140938903506,0.43297101378140623,0.43297101378140623,0.43297101378140623,0.2546792948441773,0.2546792948441773,0.2546792948441773,0.17829171893722892,0.17829171893722892,0.17829171893722892,0.0,0.0,0.0,29.13432032381037
2025-01-15,20.36936081888193,8.626727019627673,45.1368601788799,20.36936081888193,20.36936081888193,0.34854888343468626,0.34854888343468626,0.34854888343468626,0.15707231992730594,0.15707231992730594,0.15707231992730594,0.19147656350738035,0.19147656350738035,0.19147656350738035,0.0,0.0,0.0,27.469078788581474
2025-01-16,20.4073122487288,8.500049742985839,43.91998794900222,20.4073122487288,20.4073122487288,0.3157531464772196,0.3157531464772196,0.3157531464772196,0.10691232479948609,0.10691232479948609,0.10691232479948609,0.2088408216777335,0.2088408216777335,0.2088408216777335,0.0,0.0,0.0,26.850985302408024
2025-01-17,20.44526367857567,7.931026983809971,46.24390271877884,20.44526367857567,20.44526367857567,0.30839579507486187,0.30839579507486187,0.30839579507486187,0.07844012274066398,0.07844012274066398,0.07844012274066398,0.22995567233419792,0.22995567233419792,0.22995567233419792,0.0,0.0,0.0,26.75049702624521
2025-01-18,20.483215108422538,-0.8335577953040754,37.27521833846672,20.483215108422538,20.483215108422538,-0.1092661391074129,-0.1092661391074129,-0.1092661391074129,-0.36357672441257183,-0.36357672441257183,-0.36357672441257183,0.25431058530515893,0.25431058530515893,0.25431058530515893,0.0,0.0,0.0,18.24509327701858
2025-01-19,20.52116653826941,-3.348851337925203,34.033141071520966,20.52116653826941,20.52116653826941,-0.24808509694260344,-0.24808509694260344,-0.24808509694260344,-0.5294112982251922,-0.5294112982251922,-0.5294112982251922,0.28132620128258873,0.28132620128258873,0.28132620128258873,0.0,0.0,0.0,15.430170948247534
2025-01-20,20.55911796811628,14.904108808685018,51.557022347019924,20.55911796811628,20.55911796811628,0.6062526546320117,0.6062526546320117,0.6062526546320117,0.29588396032358066,0.29588396032358066,0.29588396032358066,0.310368694308431,0.310368694308431,0.310368694308431,0.0,0.0,0.0,33.02313781317947
2025-01-21,20.597069397963146,14.366287849845287,51.86785375926942,20.597069397963146,20.597069397963146,0.5954445491096282,0.5954445491096282,0.5954445491096282,0.25467929484382074,0.25467929484382074,0.25467929484382074,0.3407652542658074,0.3407652542658074,0.3407652542658074,0.0,0.0,0.0,32.86148209861303
2025-01-22,20.635020827810017,12.593165519669558,50.44743311617407,20.635020827810017,20.635020827810017,0.528892621599814,0.528892621599814,0.528892621599814,0.15707231992761955,0.15707231992761955,0.15707231992761955,0.3718203016721945,0.3718203016721945,0.3718203016721945,0.0,0.0,0.0,31.548731090197222
2025-01-23,20.672972256365924,11.837568263114658,50.0761826146858,20.672972256365924,20.672972256365924,0.509744356628122,0.509744356628122,0.509744356628122,0.10691232479977719,0.10691232479977719,0.10691232479977719,0.4028320318283448,0.4028320318283448,0.4028320318283448,0.0,0.0,0.0,31.21090319877819
2025-01-24,20.710923684921838,12.196098710481952,50.866695737537455,20.710923684921838,20.710923684921838,0.5115490031230988,0.5115490031230988,0.5115490031230988,0.07844012274099721,0.07844012274099721,0.07844012274099721,0.4331088803821016,0.4331088803821016,0.4331088803821016,0.0,0.0,0.0,31.30557604970218
2025-01-25,20.748875113477744,3.369361080625039,40.27141535458669,20.748875113477744,20.748875113477744,0.09840878328651594,0.09840878328651594,0.09840878328651594,-0.36357672441159067,-0.36357672441159067,-0.36357672441159067,0.4619855076981066,0.4619855076981066,0.4619855076981066,0.0,0.0,0.0,22.79074666795896
2025-01-26,20.78682654203365,1.0826789097583747,38.84936815578725,20.78682654203365,20.78682654203365,-0.040573383324985446,-0.040573383324985446,-0.040573383324985446,-0.5294112982249526,-0.5294112982249526,-0.5294112982249526,0.48883791489996714,0.48883791489996714,0.48883791489996714,0.0,0.0,0.0,19.943434660633738
2025-01-27,20.82477797058956,18.307918441116307,56.00656918933577,20.82477797058956,20.82477797058956,0.8089812899454698,0.8089812899454698,0.8089812899454698,0.2958839603239266,0.2958839603239266,0.2958839603239266,0.5130973296215432,0.5130973296215432,0.5130973296215432,0.0,0.0,0.0,37.67163371606511
2025-01-28,20.86272939914547,17.9443613457227,56.17605914968086,20.86272939914547,20.86272939914547,0.7889418285211752,0.7889418285211752,0.7889418285211752,0.25467929484399143,0.25467929484399143,0.25467929484399143,0.5342625336771838,0.5342625336771838,0.5342625336771838,0.0,0.0,0.0,37.32220927924977
2025-01-29,20.90068082770138,15.759938931510643,53.174763519738924,20.90068082770138,20.90068082770138,0.708982667026984,0.708982667026984,0.708982667026984,0.15707231992682083,0.15707231992682083,0.15707231992682083,0.5519103471001632,0.5519103471001632,0.5519103471001632,0.0,0.0,0.0,35.718901263604856
2025-01-30,20.938632256257286,17.078317370815608,52.58371754547321,20.938632256257286,20.938632256257286,0.6726163569856696,0.6726163569856696,0.6726163569856696,0.10691232480006828,0.10691232480006828,0.10691232480006828,0.5657040321856014,0.5657040321856014,0.5657040321856014,0.0,0.0,0.0,35.02229880472369
2025-01-31,20.976583684813193,15.673643974638662,51.858807639832825,20.976583684813193,20.976583684813193,0.6538395587312119,0.6538395587312119,0.6538395587312119,0.07844012274201634,0.07844012274201634,0.07844012274201634,0.5753994359891956,0.5753994359891956,0.5753994359891956,0.0,0.0,0.0,34.69190390497979
2025-02-01,21.014535113369103,7.549471172100674,43.905073743328245,21.014535113369103,21.014535113369103,0.21727202432741238,0.21727202432741238,0.21727202432741238,-0.3635767244117713,-0.3635767244117713,-0.3635767244117713,0.5808487487391837,0.5808487487391837,0.5808487487391837,0.0,0.0,0.0,25.580405697750297
2025-02-02,21.05248654192501,2.3388176417668145,40.29401070542157,21.05248654192501,21.05248654192501,0.052590519037904404,0.052590519037904404,0.052590519037904404,-0.5294112982243031,-0.5294112982243031,-0.5294112982243031,0.5820018172622075,0.5820018172622075,0.5820018172622075,0.0,0.0,0.0,22.159647736203343
2025-02-03,21.0904379626134,20.863640112619674,57.71325807380775,21.0904379626134,21.0904379626134,0.8747889755220538,0.8747889755220538,0.8747889755220538,0.2958839603243538,0.2958839603243538,0.2958839603243538,0.5789050151977,0.5789050151977,0.5789050151977,0.0,0.0,0.0,39.540120581239414
2025-02-04,21.128389383301787,18.611031422780997,57.379568320821456,21.128389383301787,21.128389383301787,0.8263770286995196,0.8263770286995196,0.8263770286995196,0.25467929484447716,0.25467929484447716,0.25467929484447716,0.5716977338550424,0.5716977338550424,0.5716977338550424,0.0,0.0,0.0,38.588405023081194
2025-02-05,21.166340803990174,17.810421942055882,55.455940205450304,21.166340803990174,21.166340803990174,0.7176789373762145,0.7176789373762145,0.7176789373762145,0.157072319927773,0.157072319927773,0.157072319927773,0.5606066174484415,0.5606066174484415,0.5606066174484415,0.0,0.0,0.0,36.35697778034065
2025-02-06,21.20429222467856,16.130069998145448,54.09143916330343,21.20429222467856,21.20429222467856,0.6528500473961439,0.6528500473961439,0.6528500473961439,0.10691232480035937,0.10691232480035937,0.10691232480035937,0.5459377225957845,0.5459377225957845,0.5459377225957845,0.0,0.0,0.0,35.047515408561644
2025-02-07,21.242243645366948,14.72473058609501,52.06755275506167,21.242243645366948,21.242243645366948,0.6065069557006478,0.6065069557006478,0.6065069557006478,0.0784401227423496,0.0784401227423496,0.0784401227423496,0.5280668329582983,0.5280668329582983,0.5280668329582983,0.0,0.0,0.0,34.12581217096989
2025-02-08,21.280195066055335,6.650361450197394,41.9827256016318,21.280195066055335,21.280195066055335,0.14385148003698084,0.14385148003698084,0.14385148003698084,-0.3635767244126095,-0.3635767244126095,-0.3635767244126095,0.5074282044495904,0.5074282044495904,0.5074282044495904,0.0,0.0,0.0,24.34138262178305
2025-02-09,21.31814648674372,1.7579277788019305,38.50815907089303,21.31814648674372,21.31814648674372,-0.044909244783683966,-0.044909244783683966,-0.044909244783683966,-0.5294112982244736,-0.5294112982244736,-0.5294112982244736,0.4845020534407896,0.4845020534407896,0.4845020534407896,0.0,0.0,0.0,20.360764627836115
2025-02-10,21.35609790743211,19.466598183109195,55.88246589752127,21.35609790743211,21.35609790743211,0.7556850892694286,0.7556850892694286,0.7556850892694286,0.29588396032478104,0.29588396032478104,0.29588396032478104,0.4598011289446475,0.4598011289446475,0.4598011289446475,0.0,0.0,0.0,37.4945826610566
2025-02-11,21.394049328120495,16.846535308614932,55.15129139459649,21.394049328120495,21.394049328120495,0.6885360240315773,0.6885360240315773,0.6885360240315773,0.2546792948446479,0.2546792948446479,0.2546792948446479,0.4338567291869294,0.4338567291869294,0.4338567291869294,0.0,0.0,0.0,36.12462299044002
2025-02-12,21.432000748808882,13.339205532865158,52.65650222363307,21.432000748808882,21.432000748808882,0.5642768527798201,0.5642768527798201,0.5642768527798201,0.15707231992753043,0.15707231992753043,0.15707231992753043,0.40720453285228964,0.40720453285228964,0.40720453285228964,0.0,0.0,0.0,33.5255826801215
2025-02-13,21.46995216949727,13.314623174887423,52.2367190264815,21.46995216949727,21.46995216949727,0.48728294024274654,0.48728294024274654,0.48728294024274654,0.10691232479991175,0.10691232479991175,0.10691232479991175,0.38037061544283485,0.38037061544283485,0.38037061544283485,0.0,0.0,0.0,31.93189358952103
2025-02-14,21.5079035902874,12.777766010097745,51.59641853931012,21.5079035902874,21.5079035902874,0.432298134431185,0.432298134431185,0.432298134431185,0.07844012274190798,0.07844012274190798,0.07844012274190798,0.35385801168927694,0.35385801168927694,0.35385801168927694,0.0,0.0,0.0,30.805730187894426
2025-02-15,21.54585501107753,3.6475419131076734,37.98294998169973,21.54585501107753,21.54585501107753,-0.0354425582607332,-0.0354425582607332,-0.0354425582607332,-0.3635767244134478,-0.3635767244134478,-0.3635767244134478,0.3281341661527146,0.3281341661527146,0.3281341661527146,0.0,0.0,0.0,20.782214789570105
2025-02-16,21.583806431867664,-0.8975687270718928,36.61237993727969,21.583806431867664,21.583806431867664,-0.22579171161361367,-0.22579171161361367,-0.22579171161361367,-0.5294112982256571,-0.5294112982256571,-0.5294112982256571,0.3036195866120435,0.3036195866120435,0.3036195866120435,0.0,0.0,0.0,16.71036183447934
2025-02-17,21.621757852657794,15.7413208711093,52.86476815436199,21.621757852657794,21.621757852657794,0.5765619396920587,0.5765619396920587,0.5765619396920587,0.29588396032520825,0.29588396032520825,0.29588396032520825,0.28067797936685046,0.28067797936685046,0.28067797936685046,0.0,0.0,0.0,34.08804049973817
2025-02-18,21.659709273447927,12.458620891797032,51.875680964237034,21.659709273447927,21.659709273447927,0.5142873980334987,0.5142873980334987,0.5142873980334987,0.2546792948442913,0.2546792948442913,0.2546792948442913,0.25960810318920735,0.25960810318920735,0.25960810318920735,0.0,0.0,0.0,32.7990247978515
2025-02-19,21.69766069423806,11.52802249423949,49.47144040335379,21.69766069423806,21.69766069423806,0.3977098504483805,0.3977098504483805,0.3977098504483805,0.1570723199278441,0.1570723199278441,0.1570723199278441,0.2406375305205364,0.2406375305205364,0.2406375305205364,0.0,0.0,0.0,30.327034084023182
2025-02-20,21.735612115028186,10.369275507902238,48.35698045566505,21.735612115028186,21.735612115028186,0.33083077675255673,0.33083077675255673,0.33083077675255673,0.10691232480094155,0.10691232480094155,0.10691232480094155,0.22391845195161514,0.22391845195161514,0.22391845195161514,0.0,0.0,0.0,28.92642155423524
2025-02-21,21.77356353581832,8.853108732664056,47.25195266507981,21.77356353581832,21.77356353581832,0.28796572720645963,0.28796572720645963,0.28796572720645963,0.07844012274215226,0.07844012274215226,0.07844012274215226,0.20952560446430735,0.20952560446430735,0.20952560446430735,0.0,0.0,0.0,28.043603593286296
2025-02-22,21.811514956608452,-0.6158446419924187,36.40646094707689,21.811514956608452,21.811514956608452,-0.1661203775525077,-0.1661203775525077,-0.1661203775525077,-0.3635767244129709,-0.3635767244129709,-0.3635767244129709,0.1974563468604632,0.1974563468604632,0.1974563468604632,0.0,0.0,0.0,18.188177857024485
2025-02-23,21.849466377398585,-3.8763450809834716,32.71483362451517,21.849466377398585,21.849466377398585,-0.34177844945845365,-0.34177844945845365,-0.34177844945845365,-0.5294112982254178,-0.5294112982254178,-0.5294112982254178,0.18763284876696404,0.18763284876696404,0.18763284876696404,0.0,0.0,0.0,14.381789637436679
2025-02-24,21.88741779696815,14.38964526038468,50.18410732150413,21.88741779696815,21.88741779696815,0.47579026441987926,0.47579026441987926,0.47579026441987926,0.29588396032555414,0.29588396032555414,0.29588396032555414,0.17990630409432512,0.17990630409432512,0.17990630409432512,0.0,0.0,0.0,32.301238098056
2025-02-25,21.925369216537717,13.579700684605601,49.269399016865094,21.925369216537717,21.925369216537717,0.42874232214420055,0.42874232214420055,0.42874232214420055,0.2546792948441984,0.2546792948441984,0.2546792948441984,0.17406302730000223,0.17406302730000223,0.17406302730000223,0.0,0.0,0.0,31.32570292830507
2025-02-26,21.963320636107277,11.096827109481902,47.39828869747317,21.963320636107277,21.963320636107277,0.3269045625396753,0.3269045625396753,0.3269045625396753,0.15707231992815776,0.15707231992815776,0.15707231992815776,0.16983224261151758,0.16983224261151758,0.16983224261151758,0.0,0.0,0.0,29.14323036057255
2025-02-27,22.001272055676843,9.15465807510986,46.05075693292998,22.001272055676843,22.001272055676843,0.27380765854845135,0.27380765854845135,0.27380765854845135,0.10691232479981688,0.10691232479981688,0.10691232479981688,0.16689533374863444,0.16689533374863444,0.16689533374863444,0.0,0.0,0.0,28.025388842329196
2025-02-28,22.03922347524641,7.436246374939723,45.96234444284089,22.03922347524641,22.03922347524641,0.243336408442152,0.243336408442152,0.243336408442152,0.0784401227417106,0.0784401227417106,0.0784401227417106,0.1648962857004414,0.1648962857004414,0.1648962857004414,0.0,0.0,0.0,27.402168960566836
2025-03-01,22.077174894815975,-0.4881011612028255,36.99467638455446,22.077174894815975,22.077174894815975,-0.20012370274661967,-0.20012370274661967,-0.20012370274661967,-0.36357672441380917,-0.36357672441380917,-0.36357672441380917,0.1634530216671895,0.1634530216671895,0.1634530216671895,0.0,0.0,0.0,17.65900890868069
2025-03-02,22.11512631438554,-5.045717792011875,32.676020956178874,22.11512631438554,22.11512631438554,-0.36724198020080834,-0.36724198020080834,-0.36724198020080834,-0.5294112982247682,-0.5294112982247682,-0.5294112982247682,0.16216931802395984,0.16216931802395984,0.16216931802395984,0.0,0.0,0.0,13.993523534299591
2025-03-03,22.153077733955104,13.435005051612078,49.2012479399115,22.153077733955104,22.153077733955104,0.4565309288943477,0.4565309288943477,0.4565309288943477,0.2958839603238117,0.2958839603238117,0.2958839603238117,0.16064696857053595,0.16064696857053595,0.16064696857053595,0.0,0.0,0.0,32.26664288970632
2025-03-04,22.19102915352467,11.645364418314527,49.20928432056957,22.19102915352467,22.19102915352467,0.41317716144931826,0.41317716144931826,0.41317716144931826,0.2546792948449477,0.2546792948449477,0.2546792948449477,0.1584978666043705,0.1584978666043705,0.1584978666043705,0.0,0.0,0.0,31.359855588817062
2025-03-05,22.228980573094237,11.135107741518564,47.51171111453876,22.228980573094237,22.228980573094237,0.31242799939777105,0.31242799939777105,0.31242799939777105,0.15707231992735898,0.15707231992735898,0.15707231992735898,0.1553556794704121,0.1553556794704121,0.1553556794704121,0.0,0.0,0.0,29.173936502197986
2025-03-06,22.266931992663803,9.255291899825389,45.88716956488473,22.266931992663803,22.266931992663803,0.2577991297430018,0.2577991297430018,0.2577991297430018,0.10691232480010798,0.10691232480010798,0.10691232480010798,0.15088680494289383,0.15088680494289383,0.15088680494289383,0.0,0.0,0.0,28.007327682419135
2025-03-07,22.30488341265768,9.354357487818122,45.73064641441667,22.30488341265768,22.30488341265768,0.22324044433717516,0.22324044433717516,0.22324044433717516,0.07844012274204387,0.07844012274204387,0.07844012274204387,0.14480032159513126,0.14480032159513126,0.14480032159513126,0.0,0.0,0.0,27.28423549658827
2025-03-08,22.34283483265155,-1.624319429048102,35.608776710290115,22.34283483265155,22.34283483265155,-0.22672004890306302,-0.22672004890306302,-0.22672004890306302,-0.3635767244139899,-0.3635767244139899,-0.3635767244139899,0.1368566755109269,0.1368566755109269,0.1368566755109269,0.0,0.0,0.0,17.277266226759732
2025-03-09,22.380786252645425,-4.497678684035992,31.767535820770664,22.380786252645425,22.380786252645425,-0.40253641581918354,-0.40253641581918354,-0.40253641581918354,-0.5294112982241187,-0.5294112982241187,-0.5294112982241187,0.1268748824049351,0.1268748824049351,0.1268748824049351,0.0,0.0,0.0,13.371704771290279
2025-03-10,22.418737672639296,13.324404817209686,50.29167946942713,22.418737672639296,22.418737672639296,0.4106220267087872,0.4106220267087872,0.4106220267087872,0.29588396032415765,0.29588396032415765,0.29588396032415765,0.11473806638462956,0.11473806638462956,0.11473806638462956,0.0,0.0,0.0,31.624365172031084
2025-03-11,22.456689092633173,11.832322631808092,49.34720031017504,22.456689092633173,22.456689092633173,0.3550764978739297,0.3550764978739297,0.3550764978739297,0.25467929484485474,0.25467929484485474,0.25467929484485474,0.10039720302907493,0.10039720302907493,0.10039720302907493,0.0,0.0,0.0,30.430531609489034
2025-03-12,22.49464051262705,9.790929382161867,47.241718991026076,22.49464051262705,22.49464051262705,0.24094530380291532,0.24094530380291532,0.24094530380291532,0.15707231992767268,0.15707231992767268,0.15707231992767268,0.08387298387524264,0.08387298387524264,0.08387298387524264,0.0,0.0,0.0,27.91461850487934
2025-03-13,22.53259193262092,8.035714125690443,44.86236689139302,22.53259193262092,22.53259193262092,0.17216809524768392,0.17216809524768392,0.17216809524768392,0.10691232479966034,0.10691232479966034,0.10691232479966034,0.06525577044802357,0.06525577044802357,0.06525577044802357,0.0,0.0,0.0,26.411985366653592
2025-03-14,22.570543352614795,6.96288673234554,44.260894013740405,22.570543352614795,22.570543352614795,0.12314377999498799,0.12314377999498799,0.12314377999498799,0.07844012274160223,0.07844012274160223,0.07844012274160223,0.044703657253385765,0.044703657253385765,0.044703657253385765,0.0,0.0,0.0,25.34996537759653
2025-03-15,22.608494772608672,-4.37202435395652,32.37840063311258,22.608494772608672,22.608494772608672,-0.3411380111053852,-0.3411380111053852,-0.3411380111053852,-0.36357672441235106,-0.36357672441235106,-0.36357672441235106,0.022438713306965827,0.022438713306965827,0.022438713306965827,0.0,0.0,0.0,14.89587783179445
2025-03-16,22.646446192602543,-8.206677040716244,28.6724239911175,22.646446192602543,22.646446192602543,-0.530669778765671,-0.530669778765671,-0.530669778765671,-0.5294112982242891,-0.5294112982242891,-0.5294112982242891,-0.0012584805413818761,-0.0012584805413818761,-0.0012584805413818761,0.0,0.0,0.0,10.62866160174548
2025-03-17,22.68439761259642,10.504511536080106,46.353359185715,22.68439761259642,22.68439761259642,0.26982812307883397,0.26982812307883397,0.26982812307883397,0.29588396032466613,0.29588396032466613,0.29588396032466613,-0.026055837245832145,-0.026055837245832145,-0.026055837245832145,0.0,0.0,0.0,28.805286043577293
2025-03-18,22.722349032779974,7.92712952569361,45.427814726463836,22.722349032779974,22.722349032779974,0.2031011830626263,0.2031011830626263,0.2031011830626263,0.25467929484449825,0.25467929484449825,0.25467929484449825,-0.051578111781871945,-0.051578111781871945,-0.051578111781871945,0.0,0.0,0.0,27.33728500329951
2025-03-19,22.760300452963527,5.040512458086897,43.28866484938813,22.760300452963527,22.760300452963527,0.07965596167675086,0.07965596167675086,0.07965596167675086,0.1570723199274301,0.1570723199274301,0.1570723199274301,-0.07741635825067923,-0.07741635825067923,-0.07741635825067923,0.0,0.0,0.0,24.573294073596127
2025-03-20,22.798251873147084,4.1783169751639555,42.034565734649476,22.798251873147084,22.798251873147084,0.0037740892838173806,0.0037740892838173806,0.0037740892838173806,0.10691232480001314,0.10691232480001314,0.10691232480001314,-0.10313823551619576,-0.10313823551619576,-0.10313823551619576,0.0,0.0,0.0,22.8842945112313
2025-03-21,22.83620329333064,4.409379299396399,41.20664461914312,22.83620329333064,22.83620329333064,-0.04985875889861455,-0.04985875889861455,-0.04985875889861455,0.07844012274193546,0.07844012274193546,0.07844012274193546,-0.12829888164055,-0.12829888164055,-0.12829888164055,0.0,0.0,0.0,21.69761853916872
2025-03-22,22.874154713514194,-7.301761424723125,30.2139651631502,22.874154713514194,22.874154713514194,-0.5160287901211215,-0.5160287901211215,-0.5160287901211215,-0.36357672441253164,-0.36357672441253164,-0.36357672441253164,-0.15245206570858982,-0.15245206570858982,-0.15245206570858982,0.0,0.0,0.0,11.070432331656116
2025-03-23,22.912106133697748,-11.800623838216419,24.97328588402423,22.912106133697748,22.912106133697748,-0.7045726201063081,-0.7045726201063081,-0.7045726201063081,-0.5294112982236396,-0.5294112982236396,-0.5294112982236396,-0.17516132188266845,-0.17516132188266845,-0.17516132188266845,0.0,0.0,0.0,6.768863482924514
2025-03-24,22.950057553881305,7.383850313804874,44.86863650046753,22.950057553881305,22.950057553881305,0.09987318563019984,0.09987318563019984,0.09987318563019984,0.2958839603250121,0.2958839603250121,0.2958839603250121,-0.19601077469481223,-0.19601077469481223,-0.19601077469481223,0.0,0.0,0.0,25.24215291218386
2025-03-25,22.988008974064854,5.02265802501667,42.962205777899364,22.988008974064854,22.988008974064854,0.0400639183921435,0.0400639183921435,0.0400639183921435,0.2546792948444053,0.2546792948444053,0.2546792948444053,-0.21461537645226184,-0.21461537645226184,-0.21461537645226184,0.0,0.0,0.0,23.90899868959965
2025-03-26,23.02596039424841,2.280824649430912,40.31688852216227,23.02596039424841,23.02596039424841,-0.07355797685617915,-0.07355797685617915,-0.07355797685617915,0.1570723199278261,0.1570723199278261,0.1570723199278261,-0.23063029678400526,-0.23063029678400526,-0.23063029678400526,0.0,0.0,0.0,21.33221733247699
2025-03-27,23.063911814431965,3.278826720006784,37.50514746348275,23.063911814431965,23.063911814431965,-0.13684690537662242,-0.13684690537662242,-0.13684690537662242,0.10691232480030423,0.10691232480030423,0.10691232480030423,-0.24375923017692666,-0.24375923017692666,-0.24375923017692666,0.0,0.0,0.0,19.90768685674763
2025-03-28,23.101863234990347,0.4596163850255042,37.09722706224679,23.101863234990347,23.101863234990347,-0.17532129630971427,-0.17532129630971427,-0.17532129630971427,0.07844012274071897,0.07844012274071897,0.07844012274071897,-0.25376141905043326,-0.25376141905043326,-0.25376141905043326,0.0,0.0,0.0,19.05161462546211
2025-03-29,23.139814655548726,-10.014641834437331,26.76678383265537,23.139814655548726,23.139814655548726,-0.6240339509873642,-0.6240339509873642,-0.6240339509873642,-0.36357672441336997,-0.36357672441336997,-0.36357672441336997,-0.2604572265739942,-0.2604572265739942,-0.2604572265739942,0.0,0.0,0.0,8.69978469093134
2025-03-30,23.177766076107105,-13.000520196499512,24.039520554764085,23.177766076107105,23.177766076107105,-0.7931434322047309,-0.7931434322047309,-0.7931434322047309,-0.5294112982234002,-0.5294112982234002,-0.5294112982234002,-0.2637321339813307,-0.2637321339813307,-0.2637321339813307,0.0,0.0,0.0,4.794473139665136
2025-03-31,23.215717496665484,4.76643283406117,43.646075452876765,23.215717496665484,23.215717496665484,0.03234487989373874,0.03234487989373874,0.03234487989373874,0.29588396032318837,0.29588396032318837,0.29588396032318837,-0.2635390804294496,-0.2635390804294496,-0.2635390804294496,0.0,0.0,0.0,23.966627090742097
2025-04-01,23.253668917223862,3.0275356206961783,41.57364227323452,23.253668917223862,23.253668917223862,-0.005219813451464328,-0.005219813451464328,-0.005219813451464328,0.2546792948440488,0.2546792948440488,0.2546792948440488,-0.2598991082955131,-0.2598991082955131,-0.2598991082955131,0.0,0.0,0.0,23.13228910341384
2025-04-02,23.291620337782245,3.4694972100009007,40.99111039743848,23.291620337782245,23.291620337782245,-0.09582800203100485,-0.09582800203100485,-0.09582800203100485,0.15707231992758353,0.15707231992758353,0.15707231992758353,-0.25290032195858836,-0.25290032195858836,-0.25290032195858836,0.0,0.0,0.0,21.059630896747855
2025-04-03,23.329571758340624,1.500923747959456,38.83710069887299,23.329571758340624,23.329571758340624,-0.13578288756206353,-0.13578288756206353,-0.13578288756206353,0.10691232480059532,0.10691232480059532,0.10691232480059532,-0.24269521236265884,-0.24269521236265884,-0.24269521236265884,0.0,0.0,0.0,20.161815139406766
2025-04-04,23.367523178899,0.8259232379400945,38.61258940465178,23.367523178899,23.367523178899,-0.15105631907868589,-0.15105631907868589,-0.15105631907868589,0.07844012274105222,0.07844012274105222,0.07844012274105222,-0.2294964418197381,-0.2294964418197381,-0.2294964418197381,0.0,0.0,0.0,19.837711141508642
2025-04-05,23.405474599457378,-8.97511072073951,28.068124417117858,23.405474599457378,23.405474599457378,-0.5771479468968065,-0.5771479468968065,-0.5771479468968065,-0.3635767244135507,-0.3635767244135507,-0.3635767244135507,-0.21357122248325572,-0.21357122248325572,-0.21357122248325572,0.0,0.0,0.0,9.897052988235199
2025-04-06,23.443426020015757,-11.808429875129193,25.498863481883152,23.443426020015757,23.443426020015757,-0.7246457549236992,-0.7246457549236992,-0.7246457549236992,-0.5294112982249938,-0.5294112982249938,-0.5294112982249938,-0.1952344566987054,-0.1952344566987054,-0.1952344566987054,0.0,0.0,0.0,6.455246873743546
2025-04-07,23.48137744057414,8.457983311816326,44.338494323640035,23.48137744057414,23.48137744057414,0.12104312317692514,0.12104312317692514,0.12104312317692514,0.29588396032361564,0.29588396032361564,0.29588396032361564,-0.17484083714669046,-0.17484083714669046,-0.17484083714669046,0.0,0.0,0.0,26.323636702477426
2025-04-08,23.519328861051015,8.353262692469896,44.47906638391363,23.519328861051015,23.519328861051015,0.10190316623208823,0.10190316623208823,0.10190316623208823,0.2546792948442195,0.2546792948442195,0.2546792948442195,-0.15277612861213125,-0.15277612861213125,-0.15277612861213125,0.0,0.0,0.0,25.916022939645845
2025-04-09,23.55728028152789,3.7073406033235035,43.917242164780994,23.55728028152789,23.55728028152789,0.027624449142031535,0.027624449142031535,0.027624449142031535,0.15707231992789716,0.15707231992789716,0.15707231992789716,-0.12944787078586562,-0.12944787078586562,-0.12944787078586562,0.0,0.0,0.0,24.20803717258954
2025-04-10,23.595231702004767,4.905225995698479,43.19132733197741,23.595231702004767,23.595231702004767,0.0016365724400050075,0.0016365724400050075,0.0016365724400050075,0.1069123248001477,0.1069123248001477,0.1069123248001477,-0.1052757523601427,-0.1052757523601427,-0.1052757523601427,0.0,0.0,0.0,23.633847007923798
2025-04-11,23.633183122481643,5.206608601627918,43.06411194218725,23.633183122481643,23.633183122481643,-0.0022417878891094895,-0.0022417878891094895,-0.0022417878891094895,0.07844012274207134,0.07844012274207134,0.07844012274207134,-0.08068191063118083,-0.08068191063118083,-0.08068191063118083,0.0,0.0,0.0,23.580202538776557
2025-04-12,23.67113454295852,-4.569037949773394,33.7015161745575,23.67113454295852,23.67113454295852,-0.41965813229907184,-0.41965813229907184,-0.41965813229907184,-0.363576724414389,-0.363576724414389,-0.363576724414389,-0.05608140788468283,-0.05608140788468283,-0.05608140788468283,0.0,0.0,0.0,13.737350431260506
2025-04-13,23.709085963435395,-8.694111114913245,27.975086275460566,23.709085963435395,23.709085963435395,-0.5612844244200211,-0.5612844244200211,-0.5612844244200211,-0.5294112982247542,-0.5294112982247542,-0.5294112982247542,-0.03187312619526697,-0.03187312619526697,-0.03187312619526697,0.0,0.0,0.0,10.401545294923757
2025-04-14,23.74703738391227,11.474330608867668,47.51818094152671,23.74703738391227,23.74703738391227,0.28745265401050046,0.28745265401050046,0.28745265401050046,0.2958839603240428,0.2958839603240428,0.2958839603240428,-0.008431306313542317,-0.008431306313542317,-0.008431306313542317,0.0,0.0,0.0,30.573186304804427
2025-04-15,23.78498880438915,11.021975964016388,48.115582816978765,23.78498880438915,23.78498880438915,0.26858136027435153,0.26858136027435153,0.26858136027435153,0.2546792948438629,0.2546792948438629,0.2546792948438629,0.013902065430488608,0.013902065430488608,0.013902065430488608,0.0,0.0,0.0,30.173193451582208
2025-04-16,23.822940224866024,9.667094790744288,46.31545588377825,23.822940224866024,23.822940224866024,0.1918961650365686,0.1918961650365686,0.1918961650365686,0.1570723199277369,0.1570723199277369,0.1570723199277369,0.034823845108831686,0.034823845108831686,0.034823845108831686,0.0,0.0,0.0,28.394471093913225
2025-04-17,23.860891645342903,10.197251204371785,46.11830488657186,23.860891645342903,23.860891645342903,0.1609874728591562,0.1609874728591562,0.1609874728591562,0.10691232479970007,0.10691232479970007,0.10691232479970007,0.05407514805945614,0.05407514805945614,0.05407514805945614,0.0,0.0,0.0,27.70219629149281
2025-04-18,23.898843065819776,8.750133255494815,47.2161634640522,23.898843065819776,23.898843065819776,0.1498856058121336,0.1498856058121336,0.1498856058121336,0.07844012274162972,0.07844012274162972,0.07844012274162972,0.07144548307050386,0.07144548307050386,0.07144548307050386,0.0,0.0,0.0,27.48093563694928
2025-04-19,23.936794486341626,-0.9915743519502596,39.02748574904876,23.936794486341626,23.936794486341626,-0.276801195304699,-0.276801195304699,-0.276801195304699,-0.3635767244139121,-0.3635767244139121,-0.3635767244139121,0.08677552910921311,0.08677552910921311,0.08677552910921311,0.0,0.0,0.0,17.311061160759337
2025-04-20,23.97474590686347,-6.04188050452005,31.737702463707073,23.97474590686347,23.97474590686347,-0.4294527803313135,-0.4294527803313135,-0.4294527803313135,-0.5294112982245147,-0.5294112982245147,-0.5294112982245147,0.09995851789320122,0.09995851789320122,0.09995851789320122,0.0,0.0,0.0,13.678724619424173
2025-04-21,24.012697327385318,14.520557204854645,53.195243638945605,24.012697327385318,24.012697327385318,0.4068241842393938,0.4068241842393938,0.4068241842393938,0.2958839603243887,0.2958839603243887,0.2958839603243887,0.11094022391500513,0.11094022391500513,0.11094022391500513,0.0,0.0,0.0,33.78164332898632
2025-04-22,24.050648747907168,14.52178025327194,51.26147262869513,24.050648747907168,24.050648747907168,0.3743968958543701,0.3743968958543701,0.3743968958543701,0.25467929484461227,0.25467929484461227,0.25467929484461227,0.11971760100975776,0.11971760100975776,0.11971760100975776,0.0,0.0,0.0,33.055136982407404
2025-04-23,24.08860016842901,12.158698849464196,48.65681905639014,24.08860016842901,24.08860016842901,0.283408460132488,0.283408460132488,0.283408460132488,0.15707231992805057,0.15707231992805057,0.15707231992805057,0.12633614020443742,0.12633614020443742,0.12633614020443742,0.0,0.0,0.0,30.915513248910667
2025-04-24,24.12655158895086,10.798476126665003,47.2119132912196,24.12655158895086,24.12655158895086,0.2377983812488771,0.2377983812488771,0.2377983812488771,0.10691232479999116,0.10691232479999116,0.10691232479999116,0.13088605644888596,0.13088605644888596,0.13088605644888596,0.0,0.0,0.0,29.863806501920898
2025-04-25,24.16450300947271,12.143939787824547,49.07519366355371,24.16450300947271,24.16450300947271,0.21193756380174944,0.21193756380174944,0.21193756380174944,0.0784401227411881,0.0784401227411881,0.0784401227411881,0.13349744106056136,0.13349744106056136,0.13349744106056136,0.0,0.0,0.0,29.2858689077804
2025-04-26,24.202454429994553,0.6620082892733532,36.513331569730354,24.202454429994553,24.202454429994553,-0.2292421828376607,-0.2292421828376607,-0.2292421828376607,-0.36357672441475025,-0.36357672441475025,-0.36357672441475025,0.13433454157708957,0.13433454157708957,0.13433454157708957,0.0,0.0,0.0,18.65423094643359
2025-04-27,24.240405850516403,-3.264260879710936,33.375576378764684,24.240405850516403,24.240405850516403,-0.39582194762311607,-0.39582194762311607,-0.39582194762311607,-0.5294112982261083,-0.5294112982261083,-0.5294112982261083,0.13358935060299235,0.13358935060299235,0.13358935060299235,0.0,0.0,0.0,14.645521195590224
2025-04-28,24.278357271038253,15.205545567915857,52.86413171243716,24.278357271038253,24.278357271038253,0.42735866003032025,0.42735866003032025,0.42735866003032025,0.29588396032473463,0.29588396032473463,0.29588396032473463,0.13147469970558565,0.13147469970558565,0.13147469970558565,0.0,0.0,0.0,34.653923502126545
2025-04-29,24.316308690015653,13.881593992044232,51.72872707004872,24.316308690015653,24.316308690015653,0.382896358013185,0.382896358013185,0.382896358013185,0.25467929484451934,0.25467929484451934,0.25467929484451934,0.12821706316866568,0.12821706316866568,0.12821706316866568,0.0,0.0,0.0,33.626934727747006
2025-04-30,24.354260108993046,11.591251307224837,50.683723871603995,24.354260108993046,24.354260108993046,0.2811215992441233,0.2811215992441233,0.2811215992441233,0.15707231992725176,0.15707231992725176,0.15707231992725176,0.12404927931687151,0.12404927931687151,0.12404927931687151,0.0,0.0,0.0,31.20076865924053
2025-05-01,24.392211527970446,11.737792208851335,47.850594649316655,24.392211527970446,24.392211527970446,0.22611571901565017,0.22611571901565017,0.22611571901565017,0.10691232480028226,0.10691232480028226,0.10691232480028226,0.11920339421536794,0.11920339421536794,0.11920339421536794,0.0,0.0,0.0,29.907673975999316
2025-05-02,24.430162946947846,10.327348626370124,48.695675159514266,24.430162946947846,24.430162946947846,0.19234394676885358,0.19234394676885358,0.19234394676885358,0.07844012274152137,0.07844012274152137,0.07844012274152137,0.11390382402733222,0.11390382402733222,0.11390382402733222,0.0,0.0,0.0,29.129156908370003
2025-05-03,24.468114365925242,0.12079285267428772,37.04469267288396,24.468114365925242,24.468114365925242,-0.25521570589343906,-0.25521570589343906,-0.25521570589343906,-0.36357672441245387,-0.36357672441245387,-0.36357672441245387,0.1083610185190148,0.1083610185190148,0.1083610185190148,0.0,0.0,0.0,18.223467286144235
2025-05-04,24.506065784902642,-5.183655412784449,32.98044856853197,24.506065784902642,24.506065784902642,-0.4266455085941423,-0.4266455085941423,-0.4266455085941423,-0.5294112982254587,-0.5294112982254587,-0.5294112982254587,0.10276578963131643,0.10276578963131643,0.10276578963131643,0.0,0.0,0.0,14.050662884461346
2025-05-05,24.544017203880042,16.095398406677333,52.3468203091136,24.544017203880042,24.544017203880042,0.3931684066293971,0.3931684066293971,0.3931684066293971,0.2958839603251618,0.2958839603251618,0.2958839603251618,0.09728444630423533,0.09728444630423533,0.09728444630423533,0.0,0.0,0.0,34.19394934021407
2025-05-06,24.58196862285744,14.42913131907406,50.249022012874114,24.58196862285744,24.58196862285744,0.346734145400758,0.346734145400758,0.346734145400758,0.2546792948444264,0.2546792948444264,0.2546792948444264,0.0920548505563315,0.0920548505563315,0.0920548505563315,0.0,0.0,0.0,33.10537650557216
2025-05-07,24.61992004183484,12.313414460545243,50.94417497472206,24.61992004183484,24.61992004183484,0.24425580092383925,0.24425580092383925,0.24425580092383925,0.15707231992756543,0.15707231992756543,0.15707231992756543,0.08718348099627381,0.08718348099627381,0.08718348099627381,0.0,0.0,0.0,30.633478330334086
2025-05-08,24.65787146081223,11.041707022910602,47.77885731826858,24.65787146081223,24.65787146081223,0.18965588412957685,0.18965588412957685,0.18965588412957685,0.10691232479989633,0.10691232479989633,0.10691232479989633,0.08274355932968053,0.08274355932968053,0.08274355932968053,0.0,0.0,0.0,29.334381873466032
2025-05-09,24.69582287978963,9.46202303589884,46.303333129464484,24.69582287978963,24.69582287978963,0.15721438666422544,0.15721438666422544,0.15721438666422544,0.0784401227418546,0.0784401227418546,0.0784401227418546,0.07877426392237084,0.07877426392237084,0.07877426392237084,0.0,0.0,0.0,28.578361527004105
2025-05-10,24.733774298729692,-1.0207282140879688,35.44032830291828,24.733774298729692,24.733774298729692,-0.2882957014275797,-0.2882957014275797,-0.2882957014275797,-0.3635767244132922,-0.3635767244132922,-0.3635767244132922,0.07528102298571249,0.07528102298571249,0.07528102298571249,0.0,0.0,0.0,17.60313348832597
2025-05-11,24.77172571766975,-4.300837243989072,31.844671912746563,24.77172571766975,24.77172571766975,-0.4571744488747672,-0.4571744488747672,-0.4571744488747672,-0.5294112982256293,-0.5294112982256293,-0.5294112982256293,0.07223684935086207,0.07223684935086207,0.07223684935086207,0.0,0.0,0.0,13.446725665017185
2025-05-12,24.80967713660981,13.852379246331754,52.62266460872919,24.80967713660981,24.80967713660981,0.3654686102610605,0.3654686102610605,0.3654686102610605,0.295883960325589,0.295883960325589,0.295883960325589,0.06958464993547143,0.06958464993547143,0.06958464993547143,0.0,0.0,0.0,33.8768353607522
2025-05-13,24.847628555549868,13.67587330343968,52.38674687804483,24.847628555549868,24.847628555549868,0.3219197114990512,0.3219197114990512,0.3219197114990512,0.25467929484406987,0.25467929484406987,0.25467929484406987,0.06724041665498134,0.06724041665498134,0.06724041665498134,0.0,0.0,0.0,32.84656997158807
2025-05-14,24.88557997448993,10.338396803328868,48.573206836109655,24.88557997448993,24.88557997448993,0.2221695023114062,0.2221695023114062,0.2221695023114062,0.1570723199273229,0.1570723199273229,0.1570723199273229,0.0650971823840833,0.0650971823840833,0.0650971823840833,0.0,0.0,0.0,30.414396892153054
2025-05-15,24.92353139342999,8.563999130785717,47.39162736954387,24.92353139342999,24.92353139342999,0.16994193101810728,0.16994193101810728,0.16994193101810728,0.1069123247994487,0.1069123247994487,0.1069123247994487,0.06302960621865858,0.06302960621865858,0.06302960621865858,0.0,0.0,0.0,29.159084446219897
2025-05-16,24.96148281237005,10.321975898367137,47.28265469338052,24.96148281237005,24.96148281237005,0.13933915993318893,0.13933915993318893,0.13933915993318893,0.078440122741413,0.078440122741413,0.078440122741413,0.060899037191775945,0.060899037191775945,0.060899037191775945,0.0,0.0,0.0,28.43959485813243
2025-05-17,24.999434231310108,-0.6962470858973693,35.62641488421701,24.999434231310108,24.999434231310108,-0.305017829311265,-0.305017829311265,-0.305017829311265,-0.3635767244134729,-0.3635767244134729,-0.3635767244134729,0.058558895102207936,0.058558895102207936,0.058558895102207936,0.0,0.0,0.0,17.374161068066165
2025-05-18,25.03738565025017,-5.146773406054999,30.90973007165558,25.03738565025017,25.03738565025017,-0.47355109680427854,-0.47355109680427854,-0.47355109680427854,-0.5294112982249798,-0.5294112982249798,-0.5294112982249798,0.055860201420701194,0.055860201420701194,0.055860201420701194,0.0,0.0,0.0,13.180904214462497
2025-05-19,25.075337069190226,15.083421363144186,53.43459769651453,25.075337069190226,25.075337069190226,0.34854105273453523,0.34854105273453523,0.34854105273453523,0.2958839603237653,0.2958839603237653,0.2958839603237653,0.05265709241076996,0.05265709241076996,0.05265709241076996,0.0,0.0,0.0,33.815121448959104
2025-05-20,25.113288488130287,14.76151316379412,52.01490831790535,25.113288488130287,25.113288488130287,0.30349144541066264,0.30349144541066264,0.30349144541066264,0.25467929484508284,0.25467929484508284,0.25467929484508284,0.0488121505655798,0.0488121505655798,0.0488121505655798,0.0,0.0,0.0,32.73495671040791
2025-05-21,25.15123990685477,10.816499369505687,47.94702935911228,25.15123990685477,25.15123990685477,0.20127371893447715,0.20127371893447715,0.20127371893447715,0.15707231992763657,0.15707231992763657,0.15707231992763657,0.0442013990068406,0.0442013990068406,0.0442013990068406,0.0,0.0,0.0,30.21352349872066
2025-05-22,25.18919132557925,10.104763144359092,48.189732190297065,25.18919132557925,25.18919132557925,0.14563114108381095,0.14563114108381095,0.14563114108381095,0.10691232480047852,0.10691232480047852,0.10691232480047852,0.03871881628333244,0.03871881628333244,0.03871881628333244,0.0,0.0,0.0,28.85752200130179
2025-05-23,25.227142744303734,7.588705437898034,46.45726321584223,25.227142744303734,25.227142744303734,0.11072036833740478,0.11072036833740478,0.11072036833740478,0.07844012274097134,0.07844012274097134,0.07844012274097134,0.03228024559643345,0.03228024559643345,0.03228024559643345,0.0,0.0,0.0,28.02030128105333
2025-05-24,25.265094163028216,-1.2712746672320023,36.39504038278879,25.265094163028216,25.265094163028216,-0.33875013208826177,-0.33875013208826177,-0.33875013208826177,-0.363576724411834,-0.363576724411834,-0.363576724411834,0.02482659232357219,0.02482659232357219,0.02482659232357219,0.0,0.0,0.0,16.706540178080036
2025-05-25,25.3030455817527,-5.840837464974904,31.987564347703895,25.3030455817527,25.3030455817527,-0.5130850720511669,-0.5130850720511669,-0.5130850720511669,-0.5294112982247403,-0.5294112982247403,-0.5294112982247403,0.016326226173573363,0.016326226173573363,0.016326226173573363,0.0,0.0,0.0,12.320430616325154
2025-05-26,25.34099700047718,13.425865091744305,51.5373759836275,25.34099700047718,25.34099700047718,0.3026604890365431,0.3026604890365431,0.3026604890365431,0.29588396032411124,0.29588396032411124,0.29588396032411124,0.00677652871243184,0.00677652871243184,0.00677652871243184,0.0,0.0,0.0,33.01071554531518
2025-05-27,25.378948419201667,13.407152880278064,49.78489738713974,25.378948419201667,25.378948419201667,0.25088384744544273,0.25088384744544273,0.25088384744544273,0.2546792948447264,0.2546792948447264,0.2546792948447264,-0.003795447399283669,-0.003795447399283669,-0.003795447399283669,0.0,0.0,0.0,31.746116642730417
2025-05-28,25.41689983792615,9.747480093843777,48.58360201151589,25.41689983792615,25.41689983792615,0.14173910487375463,0.14173910487375463,0.14173910487375463,0.157072319927394,0.157072319927394,0.157072319927394,-0.015333215053639354,-0.015333215053639354,-0.015333215053639354,0.0,0.0,0.0,29.01946846961968
2025-05-29,25.45485125665063,10.053248486380095,46.25314097172084,25.45485125665063,25.45485125665063,0.0791603577466988,0.0791603577466988,0.0791603577466988,0.10691232480003088,0.10691232480003088,0.10691232480003088,-0.027751967053332077,-0.027751967053332077,-0.027751967053332077,0.0,0.0,0.0,27.469866388516103
2025-05-30,25.492802675375113,8.145163370255577,45.583058066882764,25.492802675375113,25.492802675375113,0.03749959749023218,0.03749959749023218,0.03749959749023218,0.07844012274121556,0.07844012274121556,0.07844012274121556,-0.04094052525098339,-0.04094052525098339,-0.04094052525098339,0.0,0.0,0.0,26.448772514599593
2025-05-31,25.530754094099596,-4.598367882131106,33.03055506068956,25.530754094099596,25.530754094099596,-0.4183407828900334,-0.4183407828900334,-0.4183407828900334,-0.3635767244120147,-0.3635767244120147,-0.3635767244120147,-0.05476405847801871,-0.05476405847801871,-0.05476405847801871,0.0,0.0,0.0,14.850198438601046
2025-06-01,25.568705512692034,-9.46743350060614,28.67521758842767,25.568705512692034,25.568705512692034,-0.5984787807402314,-0.5984787807402314,-0.5984787807402314,-0.5294112982240907,-0.5294112982240907,-0.5294112982240907,-0.0690674825161407,-0.0690674825161407,-0.0690674825161407,0.0,0.0,0.0,10.266377812350072
2025-06-02,25.606656931284473,12.947463186222585,48.82301402764594,25.606656931284473,25.606656931284473,0.21220452286217714,0.21220452286217714,0.21220452286217714,0.2958839603246197,0.2958839603246197,0.2958839603246197,-0.08367943746244258,-0.08367943746244258,-0.08367943746244258,0.0,0.0,0.0,31.040505347483155
2025-06-03,25.64460834987691,11.015100550584688,49.22260559121923,25.64460834987691,25.64460834987691,0.15626257161847817,0.15626257161847817,0.15626257161847817,0.254679294844897,0.254679294844897,0.254679294844897,-0.09841672322641883,-0.09841672322641883,-0.09841672322641883,0.0,0.0,0.0,29.651900798777376
2025-06-04,25.682559768469346,9.419633356388987,44.641692963557915,25.682559768469346,25.682559768469346,0.04398325700299105,0.04398325700299105,0.04398325700299105,0.15707231992778997,0.15707231992778997,0.15707231992778997,-0.11308906292479892,-0.11308906292479892,-0.11308906292479892,0.0,0.0,0.0,26.81216239526061
2025-06-05,25.72051118706179,6.75438919797408,45.63561209794048,25.72051118706179,25.72051118706179,-0.020591732035669275,-0.020591732035669275,-0.020591732035669275,0.10691232480032198,0.10691232480032198,0.10691232480032198,-0.12750405683599125,-0.12750405683599125,-0.12750405683599125,0.0,0.0,0.0,25.19088131287738
2025-06-06,25.758462605654223,6.066035824517571,42.45794275364945,25.758462605654223,25.758462605654223,-0.06303206371928793,-0.06303206371928793,-0.06303206371928793,0.07844012274154882,0.07844012274154882,0.07844012274154882,-0.14147218646083676,-0.14147218646083676,-0.14147218646083676,0.0,0.0,0.0,24.13485354938373
2025-06-07,25.796414024246662,-6.305851858675953,29.287402823289508,25.796414024246662,25.796414024246662,-0.5183884535238236,-0.5183884535238236,-0.5183884535238236,-0.36357672441285294,-0.36357672441285294,-0.36357672441285294,-0.15481172911097069,-0.15481172911097069,-0.15481172911097069,0.0,0.0,0.0,12.42385085175716
2025-06-08,25.8343654428391,-11.930518919009312,26.40079316451133,25.8343654428391,25.8343654428391,-0.6967647464216272,-0.6967647464216272,-0.6967647464216272,-0.5294112982238512,-0.5294112982238512,-0.5294112982238512,-0.167353448197776,-0.167353448197776,-0.167353448197776,0.0,0.0,0.0,7.833890356095665
2025-06-09,25.87231686143154,9.929856566663805,47.37973384396031,25.87231686143154,25.87231686143154,0.11693902751162952,0.11693902751162952,0.11693902751162952,0.29588396032496567,0.29588396032496567,0.29588396032496567,-0.17894493281333618,-0.17894493281333618,-0.17894493281333618,0.0,0.0,0.0,28.89780043468008
2025-06-10,25.91026828002398,9.622744131867904,45.696530631426135,25.91026828002398,25.91026828002398,0.06522482289250742,0.06522482289250742,0.06522482289250742,0.25467929484454044,0.25467929484454044,0.25467929484454044,-0.18945447195203305,-0.18945447195203305,-0.18945447195203305,0.0,0.0,0.0,27.6002609396859
2025-06-11,25.948219698493872,6.758114383434465,44.11262307753059,25.948219698493872,25.948219698493872,-0.04170204349518976,-0.04170204349518976,-0.04170204349518976,0.15707231992754744,0.15707231992754744,0.15707231992754744,-0.1987743634227372,-0.1987743634227372,-0.1987743634227372,0.0,0.0,0.0,24.86612591200454
2025-06-12,25.986171116963767,6.280819918502824,42.256180042803074,25.986171116963767,25.986171116963767,-0.0999112498661334,-0.0999112498661334,-0.0999112498661334,0.10691232479987436,0.10691232479987436,0.10691232479987436,-0.20682357466600776,-0.20682357466600776,-0.20682357466600776,0.0,0.0,0.0,23.3898602814327
2025-06-13,26.024122535433662,5.429896581755769,40.32955622595223,26.024122535433662,26.024122535433662,-0.13510956904143706,-0.13510956904143706,-0.13510956904143706,0.0784401227411072,0.0784401227411072,0.0784401227411072,-0.21354969178254427,-0.21354969178254427,-0.21354969178254427,0.0,0.0,0.0,22.50801455498967
2025-06-14,26.06207395390355,-8.78462962406994,29.684285627864323,26.06207395390355,26.06207395390355,-0.5825068379316456,-0.5825068379316456,-0.5825068379316456,-0.36357672441237604,-0.36357672441237604,-0.36357672441237604,-0.21893011351926944,-0.21893011351926944,-0.21893011351926944,0.0,0.0,0.0,10.880737665074493
2025-06-15,26.100025372373445,-11.873677039306353,24.68541055457886,26.100025372373445,26.100025372373445,-0.7523837663772707,-0.7523837663772707,-0.7523837663772707,-0.5294112982254449,-0.5294112982254449,-0.5294112982254449,-0.2229724681518259,-0.2229724681518259,-0.2229724681518259,0.0,0.0,0.0,6.462789980164786
2025-06-16,26.137976790843336,8.402843456153695,46.16206845968197,26.137976790843336,26.137976790843336,0.07016970779031585,0.07016970779031585,0.07016970779031585,0.2958839603232233,0.2958839603232233,0.2958839603232233,-0.22571425253290742,-0.22571425253290742,-0.22571425253290742,0.0,0.0,0.0,27.97207098448687
2025-06-17,26.17592820931323,8.483178085815114,43.75665035078393,26.17592820931323,26.17592820931323,0.027457581390367705,0.027457581390367705,0.027457581390367705,0.25467929484418395,0.25467929484418395,0.25467929484418395,-0.22722171345381625,-0.22722171345381625,-0.22722171345381625,0.0,0.0,0.0,26.894655888588872
2025-06-18,26.213879627783125,7.3845629121686125,43.038572314588194,26.213879627783125,26.213879627783125,-0.07051569139323172,-0.07051569139323172,-0.07051569139323172,0.15707231992786108,0.15707231992786108,0.15707231992786108,-0.2275880113210928,-0.2275880113210928,-0.2275880113210928,0.0,0.0,0.0,24.365389781731047
2025-06-19,26.25183104625302,3.913693094473519,41.100195780288544,26.25183104625302,26.25183104625302,-0.12001839965856215,-0.12001839965856215,-0.12001839965856215,0.10691232480016544,0.10691232480016544,0.10691232480016544,-0.22693072445872758,-0.22693072445872758,-0.22693072445872758,0.0,0.0,0.0,23.101128295974775
2025-06-20,26.28978246472291,3.9573491862025603,39.38417923688409,26.28978246472291,26.28978246472291,-0.1469486458986772,-0.1469486458986772,-0.1469486458986772,0.07844012274290126,0.07844012274290126,0.07844012274290126,-0.22538876864157847,-0.22538876864157847,-0.22538876864157847,0.0,0.0,0.0,22.426534530561092
2025-06-21,26.3277338831928,-7.563124721004955,30.011260014616717,26.3277338831928,26.3277338831928,-0.5866955447637129,-0.5866955447637129,-0.5866955447637129,-0.3635767244132143,-0.3635767244132143,-0.3635767244132143,-0.2231188203504986,-0.2231188203504986,-0.2231188203504986,0.0,0.0,0.0,10.881369710198937
2025-06-22,26.365685301603435,-12.065166723294091,25.117737347321295,26.365685301603435,26.365685301603435,-0.7497026416223407,-0.7497026416223407,-0.7497026416223407,-0.5294112982252053,-0.5294112982252053,-0.5294112982252053,-0.22029134339713538,-0.22029134339713538,-0.22029134339713538,0.0,0.0,0.0,6.599261382808019
2025-06-23,26.403636720014067,9.337596245259133,46.90460961178937,26.403636720014067,26.403636720014067,0.07879763356090143,0.07879763356090143,0.07879763356090143,0.29588396032356923,0.29588396032356923,0.29588396032356923,-0.2170863267626678,-0.2170863267626678,-0.2170863267626678,0.0,0.0,0.0,28.4841808109529
2025-06-24,26.4415881384247,9.228962245024855,46.07573350432254,26.4415881384247,26.4415881384247,0.040990448254012574,0.040990448254012574,0.040990448254012574,0.25467929484409096,0.25467929484409096,0.25467929484409096,-0.2136888465900784,-0.2136888465900784,-0.2136888465900784,0.0,0.0,0.0,27.52544068876671
2025-06-25,26.47953955683533,7.288247808894589,45.03595269434877,26.47953955683533,26.47953955683533,-0.05321224728335566,-0.05321224728335566,-0.05321224728335566,0.15707231992706228,0.15707231992706228,0.15707231992706228,-0.21028456721041797,-0.21028456721041797,-0.21028456721041797,0.0,0.0,0.0,25.070503749987612
2025-06-26,26.517490975245966,5.042175336657911,42.23469341761343,26.517490975245966,26.517490975245966,-0.10014297011322967,-0.10014297011322967,-0.10014297011322967,0.1069123247997795,0.1069123247997795,0.1069123247997795,-0.20705529491300917,-0.20705529491300917,-0.20705529491300917,0.0,0.0,0.0,23.861950669034073
2025-06-27,26.555442393656598,5.584166294385559,41.45749585304511,26.555442393656598,26.555442393656598,-0.12573457127073046,-0.12573457127073046,-0.12573457127073046,0.07844012274168474,0.07844012274168474,0.07844012274168474,-0.2041746940124152,-0.2041746940124152,-0.2041746940124152,0.0,0.0,0.0,23.216505229385604
2025-06-28,26.593393812067227,-7.9456135014445355,29.155386958837802,26.593393812067227,26.593393812067227,-0.5653809922415792,-0.5653809922415792,-0.5653809922415792,-0.3635767244140526,-0.3635767244140526,-0.3635767244140526,-0.20180426782752664,-0.20180426782752664,-0.20180426782752664,0.0,0.0,0.0,11.557994431529584
2025-06-29,26.63134523047786,-12.631736646602807,27.185927475490782,26.63134523047786,26.63134523047786,-0.7295009959737568,-0.7295009959737568,-0.7295009959737568,-0.5294112982245558,-0.5294112982245558,-0.5294112982245558,-0.20008969774920105,-0.20008969774920105,-0.20008969774920105,0.0,0.0,0.0,7.203752360723302
2025-06-30,26.669296648888494,8.797956631719321,48.90215563128094,26.669296648888494,26.669296648888494,0.09672633835228198,0.09672633835228198,0.09672633835228198,0.29588396032399644,0.29588396032399644,0.29588396032399644,-0.19915762197171444,-0.19915762197171444,-0.19915762197171444,0.0,0.0,0.0,29.248920060166263
2025-07-01,26.707248067299126,8.39320759429069,47.5751819282453,26.707248067299126,26.707248067299126,0.05556637275522337,0.05556637275522337,0.05556637275522337,0.2546792948445768,0.2546792948445768,0.2546792948445768,-0.1991129220893534,-0.1991129220893534,-0.1991129220893534,0.0,0.0,0.0,28.191272968672887
2025-07-02,26.745199485709755,7.496060871354967,42.89218150698616,26.745199485709755,26.745199485709755,-0.042964251108843735,-0.042964251108843735,-0.042964251108843735,0.15707231992737597,0.15707231992737597,0.15707231992737597,-0.2000365710362197,-0.2000365710362197,-0.2000365710362197,0.0,0.0,0.0,25.596112019049603
2025-07-03,26.78315090306309,4.7131207391377234,42.97450237142807,26.78315090306309,26.78315090306309,-0.09507175542423398,-0.09507175542423398,-0.09507175542423398,0.1069123248008093,0.1069123248008093,0.1069123248008093,-0.20198408022504327,-0.20198408022504327,-0.20198408022504327,0.0,0.0,0.0,24.236829730916725
2025-07-04,26.82110232041641,5.407540705160011,41.14358604927586,26.82110232041641,26.82110232041641,-0.12654444493376238,-0.12654444493376238,-0.12654444493376238,0.07844012274201795,0.07844012274201795,0.07844012274201795,-0.20498456767578033,-0.20498456767578033,-0.20498456767578033,0.0,0.0,0.0,23.427040814767672
2025-07-05,26.859053737769738,-6.448838605625632,30.449554221383924,26.859053737769738,26.859053737769738,-0.5726171772823834,-0.5726171772823834,-0.5726171772823834,-0.3635767244142333,-0.3635767244142333,-0.3635767244142333,-0.20904045286815004,-0.20904045286815004,-0.20904045286815004,0.0,0.0,0.0,11.479098201972182
2025-07-06,26.897005155123068,-12.432986414134982,26.571402933436435,26.897005155123068,26.897005155123068,-0.7435390666651268,-0.7435390666651268,-0.7435390666651268,-0.5294112982247263,-0.5294112982247263,-0.5294112982247263,-0.21412776844040052,-0.21412776844040052,-0.21412776844040052,0.0,0.0,0.0,6.898031045995758
2025-07-07,26.934956572476395,10.481888660084381,48.36088715033243,26.934956572476395,26.934956572476395,0.07568689623027597,0.07568689623027597,0.07568689623027597,0.2958839603244236,0.2958839603244236,0.2958839603244236,-0.22019706409414763,-0.22019706409414763,-0.22019706409414763,0.0,0.0,0.0,28.973579835544403
2025-07-08,26.97290798982972,10.563928473631199,46.816326845085776,26.97290798982972,26.97290798982972,0.02750443033396098,0.02750443033396098,0.02750443033396098,0.25467929484474744,0.25467929484474744,0.25467929484474744,-0.22717486451078645,-0.22717486451078645,-0.22717486451078645,0.0,0.0,0.0,27.71478245854033
2025-07-09,27.010859407183048,6.584953017168628,43.23301992101688,27.010859407183048,27.010859407183048,-0.0778933111359889,-0.0778933111359889,-0.0778933111359889,0.15707231992768964,0.15707231992768964,0.15707231992768964,-0.23496563106367854,-0.23496563106367854,-0.23496563106367854,0.0,0.0,0.0,24.906894131328887
2025-07-10,27.048810824536382,3.7989699778717307,40.21627211347919,27.048810824536382,27.048810824536382,-0.13654184206460745,-0.13654184206460745,-0.13654184206460745,0.10691232480036167,0.10691232480036167,0.10691232480036167,-0.24345416686496912,-0.24345416686496912,-0.24345416686496912,0.0,0.0,0.0,23.355516368897092
2025-07-11,27.086762241889705,3.8280704972806463,41.759830015677636,27.086762241889705,27.086762241889705,-0.17406827368270744,-0.17406827368270744,-0.17406827368270744,0.07844012274157636,0.07844012274157636,0.07844012274157636,-0.2525083964242838,-0.2525083964242838,-0.2525083964242838,0.0,0.0,0.0,22.37181629879002
2025-07-12,27.12471365924303,-8.413070765429685,27.80716345584077,27.12471365924303,27.12471365924303,-0.6255591694500794,-0.6255591694500794,-0.6255591694500794,-0.36357672441325206,-0.36357672441325206,-0.36357672441325206,-0.2619824450368273,-0.2619824450368273,-0.2619824450368273,0.0,0.0,0.0,10.156600310995737
2025-07-13,27.16266507640698,-12.994455770937078,23.301596116894174,27.16266507640698,27.16266507640698,-0.8011312372578971,-0.8011312372578971,-0.8011312372578971,-0.5294112982259099,-0.5294112982259099,-0.5294112982259099,-0.2717199390319872,-0.2717199390319872,-0.2717199390319872,0.0,0.0,0.0,5.401805596523183
2025-07-14,27.200616493570926,9.040109864666075,46.882152898224206,27.200616493570926,27.200616493570926,0.014326514134853988,0.014326514134853988,0.014326514134853988,0.2958839603248508,0.2958839603248508,0.2958839603248508,-0.28155744618999684,-0.28155744618999684,-0.28155744618999684,0.0,0.0,0.0,27.590306510242815
2025-07-15,27.238567910734876,7.208851343360373,44.92163644740638,27.238567910734876,27.238567910734876,-0.03664868106900307,-0.03664868106900307,-0.03664868106900307,0.2546792948443909,0.2546792948443909,0.2546792948443909,-0.291327975913394,-0.291327975913394,-0.291327975913394,0.0,0.0,0.0,26.24031032259797
2025-07-16,27.276519327898825,5.096942909469359,41.95525311176037,27.276519327898825,27.276519327898825,-0.14379214107120086,-0.14379214107120086,-0.14379214107120086,0.15707231992744708,0.15707231992744708,0.15707231992744708,-0.30086446099864794,-0.30086446099864794,-0.30086446099864794,0.0,0.0,0.0,23.35437021277026
2025-07-17,27.314470745062774,4.610877344441025,40.39986543572833,27.314470745062774,27.314470745062774,-0.20309082211481982,-0.20309082211481982,-0.20309082211481982,0.10691232479997576,0.10691232479997576,0.10691232479997576,-0.3100031469147956,-0.3100031469147956,-0.3100031469147956,0.0,0.0,0.0,21.767152425816782
2025-07-18,27.352422162226723,2.66186003858284,38.28335424400444,27.352422162226723,27.352422162226723,-0.24014669740921393,-0.24014669740921393,-0.24014669740921393,0.0784401227411347,0.0784401227411347,0.0784401227411347,-0.3185868201503486,-0.3185868201503486,-0.3185868201503486,0.0,0.0,0.0,20.783828313825385
2025-07-19,27.390373579390666,-9.743651980586286,26.46022406354634,27.390373579390666,27.390373579390666,-0.6900445385934493,-0.6900445385934493,-0.6900445385934493,-0.36357672441277517,-0.36357672441277517,-0.36357672441277517,-0.32646781418067417,-0.32646781418067417,-0.32646781418067417,0.0,0.0,0.0,8.48979588089783
2025-07-20,27.428324996554615,-13.320481681492772,21.386574034350865,27.428324996554615,27.428324996554615,-0.8629220378921771,-0.8629220378921771,-0.8629220378921771,-0.5294112982260805,-0.5294112982260805,-0.5294112982260805,-0.33351073966609673,-0.33351073966609673,-0.33351073966609673,0.0,0.0,0.0,3.759818894558764
2025-07-21,27.46627641371856,7.384574580919206,45.21016734982244,27.46627641371856,27.46627641371856,-0.04371093400351568,-0.04371093400351568,-0.04371093400351568,0.29588396032519676,0.29588396032519676,0.29588396032519676,-0.3395948943287124,-0.3395948943287124,-0.3395948943287124,0.0,0.0,0.0,26.26569981807619
2025-07-22,27.50422783088251,6.346905061022166,42.13380121742897,27.50422783088251,27.50422783088251,-0.08993702242801047,-0.08993702242801047,-0.08993702242801047,0.25467929484429797,0.25467929484429797,0.25467929484429797,-0.34461631727230846,-0.34461631727230846,-0.34461631727230846,0.0,0.0,0.0,25.03057947559132
2025-07-23,27.542179248046455,2.7972734191996347,39.44227532183936,27.542179248046455,27.542179248046455,-0.19141714210480784,-0.19141714210480784,-0.19141714210480784,0.15707231992839926,0.15707231992839926,0.15707231992839926,-0.34848946203320713,-0.34848946203320713,-0.34848946203320713,0.0,0.0,0.0,22.270134009047055
2025-07-24,27.580130665044862,2.162795087505392,38.61563985923304,27.580130665044862,27.580130665044862,-0.2442361472909788,-0.2442361472909788,-0.2442361472909788,0.10691232479952813,0.10691232479952813,0.10691232479952813,-0.3511484720905069,-0.3511484720905069,-0.3511484720905069,0.0,0.0,0.0,20.84406580963252
2025-07-25,27.61808208204327,1.014064739577207,38.83070981110976,27.61808208204327,27.61808208204327,-0.27410792894825425,-0.27410792894825425,-0.27410792894825425,0.07844012274069304,0.07844012274069304,0.07844012274069304,-0.3525480516889473,-0.3525480516889473,-0.3525480516889473,0.0,0.0,0.0,20.0477468010115
2025-07-26,27.65603349904168,-10.90942343935159,26.206944316741684,27.65603349904168,27.65603349904168,-0.7162406578155387,-0.7162406578155387,-0.7162406578155387,-0.3635767244136134,-0.3635767244136134,-0.3635767244136134,-0.35266393340192526,-0.35266393340192526,-0.35266393340192526,0.0,0.0,0.0,7.847657873119493
2025-07-27,27.693984916040083,-15.53333945586154,22.227086040875676,27.693984916040083,27.693984916040083,-0.8809042499381992,-0.8809042499381992,-0.8809042499381992,-0.5294112982254309,-0.5294112982254309,-0.5294112982254309,-0.3514929517127681,-0.3514929517127681,-0.3514929517127681,0.0,0.0,0.0,3.2982359057759925
2025-07-28,27.731936333038494,7.743926961713633,44.31005994155791,27.731936333038494,27.731936333038494,-0.053168778544161424,-0.053168778544161424,-0.053168778544161424,0.29588396032337305,0.29588396032337305,0.29588396032337305,-0.34905273886753446,-0.34905273886753446,-0.34905273886753446,0.0,0.0,0.0,26.257463151546386
2025-07-29,27.7698877500369,5.738434895475196,44.146635099715446,27.7698877500369,27.7698877500369,-0.09070177040382243,-0.09070177040382243,-0.09070177040382243,0.254679294844205,0.254679294844205,0.254679294844205,-0.3453810652480274,-0.3453810652480274,-0.3453810652480274,0.0,0.0,0.0,25.25110976719313
2025-07-30,27.807839167035304,3.567504842065397,41.04027393375728,27.807839167035304,27.807839167035304,-0.18346253154464448,-0.18346253154464448,-0.18346253154464448,0.1570723199270443,0.1570723199270443,0.1570723199270443,-0.34053485147168877,-0.34053485147168877,-0.34053485147168877,0.0,0.0,0.0,22.706142596664687
2025-07-31,27.845790584033715,2.80790974185225,39.94239866311715,27.845790584033715,27.845790584033715,-0.2276765585218203,-0.2276765585218203,-0.2276765585218203,0.10691232480055793,0.10691232480055793,0.10691232480055793,-0.33458888332237824,-0.33458888332237824,-0.33458888332237824,0.0,0.0,0.0,21.50595681454161
2025-08-01,27.883742001032125,2.7039202072145403,39.69060340784983,27.883742001032125,27.883742001032125,-0.2491941407308265,-0.2491941407308265,-0.2491941407308265,0.07844012274102632,0.07844012274102632,0.07844012274102632,-0.3276342634718528,-0.3276342634718528,-0.3276342634718528,0.0,0.0,0.0,20.93527687272487
2025-08-02,27.92169341803053,-9.931347699953458,27.569919190283716,27.92169341803053,27.92169341803053,-0.6833533602366497,-0.6833533602366497,-0.6833533602366497,-0.3635767244137941,-0.3635767244137941,-0.3635767244137941,-0.31977663582285565,-0.31977663582285565,-0.31977663582285565,0.0,0.0,0.0,8.841310397321822
2025-08-03,27.959644835028932,-14.278584151828841,22.93404120408027,27.959644835028932,27.959644835028932,-0.8405455174989006,-0.8405455174989006,-0.8405455174989006,-0.5294112982247814,-0.5294112982247814,-0.5294112982247814,-0.3111342192741192,-0.3111342192741192,-0.3111342192741192,0.0,0.0,0.0,4.458290698084075
2025-08-04,27.997596252091977,9.954201393788711,45.61294197620322,27.997596252091977,27.997596252091977,-0.005951727561472123,-0.005951727561472123,-0.005951727561472123,0.29588396032371894,0.29588396032371894,0.29588396032371894,-0.30183568788519105,-0.30183568788519105,-0.30183568788519105,0.0,0.0,0.0,27.830962186823434
2025-08-05,28.03554766915502,8.467932995326553,46.18572856886103,28.03554766915502,28.03554766915502,-0.037338639089605316,-0.037338639089605316,-0.037338639089605316,0.2546792948441121,0.2546792948441121,0.2546792948441121,-0.29201793393371744,-0.29201793393371744,-0.29201793393371744,0.0,0.0,0.0,26.988738473057012
2025-08-06,28.073499086218057,6.433937036602494,42.63722526603416,28.073499086218057,28.073499086218057,-0.1247514294182837,-0.1247514294182837,-0.1247514294182837,0.15707231992735793,0.15707231992735793,0.15707231992735793,-0.28182374934564164,-0.28182374934564164,-0.28182374934564164,0.0,0.0,0.0,24.571289946439475
2025-08-07,28.111450503281098,4.11994875111612,41.94170765638589,28.111450503281098,28.111450503281098,-0.16448713478512722,-0.16448713478512722,-0.16448713478512722,0.10691232480011031,0.10691232480011031,0.10691232480011031,-0.27139945958523753,-0.27139945958523753,-0.27139945958523753,0.0,0.0,0.0,23.487478555342467
2025-08-08,28.14940192034414,3.3050206085234626,40.710661146760714,28.14940192034414,28.14940192034414,-0.18245241970815199,-0.18245241970815199,-0.18245241970815199,0.07844012274204545,0.07844012274204545,0.07844012274204545,-0.26089254245019744,-0.26089254245019744,-0.26089254245019744,0.0,0.0,0.0,23.013475426640053
2025-08-09,28.18735333740718,-7.219629980415287,31.23195579539808,28.18735333740718,28.18735333740718,-0.6140259868786515,-0.6140259868786515,-0.6140259868786515,-0.3635767244139747,-0.3635767244139747,-0.3635767244139747,-0.25044926246467686,-0.25044926246467686,-0.25044926246467686,0.0,0.0,0.0,10.879585886908485
2025-08-10,28.225304754470223,-11.877786918287716,25.331284165838223,28.225304754470223,28.225304754470223,-0.7696236480246782,-0.7696236480246782,-0.7696236480246782,-0.5294112982249518,-0.5294112982249518,-0.5294112982249518,-0.24021234979972644,-0.24021234979972644,-0.24021234979972644,0.0,0.0,0.0,6.502442742726556
2025-08-11,28.263256171533264,10.994433031843734,48.32671311711939,28.263256171533264,28.263256171533264,0.06556520934001257,0.06556520934001257,0.06556520934001257,0.2958839603242275,0.2958839603242275,0.2958839603242275,-0.2303187509842149,-0.2303187509842149,-0.2303187509842149,0.0,0.0,0.0,30.116342479050243
2025-08-12,28.301207588596302,10.865079342655335,47.77570626214339,28.301207588596302,28.301207588596302,0.033781817693574565,0.033781817693574565,0.033781817693574565,0.2546792948437556,0.2546792948437556,0.2546792948437556,-0.22089747715018104,-0.22089747715018104,-0.22089747715018104,0.0,0.0,0.0,29.257273823862267
2025-08-13,28.339159005659344,8.405280078216558,45.49563859349187,28.339159005659344,28.339159005659344,-0.05499525430622214,-0.05499525430622214,-0.05499525430622214,0.1570723199277539,0.1570723199277539,0.1570723199277539,-0.21206757423397601,-0.21206757423397601,-0.21206757423397601,0.0,0.0,0.0,26.780639749318645
2025-08-14,28.377110422147062,7.028683588393886,44.9194750821006,28.377110422147062,28.377110422147062,-0.09702391364317535,-0.09702391364317535,-0.09702391364317535,0.10691232479966269,0.10691232479966269,0.10691232479966269,-0.20393623844283804,-0.20393623844283804,-0.20393623844283804,0.0,0.0,0.0,25.623852111105816
2025-08-15,28.415061838634777,6.0869534466216795,43.98003825104357,28.415061838634777,28.415061838634777,-0.1181569766159288,-0.1181569766159288,-0.1181569766159288,0.07844012274237874,0.07844012274237874,0.07844012274237874,-0.19659709935830755,-0.19659709935830755,-0.19659709935830755,0.0,0.0,0.0,25.057624041427037
2025-08-16,28.453013255122492,-5.485653905089348,32.021564285362246,28.453013255122492,28.453013255122492,-0.5537054166777802,-0.5537054166777802,-0.5537054166777802,-0.36357672441233596,-0.36357672441233596,-0.36357672441233596,-0.19012869226544413,-0.19012869226544413,-0.19012869226544413,0.0,0.0,0.0,12.69842569495649
2025-08-17,28.490964671610204,-10.587846849382759,25.756717416260503,28.490964671610204,28.490964671610204,-0.7140044387979834,-0.7140044387979834,-0.7140044387979834,-0.5294112982243022,-0.5294112982243022,-0.5294112982243022,-0.1845931405736811,-0.1845931405736811,-0.1845931405736811,0.0,0.0,0.0,8.14828943044399
2025-08-18,28.52891608809792,12.026120283616834,51.02627387718853,28.52891608809792,28.52891608809792,0.11584889185965763,0.11584889185965763,0.11584889185965763,0.29588396032457337,0.29588396032457337,0.29588396032457337,-0.18003506846491574,-0.18003506846491574,-0.18003506846491574,0.0,0.0,0.0,31.833959402861222
2025-08-19,28.566867504585638,13.471018804438925,49.21385733915421,28.566867504585638,28.566867504585638,0.07819853180158551,0.07819853180158551,0.07819853180158551,0.2546792948445049,0.2546792948445049,0.2546792948445049,-0.17648076304291943,-0.17648076304291943,-0.17648076304291943,0.0,0.0,0.0,30.800754601614656
2025-08-20,28.604818921073345,8.959818520320937,46.55984686433234,28.604818921073345,28.604818921073345,-0.01686528423832738,-0.01686528423832738,-0.01686528423832738,0.15707231992806758,0.15707231992806758,0.15707231992806758,-0.17393760416639495,-0.17393760416639495,-0.17393760416639495,0.0,0.0,0.0,28.12239051938356
2025-08-21,28.642770337561068,8.326204676556198,44.6820773297468,28.642770337561068,28.642770337561068,-0.06548145390354446,-0.06548145390354446,-0.06548145390354446,0.10691232480069249,0.10691232480069249,0.10691232480069249,-0.17239377870423694,-0.17239377870423694,-0.17239377870423694,0.0,0.0,0.0,26.767200092032255
2025-08-22,28.68072175404878,5.6374170313858,43.50836681694851,28.68072175404878,28.68072175404878,-0.09337817130056472,-0.09337817130056472,-0.09337817130056472,0.07844012274116222,0.07844012274116222,0.07844012274116222,-0.17181829404172694,-0.17181829404172694,-0.17181829404172694,0.0,0.0,0.0,26.00256840507538
2025-08-23,28.718673170536494,-5.820311803927695,31.751800062803916,28.718673170536494,28.718673170536494,-0.5357380276111495,-0.5357380276111495,-0.5357380276111495,-0.3635767244125166,-0.3635767244125166,-0.3635767244125166,-0.17216130319863296,-0.17216130319863296,-0.17216130319863296,0.0,0.0,0.0,13.332987850544034
2025-08-24,28.756624587024213,-9.771252190252543,26.940301622929244,28.756624587024213,28.756624587024213,-0.7027660490296523,-0.7027660490296523,-0.7027660490296523,-0.5294112982258959,-0.5294112982258959,-0.5294112982258959,-0.17335475080375642,-0.17335475080375642,-0.17335475080375642,0.0,0.0,0.0,8.547445142572249
2025-08-25,28.794576002969254,12.876340018635938,50.07888031822052,28.794576002969254,28.794576002969254,0.1205706149676348,0.1205706149676348,0.1205706149676348,0.29588396032491926,0.29588396032491926,0.29588396032491926,-0.1753133453572845,-0.1753133453572845,-0.1753133453572845,0.0,0.0,0.0,32.26635573937956
2025-08-26,28.832527418914296,11.827950954493188,49.801044051485434,28.832527418914296,28.832527418914296,0.07674343617780112,0.07674343617780112,0.07674343617780112,0.254679294844412,0.254679294844412,0.254679294844412,-0.17793585866661085,-0.17793585866661085,-0.17793585866661085,0.0,0.0,0.0,31.04523464673245
2025-08-27,28.87047883485934,9.479805860799866,46.39687696294995,28.87047883485934,28.87047883485934,-0.02403442814948327,-0.02403442814948327,-0.02403442814948327,0.157072319927825,0.157072319927825,0.157072319927825,-0.18110674807730828,-0.18110674807730828,-0.18110674807730828,0.0,0.0,0.0,28.176593385661736
2025-08-28,28.90843025080439,8.362107204561804,46.210828907383785,28.90843025080439,28.90843025080439,-0.07778576637586693,-0.07778576637586693,-0.07778576637586693,0.10691232480024487,0.10691232480024487,0.10691232480024487,-0.1846980911761118,-0.1846980911761118,-0.1846980911761118,0.0,0.0,0.0,26.659765849022275
2025-08-29,28.94638166674943,7.2029080138120305,44.30228913187166,28.94638166674943,28.94638166674943,-0.11013169336278313,-0.11013169336278313,-0.11013169336278313,0.07844012274149546,0.07844012274149546,0.07844012274149546,-0.1885718161042786,-0.1885718161042786,-0.1885718161042786,0.0,0.0,0.0,25.758467637064896
2025-08-30,28.984333082694477,-5.534690317545112,29.959746781824055,28.984333082694477,28.984333082694477,-0.55615892801833,-0.55615892801833,-0.55615892801833,-0.3635767244126973,-0.3635767244126973,-0.3635767244126973,-0.19258220360563266,-0.19258220360563266,-0.19258220360563266,0.0,0.0,0.0,12.864437466096899
2025-08-31,29.02228449863952,-11.10542952938063,25.434827132490124,29.02228449863952,29.02228449863952,-0.7259899278275493,-0.7259899278275493,-0.7259899278275493,-0.5294112982252465,-0.5294112982252465,-0.5294112982252465,-0.19657862960230288,-0.19657862960230288,-0.19657862960230288,0.0,0.0,0.0,7.952398270081611
2025-09-01,29.060235914584567,13.659864086729508,50.16544296145571,29.060235914584567,29.060235914584567,0.09547545068872998,0.09547545068872998,0.09547545068872998,0.2958839603254278,0.2958839603254278,0.2958839603254278,-0.20040850963669782,-0.20040850963669782,-0.20040850963669782,0.0,0.0,0.0,31.834775035650342
2025-09-02,29.098187330529612,14.382117535225813,47.59683754053699,29.098187330529612,29.098187330529612,0.05075889568631556,0.05075889568631556,0.05075889568631556,0.25467929484458274,0.25467929484458274,0.25467929484458274,-0.20392039915826715,-0.20392039915826715,-0.20392039915826715,0.0,0.0,0.0,30.575179185900836
2025-09-03,29.136138746474654,9.379999624025432,46.1950680519681,29.136138746474654,29.136138746474654,-0.049894876683723305,-0.049894876683723305,-0.049894876683723305,0.15707231992758247,0.15707231992758247,0.15707231992758247,-0.20696719661130575,-0.20696719661130575,-0.20696719661130575,0.0,0.0,0.0,27.68239469667945
2025-09-04,29.174090162419695,8.22992605917651,45.269746755165464,29.174090162419695,29.174090162419695,-0.10249706505861511,-0.10249706505861511,-0.10249706505861511,0.10691232479985893,0.10691232479985893,0.10691232479985893,-0.20940938985847404,-0.20940938985847404,-0.20940938985847404,0.0,0.0,0.0,26.18383154501626
2025-09-05,29.212041577920893,6.056119301476314,44.08277865168341,29.212041577920893,29.212041577920893,-0.13267815817091902,-0.13267815817091902,-0.13267815817091902,0.07844012274182874,0.07844012274182874,0.07844012274182874,-0.21111828091274776,-0.21111828091274776,-0.21111828091274776,0.0,0.0,0.0,25.33624170495004
2025-09-06,29.249992993422083,-5.934593539878465,31.954792182916762,29.249992993422083,29.249992993422083,-0.575555843923903,-0.575555843923903,-0.575555843923903,-0.36357672441353556,-0.36357672441353556,-0.36357672441353556,-0.21197911951036746,-0.21197911951036746,-0.21197911951036746,0.0,0.0,0.0,12.414988591324786
2025-09-07,29.287944408923288,-10.761809869249198,25.933203347103838,29.287944408923288,29.287944408923288,-0.7413053712215083,-0.7413053712215083,-0.7413053712215083,-0.529411298225007,-0.529411298225007,-0.529411298225007,-0.21189407299650131,-0.21189407299650131,-0.21189407299650131,0.0,0.0,0.0,7.576633906551511
2025-09-08,29.32589582442448,12.871892972568673,50.878285330967266,29.32589582442448,29.32589582442448,0.08509900180154469,0.08509900180154469,0.08509900180154469,0.2958839603257737,0.2958839603257737,0.2958839603257737,-0.21078495852422902,-0.21078495852422902,-0.21078495852422902,0.0,0.0,0.0,31.821500286019095
2025-09-09,29.363847239925676,12.181025553248311,49.72174141006086,29.363847239925676,29.363847239925676,0.04608363094866903,0.04608363094866903,0.04608363094866903,0.2546792948450684,0.2546792948450684,0.2546792948450684,-0.20859566389639939,-0.20859566389639939,-0.20859566389639939,0.0,0.0,0.0,30.717039939363502
2025-09-10,29.401798655426873,9.859541520950529,46.92251245891387,29.401798655426873,29.401798655426873,-0.04822186571883971,-0.04822186571883971,-0.04822186571883971,0.1570723199273399,0.1570723199273399,0.1570723199273399,-0.2052941856461796,-0.2052941856461796,-0.2052941856461796,0.0,0.0,0.0,27.983989068772516
2025-09-11,29.43975007092807,8.109839816936114,45.365406025788616,29.43975007092807,29.43975007092807,-0.09396189246812386,-0.09396189246812386,-0.09396189246812386,0.10691232479941132,0.10691232479941132,0.10691232479941132,-0.20087421726753518,-0.20087421726753518,-0.20087421726753518,0.0,0.0,0.0,26.67353544047509
2025-09-12,29.477701486429268,6.4082026080008685,43.000810366946496,29.477701486429268,29.477701486429268,-0.11691610416570727,-0.11691610416570727,-0.11691610416570727,0.07844012274207296,0.07844012274207296,0.07844012274207296,-0.19535622690778023,-0.19535622690778023,-0.19535622690778023,0.0,0.0,0.0,26.03128346887628
2025-09-13,29.515652901930466,-5.394712862059082,32.04355436681352,29.515652901930466,29.515652901930466,-0.5523646967208768,-0.5523646967208768,-0.5523646967208768,-0.36357672441305866,-0.36357672441305866,-0.36357672441305866,-0.18878797230781824,-0.18878797230781824,-0.18878797230781824,0.0,0.0,0.0,13.212248238236976
2025-09-14,29.553604317431663,-10.495590371257128,27.301059577111648,29.553604317431663,29.553604317431663,-0.7106557094587973,-0.7106557094587973,-0.7106557094587973,-0.5294112982247674,-0.5294112982247674,-0.5294112982247674,-0.18124441123402987,-0.18124441123402987,-0.18124441123402987,0.0,0.0,0.0,8.55116667416269
2025-09-15,29.591555733335344,15.478576525323327,51.814032844376314,29.591555733335344,29.591555733335344,0.12305698238644061,0.12305698238644061,0.12305698238644061,0.29588396032395003,0.29588396032395003,0.29588396032395003,-0.17282697793750945,-0.17282697793750945,-0.17282697793750945,0.0,0.0,0.0,33.23300328599977
2025-09-16,29.62950714923903,14.795891022575983,50.02979643296926,29.62950714923903,29.62950714923903,0.09101708476200018,0.09101708476200018,0.09101708476200018,0.25467929484497553,0.25467929484497553,0.25467929484497553,-0.16366221008297532,-0.16366221008297532,-0.16366221008297532,0.0,0.0,0.0,32.32629851289761
2025-09-17,29.667458565142717,11.37242729588561,47.2872023579673,29.667458565142717,29.667458565142717,0.0031725941038538152,0.0031725941038538152,0.0031725941038538152,0.15707231992765355,0.15707231992765355,0.15707231992765355,-0.15389972582379974,-0.15389972582379974,-0.15389972582379974,0.0,0.0,0.0,29.761581369262817
2025-09-18,29.705409981046394,9.016176812996111,45.283671353738356,29.705409981046394,29.705409981046394,-0.03679724212575626,-0.03679724212575626,-0.03679724212575626,0.1069123247997024,0.1069123247997024,0.1069123247997024,-0.14370956692545866,-0.14370956692545866,-0.14370956692545866,0.0,0.0,0.0,28.612332817528973
2025-09-19,29.743361396950082,9.196204117270835,46.914390727904426,29.743361396950082,29.743361396950082,-0.05483881790944321,-0.05483881790944321,-0.05483881790944321,0.07844012274240618,0.07844012274240618,0.07844012274240618,-0.1332789406518494,-0.1332789406518494,-0.1332789406518494,0.0,0.0,0.0,28.112270617287972
2025-09-20,29.781312812853766,-2.950381945590625,35.6814738523856,29.781312812853766,29.781312812853766,-0.48638513451500565,-0.48638513451500565,-0.48638513451500565,-0.3635767244120774,-0.3635767244120774,-0.3635767244120774,-0.12280841010292828,-0.12280841010292828,-0.12280841010292828,0.0,0.0,0.0,15.296124974340426
2025-09-21,29.81926422875745,-6.880646641701472,29.640926567602843,29.81926422875745,29.81926422875745,-0.641918897571764,-0.641918897571764,-0.641918897571764,-0.5294112982245278,-0.5294112982245278,-0.5294112982245278,-0.11250759934723613,-0.11250759934723613,-0.11250759934723613,0.0,0.0,0.0,10.67771500863233
2025-09-22,29.85721564466114,16.592102804506716,53.15731325344618,29.85721564466114,29.85721564466114,0.1932934647740604,0.1932934647740604,0.1932934647740604,0.295883960324296,0.295883960324296,0.295883960324296,-0.10259049555023556,-0.10259049555023556,-0.10259049555023556,0.0,0.0,0.0,35.62842030512397
2025-09-23,29.895167060564816,16.27172689933525,53.5695413975096,29.895167060564816,29.895167060564816,0.16140884997712995,0.16140884997712995,0.16140884997712995,0.254679294844619,0.254679294844619,0.254679294844619,-0.09327044486748903,-0.09327044486748903,-0.09327044486748903,0.0,0.0,0.0,34.72051159568476
2025-09-24,29.933118476468504,13.628334830171587,50.7079430682792,29.933118476468504,29.933118476468504,0.07231736826623392,0.07231736826623392,0.07231736826623392,0.15707231992685478,0.15707231992685478,0.15707231992685478,-0.08475495166062086,-0.08475495166062086,-0.08475495166062086,0.0,0.0,0.0,32.09780282868809
2025-09-25,29.97106989237219,12.384301099736867,50.16282769762982,29.97106989237219,29.97106989237219,0.02967192363886475,0.02967192363886475,0.02967192363886475,0.10691232479999349,0.10691232479999349,0.10691232479999349,-0.07724040116112875,-0.07724040116112875,-0.07724040116112875,0.0,0.0,0.0,30.860369189593733
2025-09-26,30.00902130825669,12.020194595219461,49.61253720773898,30.00902130825669,30.00902130825669,0.007533289116292807,0.007533289116292807,0.007533289116292807,0.0784401227411897,0.0784401227411897,0.0784401227411897,-0.07090683362489689,-0.07090683362489689,-0.07090683362489689,0.0,0.0,0.0,30.235087941868773
2025-09-27,30.046972724141195,-2.9618879336207296,35.432416763430005,30.046972724141195,30.046972724141195,-0.42948962734684903,-0.42948962734684903,-0.42948962734684903,-0.36357672441225813,-0.36357672441225813,-0.36357672441225813,-0.06591290293459093,-0.06591290293459093,-0.06591290293459093,0.0,0.0,0.0,17.142109605948857
2025-09-28,30.084924140025695,-6.540615981743273,31.832708497711625,30.084924140025695,30.084924140025695,-0.5918024524495772,-0.5918024524495772,-0.5918024524495772,-0.5294112982238783,-0.5294112982238783,-0.5294112982238783,-0.06239115422569892,-0.06239115422569892,-0.06239115422569892,0.0,0.0,0.0,12.280592252199002
2025-09-29,30.1228755559102,18.705736922442398,55.61892804656104,30.1228755559102,30.1228755559102,0.2354402071068697,0.2354402071068697,0.2354402071068697,0.29588396032480446,0.29588396032480446,0.29588396032480446,-0.060443753217934784,-0.060443753217934784,-0.060443753217934784,0.0,0.0,0.0,37.21501161544816
2025-09-30,30.160826971794705,17.96348751099896,55.16825992542921,30.160826971794705,30.160826971794705,0.19454050043394483,0.19454050043394483,0.19454050043394483,0.2546792948442625,0.2546792948442625,0.2546792948442625,-0.06013879441031768,-0.06013879441031768,-0.06013879441031768,0.0,0.0,0.0,36.02832934438927
2025-10-01,30.198778387679212,14.99607522265325,51.4471726951602,30.198778387679212,30.198778387679212,0.09556501380808413,0.09556501380808413,0.09556501380808413,0.15707231992780696,0.15707231992780696,0.15707231992780696,-0.06150730611972284,-0.06150730611972284,-0.06150730611972284,0.0,0.0,0.0,33.08472506128505
2025-10-02,30.236729803563716,11.372510077049629,49.081813489303755,30.236729803563716,30.236729803563716,0.042371267213854535,0.042371267213854535,0.042371267213854535,0.10691232480028459,0.10691232480028459,0.10691232480028459,-0.06454105758643006,-0.06454105758643006,-0.06454105758643006,0.0,0.0,0.0,31.517898361743633
2025-10-03,30.274681219448215,12.617194091343825,48.60139680143974,30.274681219448215,30.274681219448215,0.009248865518129819,0.009248865518129819,0.009248865518129819,0.07844012274152293,0.07844012274152293,0.07844012274152293,-0.06919125722339312,-0.06919125722339312,-0.06919125722339312,0.0,0.0,0.0,30.55468767465114
2025-10-04,30.31263263533272,-0.9056679369539687,34.64311388519421,30.31263263533272,30.31263263533272,-0.4389449362492324,-0.4389449362492324,-0.4389449362492324,-0.36357672441309635,-0.36357672441309635,-0.36357672441309635,-0.07536821183613604,-0.07536821183613604,-0.07536821183613604,0.0,0.0,0.0,17.0070560356702
2025-10-05,30.350584051217222,-6.960554874010374,30.24628927266676,30.350584051217222,30.350584051217222,-0.612353292899537,-0.612353292899537,-0.612353292899537,-0.5294112982240489,-0.5294112982240489,-0.5294112982240489,-0.08294199467548809,-0.08294199467548809,-0.08294199467548809,0.0,0.0,0.0,11.765303966030187
2025-10-06,30.388535467101725,17.271766038794308,55.50034624155081,30.388535467101725,30.388535467101725,0.20413981433192294,0.20413981433192294,0.20413981433192294,0.29588396032298075,0.29588396032298075,0.29588396032298075,-0.09174414599105783,-0.09174414599105783,-0.09174414599105783,0.0,0.0,0.0,36.592045455174926
2025-10-07,30.426486882986232,16.685524398536405,52.845234025685365,30.426486882986232,30.426486882986232,0.15310889095160618,0.15310889095160618,0.15310889095160618,0.2546792948444331,0.2546792948444331,0.2546792948444331,-0.10157040389282687,-0.10157040389282687,-0.10157040389282687,0.0,0.0,0.0,35.085052545193854
2025-10-08,30.464438298870732,12.543051007592938,50.364024588229476,30.464438298870732,30.464438298870732,0.044887883489508035,0.044887883489508035,0.044887883489508035,0.15707231992756437,0.15707231992756437,0.15707231992756437,-0.11218443643805635,-0.11218443643805635,-0.11218443643805635,0.0,0.0,0.0,31.83192245580375
2025-10-09,30.50238971475524,12.294167835777262,48.43091443247315,30.50238971475524,30.50238971475524,-0.016410193834016484,-0.016410193834016484,-0.016410193834016484,0.10691232479989864,0.10691232479989864,0.10691232479989864,-0.12332251863391512,-0.12332251863391512,-0.12332251863391512,0.0,0.0,0.0,30.001839587135397
2025-10-10,30.54034113063974,10.701067202899187,48.225600412432215,30.54034113063974,30.54034113063974,-0.056258948466191255,-0.056258948466191255,-0.056258948466191255,0.07844012274108131,0.07844012274108131,0.07844012274108131,-0.13469907120727256,-0.13469907120727256,-0.13469907120727256,0.0,0.0,0.0,28.822173652831175
2025-10-11,30.578292546524246,-3.121611527395648,33.01310119004294,30.578292546524246,30.578292546524246,-0.5095896767045572,-0.5095896767045572,-0.5095896767045572,-0.3635767244139347,-0.3635767244139347,-0.3635767244139347,-0.14601295229062258,-0.14601295229062258,-0.14601295229062258,0.0,0.0,0.0,14.995910333563582
2025-10-12,30.61624396240875,-9.804332303024085,27.46581462678683,30.61624396240875,30.61624396240875,-0.6863656675764276,-0.6863656675764276,-0.6863656675764276,-0.5294112982252325,-0.5294112982252325,-0.5294112982252325,-0.15695436935119506,-0.15695436935119506,-0.15695436935119506,0.0,0.0,0.0,9.602305236467297
2025-10-13,30.654195378293252,15.045471765619642,53.452411256602126,30.654195378293252,30.654195378293252,0.12867170286110047,0.12867170286110047,0.12867170286110047,0.2958839603234079,0.2958839603234079,0.2958839603234079,-0.16721225746230747,-0.16721225746230747,-0.16721225746230747,0.0,0.0,0.0,34.59852289745512
2025-10-14,30.692146794177756,14.432723710593507,51.86966026039421,30.692146794177756,30.692146794177756,0.07819734277667498,0.07819734277667498,0.07819734277667498,0.2546792948440766,0.2546792948440766,0.2546792948440766,-0.17648195206740158,-0.17648195206740158,-0.17648195206740158,0.0,0.0,0.0,33.0921911175941
2025-10-15,30.73009821006226,11.761443581898105,47.342042992175124,30.73009821006226,30.73009821006226,-0.02740065038382751,-0.02740065038382751,-0.02740065038382751,0.15707231992787807,0.15707231992787807,0.15707231992787807,-0.1844729703117056,-0.1844729703117056,-0.1844729703117056,0.0,0.0,0.0,29.888073532747658
2025-10-16,30.76804962594676,9.30643768613095,47.2616485892586,30.76804962594676,30.76804962594676,-0.08400438055221518,-0.08400438055221518,-0.08400438055221518,0.10691232480018972,0.10691232480018972,0.10691232480018972,-0.1909167053524049,-0.1909167053524049,-0.1909167053524049,0.0,0.0,0.0,28.183398676319285
2025-10-17,30.806001041831266,9.215149686209097,46.22229103408513,30.806001041831266,30.806001041831266,-0.1171337104740281,-0.1171337104740281,-0.1171337104740281,0.07844012274210044,0.07844012274210044,0.07844012274210044,-0.19557383321612853,-0.19557383321612853,-0.19557383321612853,0.0,0.0,0.0,27.197579834934796
2025-10-18,30.843952457715773,-5.997204090173921,31.686812092957723,30.843952457715773,30.843952457715773,-0.5618179564726109,-0.5618179564726109,-0.5618179564726109,-0.3635767244134577,-0.3635767244134577,-0.3635767244134577,-0.19824123205915323,-0.19824123205915323,-0.19824123205915323,0.0,0.0,0.0,13.515266118383533
2025-10-19,30.881903873600276,-11.544109991673741,25.736782553504927,30.881903873600276,30.881903873600276,-0.7281695174980684,-0.7281695174980684,-0.7281695174980684,-0.529411298224993,-0.529411298224993,-0.529411298224993,-0.1987582192730753,-0.1987582192730753,-0.1987582192730753,0.0,0.0,0.0,8.394642830539034
2025-10-20,30.91985528948478,14.025673641647401,53.91007903761631,30.91985528948478,30.91985528948478,0.09887203752267558,0.09887203752267558,0.09887203752267558,0.29588396032375386,0.29588396032375386,0.29588396032375386,-0.19701192280107827,-0.19701192280107827,-0.19701192280107827,0.0,0.0,0.0,33.976964381862416
2025-10-21,30.957806705369283,14.695638956846071,50.9479119219793,30.957806705369283,30.957806705369283,0.061737675671581976,0.061737675671581976,0.061737675671581976,0.2546792948439836,0.2546792948439836,0.2546792948439836,-0.19294161917240163,-0.19294161917240163,-0.19294161917240163,0.0,0.0,0.0,32.8690697352489
2025-10-22,30.995758121253786,12.690019599521873,48.88536522715966,30.995758121253786,30.995758121253786,-0.029469571943731593,-0.029469571943731593,-0.029469571943731593,0.15707231992819173,0.15707231992819173,0.15707231992819173,-0.18654189187192333,-0.18654189187192333,-0.18654189187192333,0.0,0.0,0.0,30.082326397348996
2025-10-23,31.033709537138286,9.675257312997516,46.64282065797399,31.033709537138286,31.033709537138286,-0.07095216453128239,-0.07095216453128239,-0.07095216453128239,0.10691232479974211,0.10691232479974211,0.10691232479974211,-0.1778644893310245,-0.1778644893310245,-0.1778644893310245,0.0,0.0,0.0,28.831800672043222
2025-10-24,31.071660953022793,9.573910789772977,45.93538229002898,31.071660953022793,31.071660953022793,-0.08857866878162582,-0.08857866878162582,-0.08857866878162582,0.07844012274165882,0.07844012274165882,0.07844012274165882,-0.16701879152328464,-0.16701879152328464,-0.16701879152328464,0.0,0.0,0.0,28.31937458897001
2025-10-25,31.1096123689073,-3.1573005140730355,33.5210854164026,31.1096123689073,31.1096123689073,-0.5177475516174328,-0.5177475516174328,-0.5177475516174328,-0.36357672441429595,-0.36357672441429595,-0.36357672441429595,-0.15417082720313674,-0.15417082720313674,-0.15417082720313674,0.0,0.0,0.0,15.002686733138141
2025-10-26,31.147563784791803,-9.246823634488043,27.9776439846736,31.147563784791803,31.147563784791803,-0.6689521176906515,-0.6689521176906515,-0.6689521176906515,-0.5294112982247534,-0.5294112982247534,-0.5294112982247534,-0.1395408194658982,-0.1395408194658982,-0.1395408194658982,0.0,0.0,0.0,10.311335030050682
2025-10-27,31.185515200676303,17.561017545177425,55.01381647084384,31.185515200676303,31.185515200676303,0.17248468566176156,0.17248468566176156,0.17248468566176156,0.2958839603241811,0.2958839603241811,0.2958839603241811,-0.12339927466241951,-0.12339927466241951,-0.12339927466241951,0.0,0.0,0.0,36.56453898726504
2025-10-28,31.223466616560806,15.917672645188691,55.41511188873412,31.223466616560806,31.223466616560806,0.1486176270148385,0.1486176270148385,0.1486176270148385,0.254679294844733,0.254679294844733,0.254679294844733,-0.1060616678298945,-0.1060616678298945,-0.1060616678298945,0.0,0.0,0.0,35.8638241322911
2025-10-29,31.26141803244531,15.18615248334777,53.18949131820641,31.26141803244531,31.26141803244531,0.06919050421467669,0.06919050421467669,0.06919050421467669,0.15707231992739296,0.15707231992739296,0.15707231992739296,-0.08788181571271625,-0.08788181571271625,-0.08788181571271625,0.0,0.0,0.0,33.42441130857599
2025-10-30,31.299369448329813,13.753382588037114,50.317391379618336,31.299369448329813,31.299369448329813,0.03766825967405156,0.03766825967405156,0.03766825967405156,0.10691232480077191,0.10691232480077191,0.10691232480077191,-0.06924406512672035,-0.06924406512672035,-0.06924406512672035,0.0,0.0,0.0,32.47836222434358
2025-10-31,31.33732086421432,13.612054731573105,49.33037213942632,31.33732086421432,31.33732086421432,0.027885663871603746,0.027885663871603746,0.027885663871603746,0.07844012274199211,0.07844012274199211,0.07844012274199211,-0.050554458870388355,-0.050554458870388355,-0.050554458870388355,0.0,0.0,0.0,32.2111828604704
2025-11-01,31.375272280098827,-0.8370385261843272,36.90499900396486,31.375272280098827,31.375272280098827,-0.39580779702759716,-0.39580779702759716,-0.39580779702759716,-0.36357672441447664,-0.36357672441447664,-0.36357672441447664,-0.03223107261312046,-0.03223107261312046,-0.03223107261312046,0.0,0.0,0.0,18.956694877771874
2025-11-02,31.413223695983326,-3.697912110019913,34.41919227251172,31.413223695983326,31.413223695983326,-0.5441050415215467,-0.5441050415215467,-0.5441050415215467,-0.5294112982263471,-0.5294112982263471,-0.5294112982263471,-0.014693743295199497,-0.014693743295199497,-0.014693743295199497,0.0,0.0,0.0,14.321130312554684
2025-11-03,31.451175111867826,23.964481078280343,60.399558308789246,31.451175111867826,31.451175111867826,0.2975305286122476,0.2975305286122476,0.2975305286122476,0.295883960324527,0.295883960324527,0.295883960324527,0.0016465682877205706,0.0016465682877205706,0.0016465682877205706,0.0,0.0,0.0,40.80885986837823
2025-11-04,31.489126527752333,22.12059074531318,58.168862709068414,31.489126527752333,31.489126527752333,0.27107781642407663,0.27107781642407663,0.27107781642407663,0.2546792948446401,0.2546792948446401,0.2546792948446401,0.01639852157943654,0.01639852157943654,0.01639852157943654,0.0,0.0,0.0,40.0251301879969
2025-11-05,31.527077943636836,21.113442084489233,55.742969860734604,31.527077943636836,31.527077943636836,0.18627329764102366,0.18627329764102366,0.18627329764102366,0.1570723199277066,0.1570723199277066,0.1570723199277066,0.029200977713317054,0.029200977713317054,0.029200977713317054,0.0,0.0,0.0,37.39973071718366
2025-11-06,31.56502935952134,17.32704347831149,55.12189781147694,31.56502935952134,31.56502935952134,0.14664547030233122,0.14664547030233122,0.14664547030233122,0.10691232480032428,0.10691232480032428,0.10691232480032428,0.03973314550200692,0.03973314550200692,0.03973314550200692,0.0,0.0,0.0,36.19389793505524
2025-11-07,31.602980775405847,16.12348008389921,55.992241542876734,31.602980775405847,31.602980775405847,0.12616414537236972,0.12616414537236972,0.12616414537236972,0.07844012274155045,0.07844012274155045,0.07844012274155045,0.04772402263081926,0.04772402263081926,0.04772402263081926,0.0,0.0,0.0,35.590143836154354
2025-11-08,31.640932191290347,2.9331589998428256,39.780433528898584,31.640932191290347,31.640932191290347,-0.3106158511543163,-0.3106158511543163,-0.3106158511543163,-0.36357672441283784,-0.36357672441283784,-0.36357672441283784,0.05296087325852157,0.05296087325852157,0.05296087325852157,0.0,0.0,0.0,21.81275710737669
2025-11-09,31.678883607174853,-1.9571837514234611,35.754788211387144,31.678883607174853,31.678883607174853,-0.4741147974979738,-0.4741147974979738,-0.4741147974979738,-0.5294112982261076,-0.5294112982261076,-0.5294112982261076,0.05529650072813379,0.05529650072813379,0.05529650072813379,0.0,0.0,0.0,16.659456120797266
2025-11-10,31.716835023059353,25.518827453514348,62.64862119820393,31.716835023059353,31.716835023059353,0.35053905858917805,0.35053905858917805,0.35053905858917805,0.29588396032503544,0.29588396032503544,0.29588396032503544,0.05465509826414261,0.05465509826414261,0.05465509826414261,0.0,0.0,0.0,42.83482451347085
2025-11-11,31.75478643894386,22.85979756536454,59.17209456744042,31.75478643894386,31.75478643894386,0.3057157857617432,0.3057157857617432,0.3057157857617432,0.25467929484428353,0.25467929484428353,0.25467929484428353,0.05103649091745972,0.05103649091745972,0.05103649091745972,0.0,0.0,0.0,41.46272592682193
2025-11-12,31.792737854828363,18.590872411834827,56.61400077299542,31.792737854828363,31.792737854828363,0.20159093789693266,0.20159093789693266,0.20159093789693266,0.1570723199275464,0.1570723199275464,0.1570723199275464,0.044518617969386276,0.044518617969386276,0.044518617969386276,0.0,0.0,0.0,38.20186569729453
2025-11-13,31.830689270712867,19.7190214831862,55.450237903295374,31.830689270712867,31.830689270712867,0.1421704705122588,0.1421704705122588,0.1421704705122588,0.10691232479993837,0.10691232479993837,0.10691232479993837,0.03525814571232043,0.03525814571232043,0.03525814571232043,0.0,0.0,0.0,36.35607334105963
2025-11-14,31.86864068659737,17.384297124601602,53.557121903612405,31.86864068659737,31.86864068659737,0.10192926779020504,0.10192926779020504,0.10192926779020504,0.07844012274188374,0.07844012274188374,0.07844012274188374,0.023489145048321308,0.023489145048321308,0.023489145048321308,0.0,0.0,0.0,35.11698789725138
2025-11-15,31.90659210248187,1.802418058349527,39.90465426816537,31.90659210248187,31.90659210248187,-0.35405690880813734,-0.35405690880813734,-0.35405690880813734,-0.36357672441301847,-0.36357672441301847,-0.36357672441301847,0.009519815604881202,0.009519815604881202,0.009519815604881202,0.0,0.0,0.0,20.609842732075013
2025-11-16,31.944543518366373,-4.361278137553311,32.93823087101319,31.944543518366373,31.944543518366373,-0.5356840113199594,-0.5356840113199594,-0.5356840113199594,-0.5294112982258681,-0.5294112982258681,-0.5294112982258681,-0.006272713094091206,-0.006272713094091206,-0.006272713094091206,0.0,0.0,0.0,14.832362306662867
2025-11-17,31.98249493425088,21.95285154402987,58.79588216686699,31.98249493425088,31.98249493425088,0.27243453664068507,0.27243453664068507,0.27243453664068507,0.2958839603253814,0.2958839603253814,0.2958839603253814,-0.023449423684696366,-0.023449423684696366,-0.023449423684696366,0.0,0.0,0.0,40.69563112227657
2025-11-18,32.02044635013539,20.353091680074556,57.177377834010954,32.02044635013539,32.02044635013539,0.2131611265713366,0.2131611265713366,0.2131611265713366,0.2546792948441906,0.2546792948441906,0.2546792948441906,-0.04151816827285407,-0.04151816827285407,-0.04151816827285407,0.0,0.0,0.0,38.845960767447295
2025-11-19,32.058397766019894,17.470497370504102,52.97059359363074,32.058397766019894,32.058397766019894,0.09712835296962231,0.09712835296962231,0.09712835296962231,0.15707231992786003,0.15707231992786003,0.15707231992786003,-0.05994396695823773,-0.05994396695823773,-0.05994396695823773,0.0,0.0,0.0,35.17217713987843
2025-11-20,32.096349181904394,13.310919294134077,51.13438028549121,32.096349181904394,32.096349181904394,0.028751693906967087,0.028751693906967087,0.028751693906967087,0.10691232480022944,0.10691232480022944,0.10691232480022944,-0.07816063089326236,-0.07816063089326236,-0.07816063089326236,0.0,0.0,0.0,33.01917358911365
2025-11-21,32.134300597788894,12.828946894330183,49.57227027708282,32.134300597788894,32.134300597788894,-0.017143332418530846,-0.017143332418530846,-0.017143332418530846,0.0784401227406672,0.0784401227406672,0.0784401227406672,-0.09558345515919804,-0.09558345515919804,-0.09558345515919804,0.0,0.0,0.0,31.583411600604006
2025-11-22,32.1722520136734,-2.6187983912041917,35.01711689144965,32.1722520136734,32.1722520136734,-0.4751994187861602,-0.4751994187861602,-0.4751994187861602,-0.3635767244131992,-0.3635767244131992,-0.3635767244131992,-0.1116226943729609,-0.1116226943729609,-0.1116226943729609,0.0,0.0,0.0,16.884016555733933
2025-11-23,32.2102034295579,-7.044241955637057,30.663826513223285,32.2102034295579,32.2102034295579,-0.6551088064091292,-0.6551088064091292,-0.6551088064091292,-0.5294112982252186,-0.5294112982252186,-0.5294112982252186,-0.12569750818391062,-0.12569750818391062,-0.12569750818391062,0.0,0.0,0.0,11.109015506624985
2025-11-24,32.24815484544241,19.27454948787882,56.60880153834832,32.24815484544241,32.24815484544241,0.15863391484946943,0.15863391484946943,0.15863391484946943,0.29588396032355774,0.29588396032355774,0.29588396032355774,-0.1372500454740883,-0.1372500454740883,-0.1372500454740883,0.0,0.0,0.0,37.36380589524683
2025-11-25,32.286106261326914,16.776961244067707,54.38086519594383,32.286106261326914,32.286106261326914,0.10891996909711983,0.10891996909711983,0.10891996909711983,0.25467929484383406,0.25467929484383406,0.25467929484383406,-0.14575932574671424,-0.14575932574671424,-0.14575932574671424,0.0,0.0,0.0,35.80270795757697
2025-11-26,32.324057677211414,13.616288414974287,50.02862749852303,32.324057677211414,32.324057677211414,0.006317745641788053,0.006317745641788053,0.006317745641788053,0.15707231992761744,0.15707231992761744,0.15707231992761744,-0.1507545742858294,-0.1507545742858294,-0.1507545742858294,0.0,0.0,0.0,32.52827285172652
2025-11-27,32.36200909309592,12.835980559918108,50.04784720885153,32.36200909309592,32.36200909309592,-0.04491534960235252,-0.04491534960235252,-0.04491534960235252,0.10691232480052054,0.10691232480052054,0.10691232480052054,-0.15182767440287306,-0.15182767440287306,-0.15182767440287306,0.0,0.0,0.0,30.908458140845006
2025-11-28,32.39996050898042,11.746071384411326,50.44367979317209,32.39996050898042,32.39996050898042,-0.07020429268616424,-0.07020429268616424,-0.07020429268616424,0.07844012274100043,0.07844012274100043,0.07844012274100043,-0.14864441542716467,-0.14864441542716467,-0.14864441542716467,0.0,0.0,0.0,30.125344198387797
2025-11-29,32.43791192486492,-2.2901452602345205,34.38707613359858,32.43791192486492,32.43791192486492,-0.5045309632173346,-0.5045309632173346,-0.5045309632173346,-0.36357672441156036,-0.36357672441156036,-0.36357672441156036,-0.14095423880577426,-0.14095423880577426,-0.14095423880577426,0.0,0.0,0.0,16.07198097665376
2025-11-30,32.47586334074943,-7.236946983322522,30.871210266635796,32.47586334074943,32.47586334074943,-0.6580095145099343,-0.6580095145099343,-0.6580095145099343,-0.5294112982245689,-0.5294112982245689,-0.5294112982245689,-0.12859821628536539,-0.12859821628536539,-0.12859821628536539,0.0,0.0,0.0,11.106436270611924
2025-12-01,32.513814756633934,20.164050333611822,55.48837027566255,32.513814756633934,32.513814756633934,0.18436892733976673,0.18436892733976673,0.18436892733976673,0.29588396032398495,0.29588396032398495,0.29588396032398495,-0.11151503298421821,-0.11151503298421821,-0.11151503298421821,0.0,0.0,0.0,38.50835190703842
2025-12-02,32.551766172518434,18.12630706366166,55.69341599892656,32.551766172518434,32.551766172518434,0.16493450150351419,0.16493450150351419,0.16493450150351419,0.2546792948440047,0.2546792948440047,0.2546792948440047,-0.08974479334049051,-0.08974479334049051,-0.08974479334049051,0.0,0.0,0.0,37.92067549924172
2025-12-03,32.589717588402934,17.987565751956556,53.00011810735332,32.589717588402934,32.589717588402934,0.09364180152534199,0.09364180152534199,0.09364180152534199,0.15707231992737491,0.15707231992737491,0.15707231992737491,-0.06343051840203294,-0.06343051840203294,-0.06343051840203294,0.0,0.0,0.0,35.64147745458311
2025-12-04,32.62766900428744,16.17023168222193,54.21468855206914,32.62766900418727,32.62766900429294,0.07409506731191254,0.07409506731191254,0.07409506731191254,0.10691232480007293,0.10691232480007293,0.10691232480007293,-0.032817257488160376,-0.032817257488160376,-0.032817257488160376,0.0,0.0,0.0,35.04521833539092
2025-12-05,32.66562042017195,16.23065311772243,53.87911520182478,32.66562041886154,32.66562042133853,0.08019132815455211,0.08019132815455211,0.08019132815455211,0.07844012274201956,0.07844012274201956,0.07844012274201956,0.0017512054125325555,0.0017512054125325555,0.0017512054125325555,0.0,0.0,0.0,35.285119906658
2025-12-06,32.703571836056454,3.6142832754931566,39.25597877225574,32.703571832395035,32.70357183881917,-0.3237387129401159,-0.3237387129401159,-0.3237387129401159,-0.36357672441239863,-0.36357672441239863,-0.36357672441239863,0.03983801147228275,0.03983801147228275,0.03983801147228275,0.0,0.0,0.0,22.116159581306913
2025-12-07,32.741523251940954,-0.9049472212725282,37.597969093059824,32.74152324563691,32.7415232564623,-0.4484901427301805,-0.4484901427301805,-0.4484901427301805,-0.5294112982243294,-0.5294112982243294,-0.5294112982243294,0.08092115549414888,0.08092115549414888,0.08092115549414888,0.0,0.0,0.0,18.05727281547443
2025-12-08,32.779474667825454,27.241893744451705,64.61730263280432,32.77947465889244,32.7794746756728,0.4202874888244582,0.4202874888244582,0.4202874888244582,0.2958839603244121,0.2958839603244121,0.2958839603244121,0.12440352850004607,0.12440352850004607,0.12440352850004607,0.0,0.0,0.0,46.556277760950756
2025-12-09,32.81742608370996,26.7204471476702,64.97323407000705,32.81742607163496,32.81742609465816,0.4243041609053884,0.4243041609053884,0.4243041609053884,0.25467929484475416,0.25467929484475416,0.25467929484475416,0.16962486606063423,0.16962486606063423,0.16962486606063423,0.0,0.0,0.0,46.74199652123312
2025-12-10,32.85537749959446,27.838393505021436,62.57541565081069,32.855377483709894,32.85537751369652,0.37294766454572675,0.37294766454572675,0.37294766454572675,0.15707231992777088,0.15707231992777088,0.15707231992777088,0.21587534461795585,0.21587534461795585,0.21587534461795585,0.0,0.0,0.0,45.10871380583644
2025-12-11,32.89332891547897,26.44987486451454,64.86951795961102,32.89332889655976,32.893328933393555,0.3693228492694503,0.3693228492694503,0.3693228492694503,0.10691232479962529,0.10691232479962529,0.10691232479962529,0.262410524469825,0.262410524469825,0.262410524469825,0.0,0.0,0.0,45.04158687250086
2025-12-12,32.931280331363475,27.766723927064557,64.70520404075944,32.9312803086909,32.93128035338503,0.38690742420727414,0.38690742420727414,0.38690742420727414,0.07844012274157794,0.07844012274157794,0.07844012274157794,0.3084673014656962,0.3084673014656962,0.3084673014656962,0.0,0.0,0.0,45.672637180218985
2025-12-13,32.969231747247974,13.304399789884497,51.27770561664487,32.969231721447144,32.96923177331823,-0.010296223603907292,-0.010296223603907292,-0.010296223603907292,-0.36357672441192174,-0.36357672441192174,-0.36357672441192174,0.35328050080801443,0.35328050080801443,0.35328050080801443,0.0,0.0,0.0,32.62977316512927
2025-12-14,33.00718316313248,9.658665739013461,45.90637777144087,33.00718313308278,33.00718319280433,-0.13331157174050406,-0.13331157174050406,-0.13331157174050406,-0.5294112982240899,-0.5294112982240899,-0.5294112982240899,0.3960997264835859,0.3960997264835859,0.3960997264835859,0.0,0.0,0.0,28.60694369692859
2025-12-15,33.04513457901698,39.66288861917207,77.21141905494869,33.04513454518382,33.04513461302464,0.7320900296752495,0.7320900296752495,0.7320900296752495,0.29588396032475806,0.29588396032475806,0.29588396032475806,0.4362060693504915,0.4362060693504915,0.4362060693504915,0.0,0.0,0.0,57.237148133592136
2025-12-16,33.08308599490148,38.17751655739317,76.53454685945017,33.08308595606744,33.08308603378621,0.727607570995305,0.727607570995305,0.727607570995305,0.2546792948446612,0.2546792948446612,0.2546792948446612,0.4729282761506438,0.4729282761506438,0.4729282761506438,0.0,0.0,0.0,57.15458983668054
2025-12-17,33.12103741078599,35.585998385006256,72.68218832905936,33.121037367622684,33.121037454507835,0.6627303107394028,0.6627303107394028,0.6627303107394028,0.15707231992808454,0.15707231992808454,0.15707231992808454,0.5056579908113182,0.5056579908113182,0.5056579908113182,0.0,0.0,0.0,55.07135282604757
2025-12-18,33.158988826670495,34.60450254312507,72.64373775181531,33.158988779293544,33.158988876157885,0.6407760230089226,0.6407760230089226,0.6407760230089226,0.10691232479991639,0.10691232479991639,0.10691232479991639,0.5338636982090063,0.5338636982090063,0.5338636982090063,0.0,0.0,0.0,54.406473814021716
2025-12-19,33.196940242555,37.38143225531657,72.78167987830027,33.19694018998999,33.19694029747107,0.6355431514557605,0.6355431514557605,0.6355431514557605,0.07844012274113635,0.07844012274113635,0.07844012274113635,0.5571030287146241,0.5571030287146241,0.5571030287146241,0.0,0.0,0.0,54.295028262996965
2025-12-20,33.23489165843951,21.154064911372387,57.823255030641,33.234891598735516,33.23489172143488,0.21145639426460933,0.21145639426460933,0.21145639426460933,-0.36357672441275996,-0.36357672441275996,-0.36357672441275996,0.5750331186773693,0.5750331186773693,0.5750331186773693,0.0,0.0,0.0,40.262622012308064
2025-12-21,33.27284307432401,15.164347890243988,52.65483655934722,33.27284300898234,33.272843142465035,0.058007468469360376,0.058007468469360376,0.058007468469360376,-0.5294112982256837,-0.5294112982256837,-0.5294112982256837,0.587418766695044,0.587418766695044,0.587418766695044,0.0,0.0,0.0,35.202916469843835
2025-12-22,33.31079449020851,44.194660759141534,81.21362919908691,33.310794418650985,33.31079456210662,0.890022137309528,0.890022137309528,0.890022137309528,0.295883960325104,0.295883960325104,0.295883960325104,0.594138176984424,0.594138176984424,0.594138176984424,0.0,0.0,0.0,62.95813899786233
2025-12-23,33.348745906093015,42.5208326149051,80.85105086123849,33.3487458283797,33.348745984337434,0.849865433011337,0.849865433011337,0.849865433011337,0.2546792948443046,0.2546792948443046,0.2546792948443046,0.5951861381670324,0.5951861381670324,0.5951861381670324,0.0,0.0,0.0,61.690692285959805
2025-12-24,33.386697321977515,37.83490629070532,75.39230161903824,33.38669723894999,33.38669740797172,0.747746866851265,0.747746866851265,0.747746866851265,0.15707231992728574,0.15707231992728574,0.15707231992728574,0.5906745469239792,0.5906745469239792,0.5906745469239792,0.0,0.0,0.0,58.35149563899772
2025-12-25,33.42464873786202,37.357913173463764,74.48244885919259,33.42464864900138,33.42464883233027,0.6877425745366403,0.6877425745366403,0.6877425745366403,0.10691232480020747,0.10691232480020747,0.10691232480020747,0.5808302497364328,0.5808302497364328,0.5808302497364328,0.0,0.0,0.0,56.41220271382211
2025-12-26,33.46260015374653,38.237968052494196,73.16732860103062,33.462600058366434,33.462600253673486,0.6444303634712443,0.6444303634712443,0.6444303634712443,0.07844012274215545,0.07844012274215545,0.07844012274215545,0.5659902407290889,0.5659902407290889,0.5659902407290889,0.0,0.0,0.0,55.026915733518315
2025-12-27,33.50055156963103,19.909886740221,57.4131823271323,33.5005514680943,33.50055167810129,0.18301759343020096,0.18301759343020096,0.18301759343020096,-0.36357672441294064,-0.36357672441294064,-0.36357672441294064,0.5465943178431416,0.5465943178431416,0.5465943178431416,0.0,0.0,0.0,39.63174189648924
2025-12-28,33.53850298551553,13.172117086866574,52.79362734316103,33.538502877706286,33.5385031000295,-0.006235936655515653,-0.006235936655515653,-0.006235936655515653,-0.5294112982250341,-0.5294112982250341,-0.5294112982250341,0.5231753615695184,0.5231753615695184,0.5231753615695184,0.0,0.0,0.0,33.32935900537703
2025-12-29,33.576454401400035,42.18524920223109,79.36517084659162,33.57645428633592,33.576454523593455,0.7922314190170049,0.7922314190170049,0.7922314190170049,0.29588396032553116,0.29588396032553116,0.29588396032553116,0.49634745869147373,0.49634745869147373,0.49634745869147373,0.0,0.0,0.0,60.176776517380944
2025-12-30,33.614405817284535,39.509963914959336,74.94528068328628,33.614405696154286,33.614405946105144,0.7214714412913485,0.7214714412913485,0.7214714412913485,0.2546792948442117,0.2546792948442117,0.2546792948442117,0.4667921464471368,0.4667921464471368,0.4667921464471368,0.0,0.0,0.0,57.8662396304331
2025-12-31,33.65235723316904,35.622313533070006,71.92505544356496,33.652357104957865,33.65235736927193,0.5923154187856525,0.5923154187856525,0.5923154187856525,0.15707231992759943,0.15707231992759943,0.15707231992759943,0.4352430988580531,0.4352430988580531,0.4352430988580531,0.0,0.0,0.0,53.58516730085795
