ds,trend,yhat_lower,yhat_upper,trend_lower,trend_upper,multiplicative_terms,multiplicative_terms_lower,multiplicative_terms_upper,weekly,weekly_lower,weekly_upper,yearly,yearly_lower,yearly_upper,additive_terms,additive_terms_lower,additive_terms_upper,yhat
2025-01-01,48.01788915,39.97546805498785,68.46890997052687,48.01788915,48.01788915,0.13258902251349433,0.13258902251349433,0.13258902251349433,0.21236529192948456,0.21236529192948456,0.21236529192948456,-0.07977626941599024,-0.07977626941599024,-0.07977626941599024,0.0,0.0,0.0,54.384534135559825
2025-01-02,48.01394051591318,37.09040260836933,67.13235787191451,48.01394051591318,48.01394051591318,0.09107731588457608,0.09107731588457608,0.09107731588457608,0.17942236200030653,0.17942236200030653,0.17942236200030653,-0.08834504611573046,-0.08834504611573046,-0.08834504611573046,0.0,0.0,0.0,52.38692134314425
2025-01-03,48.009991881826345,29.81862743860236,60.93838697507232,48.009991881826345,48.009991881826345,-0.04047555765267262,-0.04047555765267262,-0.04047555765267262,0.055921080412546245,0.055921080412546245,0.055921080412546245,-0.09639663806521886,-0.09639663806521886,-0.09639663806521886,0.0,0.0,0.0,46.06676068750914
2025-01-04,48.00604324773953,8.50312309379694,37.291517228501476,48.00604324773953,48.00604324773953,-0.5443687191812503,-0.5443687191812503,-0.5443687191812503,-0.4404906467780852,-0.4404906467780852,-0.4404906467780852,-0.10387807240316506,-0.10387807240316506,-0.10387807240316506,0.0,0.0,0.0,21.87305497200785
2025-01-05,48.002094613652694,-0.8797253688186291,29.805888323380426,48.002094613652694,48.002094613652694,-0.7046592487099875,-0.7046592487099875,-0.7046592487099875,-0.5939217250773045,-0.5939217250773045,-0.5939217250773045,-0.11073752363268309,-0.11073752363268309,-0.11073752363268309,0.0,0.0,0.0,14.176974686690448
2025-01-06,47.99814597956587,41.7981367766317,70.76983596688504,47.99814597956587,47.99814597956587,0.1785990711749467,0.1785990711749467,0.1785990711749467,0.29552371244887615,0.29552371244887615,0.29552371244887615,-0.11692464127392944,-0.11692464127392944,-0.11692464127392944,0.0,0.0,0.0,56.57057026963584
2025-01-07,47.994197345479044,40.9664362563652,72.14799676138058,47.994197345479044,47.994197345479044,0.16878893625682873,0.16878893625682873,0.16878893625682873,0.29117992506417684,0.29117992506417684,0.29117992506417684,-0.12239098880734814,-0.12239098880734814,-0.12239098880734814,0.0,0.0,0.0,56.09508686192276
2025-01-08,47.99024871139221,36.68286234615048,68.43705535277101,47.99024871139221,47.99024871139221,0.08527470141981036,0.08527470141981036,0.08527470141981036,0.21236529192977713,0.21236529192977713,0.21236529192977713,-0.12709059050996677,-0.12709059050996677,-0.12709059050996677,0.0,0.0,0.0,52.08260284131862
2025-01-09,47.986300077305394,34.88270214321591,64.26277326150895,47.986300077305394,47.986300077305394,0.04844178453960094,0.04844178453960094,0.04844178453960094,0.17942236200005374,0.17942236200005374,0.17942236200005374,-0.1309805774604528,-0.1309805774604528,-0.1309805774604528,0.0,0.0,0.0,50.31084208650286
2025-01-10,47.98235144321857,28.223607619337194,58.197841884642905,47.98235144321857,47.98235144321857,-0.07810083843270536,-0.07810083843270536,-0.07810083843270536,0.05592108041279652,0.05592108041279652,0.05592108041279652,-0.13402191884550188,-0.13402191884550188,-0.13402191884550188,0.0,0.0,0.0,44.23488956553047
2025-01-11,47.97840280913174,4.9165043772116075,35.3066490715244,47.97840280913174,47.97840280913174,-0.5766708667077892,-0.5766708667077892,-0.5766708667077892,-0.4404906467789098,-0.4404906467789098,-0.4404906467789098,-0.13618021992887944,-0.13618021992887944,-0.13618021992887944,0.0,0.0,0.0,20.31065567793431
2025-01-12,47.97445417504491,-2.4224260228593506,27.453736230389154,47.97445417504491,47.97445417504491,-0.7313482888998473,-0.7313482888998473,-0.7313482888998473,-0.5939217250770066,-0.5939217250770066,-0.5939217250770066,-0.13742656382284063,-0.13742656382284063,-0.13742656382284063,0.0,0.0,0.0,12.888419203221682
2025-01-13,47.97050553829018,40.9798694242942,71.12977840363047,47.97050553829018,47.97050553829018,0.15778534175551256,0.15778534175551256,0.15778534175551256,0.29552371244930975,0.29552371244930975,0.29552371244930975,-0.1377383706937972,-0.1377383706937972,-0.1377383706937972,0.0,0.0,0.0,55.53954814883401
2025-01-14,47.966556901535455,41.45489619569243,70.29399763195472,47.966556901535455,47.966556901535455,0.15407967968699027,0.15407967968699027,0.15407967968699027,0.29117992506379203,0.29117992506379203,0.29117992506379203,-0.1371002453768018,-0.1371002453768018,-0.1371002453768018,0.0,0.0,0.0,55.357228624611835
2025-01-15,47.962608264780734,37.65399023835218,66.59042159393074,47.962608264780734,47.962608264780734,0.07686050924780054,0.07686050924780054,0.07686050924780054,0.21236529192954545,0.21236529192954545,0.21236529192954545,-0.1355047826817449,-0.1355047826817449,-0.1355047826817449,0.0,0.0,0.0,51.64903876086455
2025-01-16,47.958659628026005,34.47290890546731,64.79216067497582,47.958659628026005,47.958659628026005,0.04646906297196356,0.04646906297196356,0.04646906297196356,0.17942236199956513,0.17942236199956513,0.17942236199956513,-0.13295329902760158,-0.13295329902760158,-0.13295329902760158,0.0,0.0,0.0,50.18725360233171
2025-01-17,47.95471099127128,29.227997994126124,59.98840888791258,47.95471099127128,47.95471099127128,-0.07353537907705632,-0.07353537907705632,-0.07353537907705632,0.05592108041152657,0.05592108041152657,0.05592108041152657,-0.1294564594885829,-0.1294564594885829,-0.1294564594885829,0.0,0.0,0.0,44.428343139997466
2025-01-18,47.95076235451655,6.397995393980987,36.78677931943688,47.95076235451655,47.95076235451655,-0.5655254176655597,-0.5655254176655597,-0.5655254176655597,-0.440490646777889,-0.440490646777889,-0.440490646777889,-0.12503477088767065,-0.12503477088767065,-0.12503477088767065,0.0,0.0,0.0,20.83338744659658
2025-01-19,47.94681371776182,-0.7922758379019187,28.684527588815055,47.94681371776182,47.94681371776182,-0.7136406392814758,-0.7136406392814758,-0.7136406392814758,-0.5939217250767086,-0.5939217250767086,-0.5939217250767086,-0.11971891420476727,-0.11971891420476727,-0.11971891420476727,0.0,0.0,0.0,13.73001892470844
2025-01-20,47.9428650810071,40.61372706758208,72.37429676474534,47.9428650810071,47.9428650810071,0.1819738192311371,0.1819738192311371,0.1819738192311371,0.29552371244731496,0.29552371244731496,0.29552371244731496,-0.11354989321617787,-0.11354989321617787,-0.11354989321617787,0.0,0.0,0.0,56.66721134468108
2025-01-21,47.93891644425237,41.86735046070923,71.5733655335038,47.93891644425237,47.93891644425237,0.18460094421107223,0.18460094421107223,0.18460094421107223,0.2911799250634073,0.2911799250634073,0.2911799250634073,-0.10657898085233501,-0.10657898085233501,-0.10657898085233501,0.0,0.0,0.0,56.78848568431706
2025-01-22,47.93496780749764,37.87782799079341,68.43518483311998,47.93496780749764,47.93496780749764,0.11349784180550335,0.11349784180550335,0.11349784180550335,0.21236529192991338,0.21236529192991338,0.21236529192991338,-0.09886745012441002,-0.09886745012441002,-0.09886745012441002,0.0,0.0,0.0,53.3754832006649
2025-01-23,47.93101916254625,36.31200540507746,66.3847948905485,47.93101916254625,47.93101916254625,0.08893627953030521,0.08893627953030521,0.08893627953030521,0.1794223619998311,0.1794223619998311,0.1794223619998311,-0.0904860824695259,-0.0904860824695259,-0.0904860824695259,0.0,0.0,0.0,52.19382568095888
2025-01-24,47.927070517594856,32.008949259389404,61.46281282741477,47.927070517594856,47.927070517594856,-0.02559337240668272,-0.02559337240668272,-0.02559337240668272,0.055921080411776763,0.055921080411776763,0.055921080411776763,-0.08151445281845948,-0.08151445281845948,-0.08151445281845948,0.0,0.0,0.0,46.70045515347671
2025-01-25,47.923121872643456,8.306624291747239,38.382731754175644,47.923121872643456,47.923121872643456,-0.5125306441769449,-0.5125306441769449,-0.5125306441769449,-0.44049064677678895,-0.44049064677678895,-0.44049064677678895,-0.07203999740015601,-0.07203999740015601,-0.07203999740015601,0.0,0.0,0.0,23.361053348287268
2025-01-26,47.91917322769206,0.360204989703117,30.888523126316343,47.91917322769206,47.91917322769206,-0.6560786021299401,-0.6560786021299401,-0.6560786021299401,-0.5939217250764107,-0.5939217250764107,-0.5939217250764107,-0.062156877053529305,-0.062156877053529305,-0.062156877053529305,0.0,0.0,0.0,16.480429041245404
2025-01-27,47.91522458274066,43.96295406175789,74.26558194498627,47.91522458274066,47.91522458274066,0.24355905704517208,0.24355905704517208,0.24355905704517208,0.2955237124477485,0.2955237124477485,0.2955237124477485,-0.051964655402576415,-0.051964655402576415,-0.051964655402576415,0.0,0.0,0.0,59.58541150022062
2025-01-28,47.91127593778927,45.21626051511165,75.47567814549284,47.91127593778927,47.91127593778927,0.24961310761453903,0.24961310761453903,0.24961310761453903,0.2911799250636743,0.2911799250636743,0.2911799250636743,-0.04156681744913528,-0.04156681744913528,-0.04156681744913528,0.0,0.0,0.0,59.870558414398545
2025-01-29,47.90732729283788,42.23754268161255,72.34700325482186,47.90732729283788,47.90732729283788,0.18129613218223928,0.18129613218223928,0.18129613218223928,0.21236529192908216,0.21236529192908216,0.21236529192908216,-0.031069159746842864,-0.031069159746842864,-0.031069159746842864,0.0,0.0,0.0,56.592740434218015
2025-01-30,47.903378647886484,40.517152084806746,70.83569774378213,47.903378647886484,47.903378647886484,0.15884427385978225,0.15884427385978225,0.15884427385978225,0.17942236200009706,0.17942236200009706,0.17942236200009706,-0.020578088140314806,-0.020578088140314806,-0.020578088140314806,0.0,0.0,0.0,55.512556044640206
2025-01-31,47.89943000293509,34.913217932956734,63.82605262425479,47.89943000293509,47.89943000293509,0.04572221748883667,0.04572221748883667,0.04572221748883667,0.055921080413121986,0.055921080413121986,0.055921080413121986,-0.010198862924285323,-0.010198862924285323,-0.010198862924285323,0.0,0.0,0.0,50.0894981591206
2025-02-01,47.8954813579837,12.437811328431867,41.15896312904893,47.8954813579837,47.8954813579837,-0.4405244808232235,-0.4405244808232235,-0.4405244808232235,-0.44049064677699834,-0.44049064677699834,-0.44049064677699834,-3.383404622518335e-05,-3.383404622518335e-05,-3.383404622518335e-05,0.0,0.0,0.0,26.79634929897955
2025-02-02,47.8915327130323,4.799008545024376,35.29046786479842,47.8915327130323,47.8915327130323,-0.5841024356118717,-0.5841024356118717,-0.5841024356118717,-0.5939217250757646,-0.5939217250757646,-0.5939217250757646,0.009819289463892903,0.009819289463892903,0.009819289463892903,0.0,0.0,0.0,19.917971810164502
2025-02-03,47.88758407047971,46.97157120912252,77.88367303724725,47.88758407047971,47.88758407047971,0.31479280382566066,0.31479280382566066,0.31479280382566066,0.29552371244819453,0.29552371244819453,0.29552371244819453,0.01926909137746613,0.01926909137746613,0.01926909137746613,0.0,0.0,0.0,62.962250928463064
2025-02-04,47.88363542792712,49.27223772804735,79.69643978174027,47.88363542792712,47.88363542792712,0.3194119031205712,0.3194119031205712,0.3194119031205712,0.29117992506402246,0.29117992506402246,0.29117992506402246,0.028231978056548777,0.028231978056548777,0.028231978056548777,0.0,0.0,0.0,63.17823854829293
2025-02-05,47.87968678537453,46.38208167731552,74.56305725914353,47.87968678537453,47.87968678537453,0.2489988370367813,0.2489988370367813,0.2489988370367813,0.2123652919299742,0.2123652919299742,0.2123652919299742,0.036633545106807094,0.036633545106807094,0.036633545106807094,0.0,0.0,0.0,59.80167311261813
2025-02-06,47.87573814282194,43.469165155273636,74.09778862577957,47.87573814282194,47.87573814282194,0.22383210549872767,0.22383210549872767,0.22383210549872767,0.17942236200036304,0.17942236200036304,0.17942236200036304,0.04440974349836462,0.04440974349836462,0.04440974349836462,0.0,0.0,0.0,58.591865413635524
2025-02-07,47.87178950026935,38.329870135195286,69.36124616847343,47.87178950026935,47.87178950026935,0.10742889300613881,0.10742889300613881,0.10742889300613881,0.05592108041337226,0.05592108041337226,0.05592108041337226,0.05150781259276655,0.05150781259276655,0.05150781259276655,0.0,0.0,0.0,53.014602852506194
2025-02-08,47.86784085771676,14.842938003946948,43.78550243068311,47.86784085771676,47.86784085771676,-0.3826036933598156,-0.3826036933598156,-0.3826036933598156,-0.4404906467778229,-0.4404906467778229,-0.4404906467778229,0.05788695341800732,0.05788695341800732,0.05788695341800732,0.0,0.0,0.0,29.553428152394442
2025-02-09,47.86389221516417,6.941870616466403,37.24912558542957,47.86389221516417,47.86389221516417,-0.5304030027288895,-0.5304030027288895,-0.5304030027288895,-0.5939217250758149,-0.5939217250758149,-0.5939217250758149,0.0635187223469254,0.0635187223469254,0.0635187223469254,0.0,0.0,0.0,22.476740061949176
2025-02-10,47.859943572611584,49.992546765288836,80.35331231084037,47.859943572611584,47.859943572611584,0.36391084531783907,0.36391084531783907,0.36391084531783907,0.29552371244864056,0.29552371244864056,0.29552371244864056,0.06838713286919845,0.06838713286919845,0.06838713286919845,0.0,0.0,0.0,65.27669609498474
2025-02-11,47.85599493005899,49.79924014724649,80.82970410224023,47.85599493005899,47.85599493005899,0.36366838625521386,0.36366838625521386,0.36366838625521386,0.29117992506428936,0.29117992506428936,0.29117992506428936,0.0724884611909245,0.0724884611909245,0.0724884611909245,0.0,0.0,0.0,65.25970737891124
2025-02-12,47.852046287506404,46.51092274546028,76.52701438061995,47.852046287506404,47.852046287506404,0.2881960516428159,0.2881960516428159,0.2881960516428159,0.21236529192974257,0.21236529192974257,0.21236529192974257,0.07583075971307335,0.07583075971307335,0.07583075971307335,0.0,0.0,0.0,61.64281709059502
2025-02-13,47.84809764495382,45.77465312200504,75.43612211862552,47.84809764495382,47.84809764495382,0.2578554527878171,0.2578554527878171,0.2578554527878171,0.17942236199987444,0.17942236199987444,0.17942236199987444,0.07843309078794262,0.07843309078794262,0.07843309078794262,0.0,0.0,0.0,60.18599052822908
2025-02-14,47.844149000568734,39.2309061530334,69.39365916361085,47.844149000568734,47.844149000568734,0.13624558169188777,0.13624558169188777,0.13624558169188777,0.05592108041286238,0.05592108041286238,0.05592108041286238,0.08032450127902539,0.08032450127902539,0.08032450127902539,0.0,0.0,0.0,54.36270291170457
2025-02-15,47.84020035618366,14.95719245643649,44.997638876271786,47.84020035618366,47.84020035618366,-0.35894788067048206,-0.35894788067048206,-0.35894788067048206,-0.44049064677864747,-0.44049064677864747,-0.44049064677864747,0.08154276610816542,0.08154276610816542,0.08154276610816542,0.0,0.0,0.0,30.668061827480297
2025-02-16,47.836251711798575,7.970566106369602,37.96708250979514,47.836251711798575,47.836251711798575,-0.5117887891521743,-0.5117887891521743,-0.5117887891521743,-0.5939217250772459,-0.5939217250772459,-0.5939217250772459,0.08213293592507165,0.08213293592507165,0.08213293592507165,0.0,0.0,0.0,23.354194370638556
2025-02-17,47.8323030674135,50.06132066303916,81.173738590062,47.8323030674135,47.8323030674135,0.3776694425088737,0.3776694425088737,0.3776694425088737,0.29552371244908654,0.29552371244908654,0.29552371244908654,0.08214573005978715,0.08214573005978715,0.08214573005978715,0.0,0.0,0.0,65.89710230079903
2025-02-18,47.828354423028415,52.01190851240083,80.77662513008717,47.828354423028415,47.828354423028415,0.37281574588585664,0.37281574588585664,0.37281574588585664,0.29117992506390467,0.29117992506390467,0.29117992506390467,0.08163582082195206,0.08163582082195206,0.08163582082195206,0.0,0.0,0.0,65.65951805174286
2025-02-19,47.82440577864333,47.11509000884189,76.30463095690212,47.82440577864333,47.82440577864333,0.2930253507569406,0.2930253507569406,0.2930253507569406,0.21236529193011044,0.21236529193011044,0.21236529193011044,0.08066005882683017,0.08066005882683017,0.08066005882683017,0.0,0.0,0.0,61.83816905667255
2025-02-20,47.82045713425826,44.98559449192987,74.92762568883984,47.82045713425826,47.82045713425826,0.2586980532287894,0.2586980532287894,0.2586980532287894,0.17942236200089498,0.17942236200089498,0.17942236200089498,0.07927569122789438,0.07927569122789438,0.07927569122789438,0.0,0.0,0.0,60.19151629940165
2025-02-21,47.81650848987318,39.812506611385345,70.03130082067554,47.81650848987318,47.81650848987318,0.133459705845555,0.133459705845555,0.133459705845555,0.055921080413447496,0.055921080413447496,0.055921080413447496,0.07753862543210752,0.07753862543210752,0.07753862543210752,0.0,0.0,0.0,54.198085647493144
2025-02-22,47.812559845488096,15.224815692135417,45.592706896629686,47.812559845488096,47.812559845488096,-0.36498885675775633,-0.36498885675775633,-0.36498885675775633,-0.44049064677824185,-0.44049064677824185,-0.44049064677824185,0.07550179002048553,0.07550179002048553,0.07550179002048553,0.0,0.0,0.0,30.361508288821586
2025-02-23,47.80861120110302,8.248065299730511,37.64398304319027,47.80861120110302,47.80861120110302,-0.5207080828806567,-0.5207080828806567,-0.5207080828806567,-0.5939217250769481,-0.5939217250769481,-0.5939217250769481,0.07321364219629135,0.07321364219629135,0.07321364219629135,0.0,0.0,0.0,22.914280917389974
2025-02-24,47.80466255635037,49.11507997657607,79.2599853937722,47.80466255635037,47.80466255635037,0.3662405796313577,0.3662405796313577,0.3662405796313577,0.2955237124495202,0.2955237124495202,0.2955237124495202,0.07071686718183749,0.07071686718183749,0.07071686718183749,0.0,0.0,0.0,65.31266988006959
2025-02-25,47.80071391159772,49.83023895616346,79.79331245878419,47.80071391159772,47.80071391159772,0.3592272347405493,0.3592272347405493,0.3592272347405493,0.2911799250638457,0.2911799250638457,0.2911799250638457,0.06804730967670357,0.06804730967670357,0.06804730967670357,0.0,0.0,0.0,64.97203218868508
2025-02-26,47.79676526684507,47.03778716567065,76.40001244553895,47.79676526684507,47.79676526684507,0.2775984628417009,0.2775984628417009,0.2775984628417009,0.21236529193047837,0.21236529193047837,0.21236529193047837,0.06523317091122258,0.06523317091122258,0.06523317091122258,0.0,0.0,0.0,61.06507383372686
2025-02-27,47.792816622092424,44.22659071851768,73.85804169498716,47.792816622092424,47.792816622092424,0.2417168591547694,0.2417168591547694,0.2417168591547694,0.17942236199988756,0.17942236199988756,0.17942236199988756,0.062294497154881855,0.062294497154881855,0.062294497154881855,0.0,0.0,0.0,59.34514614614446
2025-02-28,47.78886797733977,37.79975065295934,68.0626437281133,47.78886797733977,47.78886797733977,0.11516405739576652,0.11516405739576652,0.11516405739576652,0.0559210804129376,0.0559210804129376,0.0559210804129376,0.05924297698282893,0.05924297698282893,0.05924297698282893,0.0,0.0,0.0,53.29242791196083
2025-03-01,47.78491933258712,15.097526583325749,43.91835501170826,47.78491933258712,47.78491933258712,-0.3844085913754526,-0.3844085913754526,-0.3844085913754526,-0.4404906467790664,-0.4404906467790664,-0.4404906467790664,0.05608205540361384,0.05608205540361384,0.05608205540361384,0.0,0.0,0.0,29.415985802957675
2025-03-02,47.780970687834476,6.748654747516103,36.58809230645506,47.780970687834476,47.780970687834476,-0.5411143617027038,-0.5411143617027038,-0.5411143617027038,-0.593921725076302,-0.593921725076302,-0.593921725076302,0.05280736337359819,0.05280736337359819,0.05280736337359819,0.0,0.0,0.0,21.926001232551325
2025-03-03,47.77702204308183,49.24499383682572,79.87755895447101,47.77702204308183,47.77702204308183,0.34493116399117785,0.34493116399117785,0.34493116399117785,0.29552371244753783,0.29552371244753783,0.29552371244753783,0.04940745154364002,0.04940745154364002,0.04940745154364002,0.0,0.0,0.0,64.2568058684342
2025-03-04,47.77307339832918,48.00865493638268,77.46371627200864,47.77307339832918,47.77307339832918,0.3370447326544495,0.3370447326544495,0.3370447326544495,0.2911799250645197,0.2911799250645197,0.2911799250645197,0.04586480758992982,0.04586480758992982,0.04586480758992982,0.0,0.0,0.0,63.87473614995043
2025-03-05,47.76912475357653,45.51433191921253,74.54962159208523,47.76912475357653,47.76912475357653,0.2545224193849843,0.2545224193849843,0.2545224193849843,0.2123652919296471,0.2123652919296471,0.2123652919296471,0.04215712745533726,0.04215712745533726,0.04215712745533726,0.0,0.0,0.0,59.92743795775996
2025-03-06,47.76517610882388,43.07311349071929,73.35446845161833,47.76517610882388,47.76517610882388,0.2176811645451675,0.2176811645451675,0.2176811645451675,0.17942236200015355,0.17942236200015355,0.17942236200015355,0.03825880254501397,0.03825880254501397,0.03825880254501397,0.0,0.0,0.0,58.162755268897676
2025-03-07,47.76122746440472,36.54132426992914,66.92684881578909,47.76122746440472,47.76122746440472,0.09006365805037522,0.09006365805037522,0.09006365805037522,0.05592108041318785,0.05592108041318785,0.05592108041318785,0.03414257763718738,0.03414257763718738,0.03414257763718738,0.0,0.0,0.0,52.06277832282506
2025-03-08,47.75727881998556,13.772847633999856,43.9851404581915,47.75727881998556,47.75727881998556,-0.410709318562427,-0.410709318562427,-0.410709318562427,-0.4404906467792759,-0.4404906467792759,-0.4404906467792759,0.029781328216848927,0.029781328216848927,0.029781328216848927,0.0,0.0,0.0,28.14291937943346
2025-03-09,47.753330175566404,5.3509130518346755,35.803331468195324,47.753330175566404,47.753330175566404,-0.5687718237618805,-0.5687718237618805,-0.5687718237618805,-0.5939217250756558,-0.5939217250756558,-0.5939217250756558,0.025149901313775213,0.025149901313775213,0.025149901313775213,0.0,0.0,0.0,20.592581480906258
2025-03-10,47.74938153114724,48.47817943271522,77.10478221463718,47.74938153114724,47.74938153114724,0.31575067333377627,0.31575067333377627,0.31575067333377627,0.2955237124479714,0.2955237124479714,0.2955237124479714,0.020226960885804918,0.020226960885804918,0.020226960885804918,0.0,0.0,0.0,62.826280900878366
2025-03-11,47.74543288672809,46.29213059429622,78.11304536196924,47.74543288672809,47.74543288672809,0.3061767025118274,0.3061767025118274,0.3061767025118274,0.29117992506446083,0.29117992506446083,0.29117992506446083,0.014996777447366565,0.014996777447366565,0.014996777447366565,0.0,0.0,0.0,62.363972087986255
2025-03-12,47.74148424230893,43.52349308926451,73.69424398387223,47.74148424230893,47.74148424230893,0.22181619399763183,0.22181619399763183,0.22181619399763183,0.21236529193001505,0.21236529193001505,0.21236529193001505,0.00945090206761678,0.00945090206761678,0.00945090206761678,0.0,0.0,0.0,58.3313185727358
2025-03-13,47.73753559788977,41.362139472127275,71.36183522821571,47.73753559788977,47.73753559788977,0.18301202906678485,0.18301202906678485,0.18301202906678485,0.17942236199966494,0.17942236199966494,0.17942236199966494,0.003589667067119908,0.003589667067119908,0.003589667067119908,0.0,0.0,0.0,56.47407885030745
2025-03-14,47.73358695347061,36.779953959216236,65.57788710802367,47.73358695347061,47.73358695347061,0.05334454010299675,0.05334454010299675,0.05334454010299675,0.05592108041267798,0.05592108041267798,0.05592108041267798,-0.002576540309681224,-0.002576540309681224,-0.002576540309681224,0.0,0.0,0.0,50.279913196969915
2025-03-15,47.72963830905145,12.348668117426037,42.76256381070998,47.72963830905145,47.72963830905145,-0.4495169261421357,-0.4495169261421357,-0.4495169261421357,-0.44049064677756056,-0.44049064677756056,-0.44049064677756056,-0.009026279364575153,-0.009026279364575153,-0.009026279364575153,0.0,0.0,0.0,26.274358010490722
2025-03-16,47.72568966463229,3.4154786424734223,33.93548554491336,47.72568966463229,47.72568966463229,-0.6096480986307455,-0.6096480986307455,-0.6096480986307455,-0.5939217250757062,-0.5939217250757062,-0.5939217250757062,-0.015726373555039388,-0.015726373555039388,-0.015726373555039388,0.0,0.0,0.0,18.62981370474819
2025-03-17,47.72174102021313,46.315786658615956,76.10637678289135,47.72174102021313,47.72174102021313,0.27289213566509624,0.27289213566509624,0.27289213566509624,0.29552371244842984,0.29552371244842984,0.29552371244842984,-0.022631576783333638,-0.022631576783333638,-0.022631576783333638,0.0,0.0,0.0,60.74462884487572
2025-03-18,47.71779237652698,46.19464647935393,75.20577765020445,47.71779237652698,47.71779237652698,0.2614953137251831,0.2614953137251831,0.2614953137251831,0.2911799250640761,0.2911799250640761,0.2911799250640761,-0.029684611338893063,-0.029684611338893063,-0.029684611338893063,0.0,0.0,0.0,60.19577146430006
2025-03-19,47.71384373284082,39.938230013861364,71.31185546627056,47.71384373284082,47.71384373284082,0.17554870187838223,0.17554870187838223,0.17554870187838223,0.21236529192978337,0.21236529192978337,0.21236529192978337,-0.036816590051401143,-0.036816590051401143,-0.036816590051401143,0.0,0.0,0.0,56.089947061769
2025-03-20,47.709895089154664,38.74593248716838,69.4021501790291,47.709895089154664,47.709895089154664,0.13547453776588295,0.13547453776588295,0.13547453776588295,0.17942236200016673,0.17942236200016673,0.17942236200016673,-0.043947824234283776,-0.043947824234283776,-0.043947824234283776,0.0,0.0,0.0,54.173371073216664
2025-03-21,47.70594644546851,31.98441299937184,63.13286638412772,47.70594644546851,47.70594644546851,0.004932072647530671,0.004932072647530671,0.004932072647530671,0.05592108041292824,0.05592108041292824,0.05592108041292824,-0.05098900776539757,-0.05098900776539757,-0.05098900776539757,0.0,0.0,0.0,47.94123563905677
2025-03-22,47.70199780178236,8.719336729251262,39.15949897130037,47.70199780178236,47.70199780178236,-0.4983334032626009,-0.4983334032626009,-0.4983334032626009,-0.44049064677777006,-0.44049064677777006,-0.44049064677777006,-0.05784275648483087,-0.05784275648483087,-0.05784275648483087,0.0,0.0,0.0,23.93049889479505
2025-03-23,47.698049158096204,0.4834017845165186,31.47551418154906,47.698049158096204,47.698049158096204,-0.6583271963846666,-0.6583271963846666,-0.6583271963846666,-0.5939217250750599,-0.5939217250750599,-0.5939217250750599,-0.06440547130960661,-0.06440547130960661,-0.06440547130960661,0.0,0.0,0.0,16.29712618282872
2025-03-24,47.694100514410046,42.97594029008643,75.26461173496394,47.694100514410046,47.694100514410046,0.22495422906294413,0.22495422906294413,0.22495422906294413,0.29552371244886333,0.29552371244886333,0.29552371244886333,-0.07056948338591923,-0.07056948338591923,-0.07056948338591923,0.0,0.0,0.0,58.42309012647972
2025-03-25,47.690151870723895,42.58471032095712,71.43698640688258,47.690151870723895,47.690151870723895,0.21495449454445778,0.21495449454445778,0.21495449454445778,0.29117992506401713,0.29117992506401713,0.29117992506401713,-0.0762254305195594,-0.0762254305195594,-0.0762254305195594,0.0,0.0,0.0,57.94136436084377
2025-03-26,47.686203227037744,38.46701066908497,68.45871593310285,47.686203227037744,47.686203227037744,0.1311004856110085,0.1311004856110085,0.1311004856110085,0.2123652919300759,0.2123652919300759,0.2123652919300759,-0.08126480631906736,-0.08126480631906736,-0.08126480631906736,0.0,0.0,0.0,53.93788762704764
2025-03-27,47.682254583351586,37.38826057589639,66.75580277545208,47.682254583351586,47.682254583351586,0.09383974480748822,0.09383974480748822,0.09383974480748822,0.17942236200043268,0.17942236200043268,0.17942236200043268,-0.08558261719294448,-0.08558261719294448,-0.08558261719294448,0.0,0.0,0.0,52.15674518529898
2025-03-28,47.67830593762609,31.591034275244745,61.56604389768641,47.67830593762609,47.67830593762609,-0.03315899735070428,-0.03315899735070428,-0.03315899735070428,0.05592108041165829,0.05592108041165829,0.05592108041165829,-0.08908007776236257,-0.08908007776236257,-0.08908007776236257,0.0,0.0,0.0,46.09734111735428
2025-03-29,47.6743572919006,6.828374526191737,36.82786371814382,47.6743572919006,47.6743572919006,-0.5321579193169154,-0.5321579193169154,-0.5321579193169154,-0.4404906467785946,-0.4404906467785946,-0.4404906467785946,-0.09166727253832077,-0.09166727253832077,-0.09166727253832077,0.0,0.0,0.0,22.304070510671565
2025-03-30,47.6704086461751,-0.898415238956506,30.93989558766409,47.6704086461751,47.6704086461751,-0.6871874360448597,-0.6871874360448597,-0.6871874360448597,-0.593921725074762,-0.593921725074762,-0.593921725074762,-0.09326571097009766,-0.09326571097009766,-0.09326571097009766,0.0,0.0,0.0,14.911902753399323
2025-03-31,47.666460000449604,40.86824745135838,73.63453821739226,47.666460000449604,47.666460000449604,0.2017130082015336,0.2017130082015336,0.2017130082015336,0.29552371244686865,0.29552371244686865,0.29552371244686865,-0.09381070424533508,-0.09381070424533508,-0.09381070424533508,0.0,0.0,0.0,57.28140503745836
2025-04-01,47.66251135472411,42.88220661173818,72.39516963735547,47.66251135472411,47.66251135472411,0.1979264295573786,0.1979264295573786,0.1979264295573786,0.2911799250636324,0.2911799250636324,0.2911799250636324,-0.09325349550625378,-0.09325349550625378,-0.09325349550625378,0.0,0.0,0.0,57.09618205090267
2025-04-02,47.658562708998616,37.909229879306956,68.550144425554,47.658562708998616,47.658562708998616,0.12080221155845074,0.12080221155845074,0.12080221155845074,0.21236529192984427,0.21236529192984427,0.21236529192984427,-0.09156308037139352,-0.09156308037139352,-0.09156308037139352,0.0,0.0,0.0,53.41582248394276
2025-04-03,47.65461406327312,37.38430645748844,67.28906759661358,47.65461406327312,47.65461406327312,0.09069470030073368,0.09069470030073368,0.09069470030073368,0.17942236200069864,0.17942236200069864,0.17942236200069864,-0.08872766169996496,-0.08872766169996496,-0.08872766169996496,0.0,0.0,0.0,51.976635003688806
2025-04-04,47.65066541754762,31.560806963060372,60.610593683913486,47.65066541754762,47.65066541754762,-0.028834610818035646,-0.028834610818035646,-0.028834610818035646,0.05592108041190849,0.05592108041190849,0.05592108041190849,-0.08475569122994414,-0.08475569122994414,-0.08475569122994414,0.0,0.0,0.0,46.276677025012205
2025-04-05,47.64671677182213,7.20936957023199,39.36601753253066,47.64671677182213,47.64671677182213,-0.5201671076200345,-0.5201671076200345,-0.5201671076200345,-0.4404906467788041,-0.4404906467788041,-0.4404906467788041,-0.0796764608412304,-0.0796764608412304,-0.0796764608412304,0.0,0.0,0.0,22.862461921032423
2025-04-06,47.642768126096634,0.5741322716189862,30.920136118376934,47.642768126096634,47.642768126096634,-0.6674619425527062,-0.6674619425527062,-0.6674619425527062,-0.5939217250765415,-0.5939217250765415,-0.5939217250765415,-0.07354021747616474,-0.07354021747616474,-0.07354021747616474,0.0,0.0,0.0,15.84303356406402
2025-04-07,47.63881948037114,45.15861352497614,74.3638698567993,47.63881948037114,47.63881948037114,0.22910592455506368,0.22910592455506368,0.22910592455506368,0.2955237124473146,0.2955237124473146,0.2955237124473146,-0.06641778789225096,-0.06641778789225096,-0.06641778789225096,0.0,0.0,0.0,58.55315526213335
2025-04-08,47.63487083242533,43.42123404245673,73.68766630724755,47.63487083242533,47.63487083242533,0.23278021296319418,0.23278021296319418,0.23278021296319418,0.29117992506389934,0.29117992506389934,0.29117992506389934,-0.05839971210070519,-0.05839971210070519,-0.05839971210070519,0.0,0.0,0.0,58.72332620927154
2025-04-09,47.630922184479516,40.718375192094996,71.22173131016301,47.630922184479516,47.630922184479516,0.16277039471645904,0.16277039471645904,0.16277039471645904,0.2123652919302121,0.2123652919302121,0.2123652919302121,-0.04959489721375308,-0.04959489721375308,-0.04959489721375308,0.0,0.0,0.0,55.383826189156196
2025-04-10,47.626973536533704,39.30152278071705,69.42613265491013,47.626973536533704,47.626973536533704,0.13929354586749468,0.13929354586749468,0.13929354586749468,0.17942236200021003,0.17942236200021003,0.17942236200021003,-0.040128816132715336,-0.040128816132715336,-0.040128816132715336,0.0,0.0,0.0,54.26110355937482
2025-04-11,47.62302488858789,34.14122954016482,64.01899119976841,47.62302488858789,47.62302488858789,0.025779792708059076,0.025779792708059076,0.025779792708059076,0.05592108041325372,0.05592108041325372,0.05592108041325372,-0.03014128770519465,-0.03014128770519465,-0.03014128770519465,0.0,0.0,0.0,48.85073659834642
2025-04-12,47.61907624064208,10.744802808007348,40.548324431539264,47.61907624064208,47.61907624064208,-0.4602745331063981,-0.4602745331063981,-0.4602745331063981,-0.44049064677962857,-0.44049064677962857,-0.44049064677962857,-0.019783886326769515,-0.019783886326769515,-0.019783886326769515,0.0,0.0,0.0,25.701228157022573
2025-04-13,47.61512759269626,4.055415431852733,35.14815603934769,47.61512759269626,47.61512759269626,-0.6031387642135735,-0.6031387642135735,-0.6031387642135735,-0.5939217250762435,-0.5939217250762435,-0.5939217250762435,-0.009217039137329918,-0.009217039137329918,-0.009217039137329918,0.0,0.0,0.0,18.896598378565812
2025-04-14,47.611178944750456,47.0990963143401,75.60960497177885,47.611178944750456,47.611178944750456,0.296916834764583,0.296916834764583,0.296916834764583,0.29552371244776066,0.29552371244776066,0.29552371244776066,0.0013931223168223306,0.0013931223168223306,0.0013931223168223306,0.0,0.0,0.0,61.74773949643592
2025-04-15,47.60723029680464,46.814534556576845,76.23177318505192,47.60723029680464,47.60723029680464,0.30305800713540243,0.30305800713540243,0.30305800713540243,0.29117992506351464,0.29117992506351464,0.29117992506351464,0.01187808207188781,0.01187808207188781,0.01187808207188781,0.0,0.0,0.0,62.034982635790406
2025-04-16,47.60328164885883,44.08576479578601,74.38471596310501,47.60328164885883,47.60328164885883,0.23443564433056074,0.23443564433056074,0.23443564433056074,0.21236529192990505,0.21236529192990505,0.21236529192990505,0.022070352400655698,0.022070352400655698,0.022070352400655698,0.0,0.0,0.0,58.763187654458214
2025-04-17,47.59933300091301,42.26045294573275,72.16542996363896,47.59933300091301,47.59933300091301,0.21122925910444748,0.21122925910444748,0.21122925910444748,0.17942236199972142,0.17942236199972142,0.17942236199972142,0.031806897104726055,0.031806897104726055,0.031806897104726055,0.0,0.0,0.0,57.65370484456175
2025-04-18,47.5953843529672,36.75205617506222,67.3566519801338,47.5953843529672,47.5953843529672,0.09685356294685285,0.09685356294685285,0.09685356294685285,0.055921080412743844,0.055921080412743844,0.055921080412743844,0.040932482534109,0.040932482534109,0.040932482534109,0.0,0.0,0.0,52.20516690737696
2025-04-19,47.591435706353,14.516334538808827,44.301039188058205,47.591435706353,47.591435706353,-0.39118777204482463,-0.39118777204482463,-0.39118777204482463,-0.44049064677922295,-0.44049064677922295,-0.44049064677922295,0.04930287473439833,0.04930287473439833,0.04930287473439833,0.0,0.0,0.0,28.974248003970253
2025-04-20,47.587487059738805,7.59228703839045,37.07938769138565,47.587487059738805,47.587487059738805,-0.5371339204758017,-0.5371339204758017,-0.5371339204758017,-0.5939217250759457,-0.5939217250759457,-0.5939217250759457,0.056787804600144064,0.056787804600144064,0.056787804600144064,0.0,0.0,0.0,22.026633569749823
2025-04-21,47.58353841312461,48.80934886692047,79.74326922569087,47.58353841312461,47.58353841312461,0.35879734092486804,0.35879734092486804,0.35879734092486804,0.2955237124481942,0.2955237124481942,0.2955237124481942,0.06327362847667382,0.06327362847667382,0.06327362847667382,0.0,0.0,0.0,64.65638546755002
2025-04-22,47.5795897665104,48.50994418521704,80.00467050015355,47.5795897665104,47.5795897665104,0.3598455442231888,0.3598455442231888,0.3598455442231888,0.29117992506418866,0.29117992506418866,0.29117992506418866,0.0686656191590002,0.0686656191590002,0.0686656191590002,0.0,0.0,0.0,64.70089313995639
2025-04-23,47.575641119896204,45.91614057786443,76.26910955567847,47.575641119896204,47.575641119896204,0.2852551234166504,0.2852551234166504,0.2852551234166504,0.212365291930273,0.212365291930273,0.212365291930273,0.0728898314863774,0.0728898314863774,0.0728898314863774,0.0,0.0,0.0,61.14683649917847
2025-04-24,47.571692473282006,44.312900901316475,74.9095955355926,47.571692473282006,47.571692473282006,0.2553168594804005,0.2553168594804005,0.2553168594804005,0.1794223619999874,0.1794223619999874,0.1794223619999874,0.07589449748041308,0.07589449748041308,0.07589449748041308,0.0,0.0,0.0,59.71754759572777
2025-04-25,47.5677438266678,38.93801500710117,69.26413809847905,47.5677438266678,47.5677438266678,0.13357199834730124,0.13357199834730124,0.13357199834730124,0.055921080412234,0.055921080412234,0.055921080412234,0.07765091793506723,0.07765091793506723,0.07765091793506723,0.0,0.0,0.0,53.92146242646832
2025-04-26,47.56379518005361,14.745756940035868,47.115965291092095,47.56379518005361,47.56379518005361,-0.3623368165652745,-0.3623368165652745,-0.3623368165652745,-0.4404906467800475,-0.4404906467800475,-0.4404906467800475,0.07815383021477303,0.07815383021477303,0.07815383021477303,0.0,0.0,0.0,30.32968105075024
2025-04-27,47.55984653343941,8.050514539125878,38.08196110463204,47.55984653343941,47.55984653343941,-0.5165004796720664,-0.5165004796720664,-0.5165004796720664,-0.593921725077725,-0.593921725077725,-0.593921725077725,0.07742124540565866,0.07742124540565866,0.07742124540565866,0.0,0.0,0.0,22.99516298578809
2025-04-28,47.55589788682521,49.99827265524545,80.04554082702285,47.55589788682521,47.55589788682521,0.37101747397832846,0.37101747397832846,0.37101747397832846,0.2955237124486278,0.2955237124486278,0.2955237124486278,0.0754937615297007,0.0754937615297007,0.0754937615297007,0.0,0.0,0.0,65.19996699356642
2025-04-29,47.55194924100152,49.89715585294963,79.34159268542484,47.55194924100152,47.55194924100152,0.36361329796871283,0.36361329796871283,0.36361329796871283,0.29117992506412976,0.29117992506412976,0.29117992506412976,0.07243337290458308,0.07243337290458308,0.07243337290458308,0.0,0.0,0.0,64.84247032936291
2025-04-30,47.54800059517784,45.686003141946074,76.33761042074813,47.54800059517784,47.54800059517784,0.2806871004777535,0.2806871004777535,0.2806871004777535,0.21236529192944173,0.21236529192944173,0.21236529192944173,0.0683218085483118,0.0683218085483118,0.0683218085483118,0.0,0.0,0.0,60.894111015752806
2025-05-01,47.54405194935415,44.23231721288329,74.19842299847316,47.54405194935415,47.54405194935415,0.24268080643786885,0.24268080643786885,0.24268080643786885,0.17942236200025338,0.17942236200025338,0.17942236200025338,0.06325844443761548,0.06325844443761548,0.06325844443761548,0.0,0.0,0.0,59.08208081774735
2025-05-02,47.540103303530465,37.60301777298181,67.12843188645654,47.540103303530465,47.540103303530465,0.11327892552266237,0.11327892552266237,0.11327892552266237,0.05592108041248424,0.05592108041248424,0.05592108041248424,0.057357845110178135,0.057357845110178135,0.057357845110178135,0.0,0.0,0.0,52.925395124990764
2025-05-03,47.53615465770678,14.113114328734092,44.56498195551103,47.53615465770678,47.53615465770678,-0.38974364751732865,-0.38974364751732865,-0.38974364751732865,-0.4404906467777171,-0.4404906467777171,-0.4404906467777171,0.05074699926038847,0.05074699926038847,0.05074699926038847,0.0,0.0,0.0,29.009240352464293
2025-05-04,47.5322060118831,6.556699536253009,37.574005242817876,47.5322060118831,47.5322060118831,-0.5503594037059285,-0.5503594037059285,-0.5503594037059285,-0.5939217250770789,-0.5939217250770789,-0.5939217250770789,0.043562321371150396,0.043562321371150396,0.043562321371150396,0.0,0.0,0.0,21.372409454355765
2025-05-05,47.528257366059414,47.88244391557668,77.75622250586805,47.528257366059414,47.528257366059414,0.3314702092983616,0.3314702092983616,0.3314702092983616,0.2955237124490738,0.2955237124490738,0.2955237124490738,0.03594649684928772,0.03594649684928772,0.03594649684928772,0.0,0.0,0.0,63.28245878277353
2025-05-06,47.52430872023573,47.417470756011646,76.11152849929162,47.52430872023573,47.52430872023573,0.3192251765118238,0.3192251765118238,0.3192251765118238,0.2911799250640708,0.2911799250640708,0.2911799250640708,0.02804525144775301,0.02804525144775301,0.02804525144775301,0.0,0.0,0.0,62.695264560055385
2025-05-07,47.52036007441205,43.61245143046295,73.12724624634453,47.52036007441205,47.52036007441205,0.23236941880741416,0.23236941880741416,0.23236941880741416,0.21236529192980963,0.21236529192980963,0.21236529192980963,0.020004126877604517,0.020004126877604517,0.020004126877604517,0.0,0.0,0.0,58.56263852642222
2025-05-08,47.51641142858836,41.191799295802326,71.88093445108467,47.51641142858836,47.51641142858836,0.1913877054140686,0.1913877054140686,0.1913877054140686,0.17942236200000056,0.17942236200000056,0.17942236200000056,0.01196534341406804,0.01196534341406804,0.01196534341406804,0.0,0.0,0.0,56.610468381416716
2025-05-09,47.51246278276468,35.89060303915213,65.96617668920226,47.51246278276468,47.51246278276468,0.05998590743616716,0.05998590743616716,0.05998590743616716,0.055921080412734525,0.055921080412734525,0.055921080412734525,0.004064827023432645,0.004064827023432645,0.004064827023432645,0.0,0.0,0.0,50.362540977315945
2025-05-10,47.508514136867134,10.531624236004392,42.03348975484665,47.508514136867134,47.508514136867134,-0.4440611736003366,-0.4440611736003366,-0.4440611736003366,-0.44049064677854166,-0.44049064677854166,-0.44049064677854166,-0.0035705268217949455,-0.0035705268217949455,-0.0035705268217949455,0.0,0.0,0.0,26.411827593241732
2025-05-11,47.5045654909696,3.162993319747154,34.69348338692984,47.5045654909696,47.5045654909696,-0.6047470128290275,-0.6047470128290275,-0.6047470128290275,-0.5939217250771294,-0.5939217250771294,-0.5939217250771294,-0.010825287751898161,-0.010825287751898161,-0.010825287751898161,0.0,0.0,0.0,18.776321414564826
2025-05-12,47.50061684507206,44.98389699385471,75.83591892206493,47.50061684507206,47.50061684507206,0.2779261448118464,0.2779261448118464,0.2779261448118464,0.29552371244951986,0.29552371244951986,0.29552371244951986,-0.017597567637673457,-0.017597567637673457,-0.017597567637673457,0.0,0.0,0.0,60.702280161007586
2025-05-13,47.49666819917452,45.312029620749456,75.09863638461131,47.49666819917452,47.49666819917452,0.2673792302587116,0.2673792302587116,0.2673792302587116,0.29117992506368606,0.29117992506368606,0.29117992506368606,-0.02380069480497444,-0.02380069480497444,-0.02380069480497444,0.0,0.0,0.0,60.196290782123235
2025-05-14,47.492719553276984,42.32211741267368,70.4756845135529,47.492719553276984,47.492719553276984,0.18300084045973658,0.18300084045973658,0.18300084045973658,0.21236529192957798,0.21236529192957798,0.21236529192957798,-0.02936445146984142,-0.02936445146984142,-0.02936445146984142,0.0,0.0,0.0,56.183927147245235
2025-05-15,47.48877090737944,38.98740159887656,69.60103228715978,47.48877090737944,47.48877090737944,0.14518650904270386,0.14518650904270386,0.14518650904270386,0.17942236199951195,0.17942236199951195,0.17942236199951195,-0.03423585295680809,-0.03423585295680809,-0.03423585295680809,0.0,0.0,0.0,54.38349977415057
2025-05-16,47.4848222614819,33.073583822120284,63.90127155839376,47.4848222614819,47.4848222614819,0.017541620264604183,0.017541620264604183,0.017541620264604183,0.05592108041222467,0.05592108041222467,0.05592108041222467,-0.03837946014762049,-0.03837946014762049,-0.03837946014762049,0.0,0.0,0.0,48.31778298192504
2025-05-17,47.480873615584365,8.821722994471022,39.23096280663624,47.480873615584365,47.480873615584365,-0.48226787637729673,-0.48226787637729673,-0.48226787637729673,-0.44049064677875116,-0.44049064677875116,-0.44049064677875116,-0.041777229598545566,-0.041777229598545566,-0.041777229598545566,0.0,0.0,0.0,24.582373528457673
2025-05-18,47.47692496968683,2.0362701761876516,32.55014810525113,47.47692496968683,47.47692496968683,-0.638349643564223,-0.638349643564223,-0.638349643564223,-0.5939217250764831,-0.5939217250764831,-0.5939217250764831,-0.04442791848773983,-0.04442791848773983,-0.04442791848773983,0.0,0.0,0.0,17.170046837761884
2025-05-19,47.47297632378929,44.48788986496418,74.8814492458313,47.47297632378929,47.47297632378929,0.24917763879037746,0.24917763879037746,0.24917763879037746,0.295523712447525,0.295523712447525,0.295523712447525,-0.046346073657147546,-0.046346073657147546,-0.046346073657147546,0.0,0.0,0.0,59.3021804705026
2025-05-20,47.46902767789175,43.31902362875333,74.26453399022023,47.46902767789175,47.46902767789175,0.24361927991181362,0.24361927991181362,0.24361927991181362,0.29117992506468593,0.29117992506468593,0.29117992506468593,-0.04756064515287228,-0.04756064515287228,-0.04756064515287228,0.0,0.0,0.0,59.033398018893685
2025-05-21,47.4650790356773,41.337507411967685,70.1010824616018,47.4650790356773,47.4650790356773,0.16425201739616022,0.16425201739616022,0.16425201739616022,0.21236529192994594,0.21236529192994594,0.21236529192994594,-0.04811327453378573,-0.04811327453378573,-0.04811327453378573,0.0,0.0,0.0,55.261314023155485
2025-05-22,47.46113039346284,38.95979739065052,69.03933559905916,47.46113039346284,47.46113039346284,0.13136604546253322,0.13136604546253322,0.13136604546253322,0.1794223620005325,0.1794223620005325,0.1794223620005325,-0.04805631653799927,-0.04805631653799927,-0.04805631653799927,0.0,0.0,0.0,53.695911406433694
2025-05-23,47.457181751248385,33.990291227575966,63.65520333283842,47.457181751248385,47.457181751248385,0.008470421171317865,0.008470421171317865,0.008470421171317865,0.05592108041171476,0.05592108041171476,0.05592108041171476,-0.04745065924039689,-0.04745065924039689,-0.04745065924039689,0.0,0.0,0.0,47.85916406828524
2025-05-24,47.453233109033924,8.493185374867993,38.48951102546411,47.453233109033924,47.453233109033924,-0.48685405920392133,-0.48685405920392133,-0.48685405920392133,-0.44049064677703587,-0.44049064677703587,-0.44049064677703587,-0.046363412426885506,-0.046363412426885506,-0.046363412426885506,0.0,0.0,0.0,24.350433947550844
2025-05-25,47.44928446681947,3.0833000624408684,33.425938400517694,47.44928446681947,47.44928446681947,-0.6387872615074571,-0.6387872615074571,-0.6387872615074571,-0.5939217250761852,-0.5939217250761852,-0.5939217250761852,-0.04486553643127185,-0.04486553643127185,-0.04486553643127185,0.0,0.0,0.0,17.13928598177154
2025-05-26,47.44533582460502,44.60994376213684,74.82054649292513,47.44533582460502,47.44533582460502,0.25249422837804697,0.25249422837804697,0.25249422837804697,0.29552371244795866,0.29552371244795866,0.29552371244795866,-0.043029484069911667,-0.043029484069911667,-0.043029484069911667,0.0,0.0,0.0,59.425009283775964
2025-05-27,47.44138718239056,44.911067831407955,74.46894982663305,47.44138718239056,47.44138718239056,0.2502529984957934,0.2502529984957934,0.2502529984957934,0.29117992506430124,0.29117992506430124,0.29117992506430124,-0.040926926568507854,-0.040926926568507854,-0.040926926568507854,0.0,0.0,0.0,59.31373657758369
2025-05-28,47.437438540176096,40.83551674389371,70.43130791669981,47.437438540176096,47.437438540176096,0.17373866136081295,0.17373866136081295,0.17373866136081295,0.21236529192971426,0.21236529192971426,0.21236529192971426,-0.038626630568901296,-0.038626630568901296,-0.038626630568901296,0.0,0.0,0.0,55.67915561053213
2025-05-29,47.43348989796164,37.91052392728432,69.55858998162391,47.43348989796164,47.43348989796164,0.14322981444585367,0.14322981444585367,0.14322981444585367,0.17942236200004388,0.17942236200004388,0.17942236200004388,-0.03619254755419023,-0.03619254755419023,-0.03619254755419023,0.0,0.0,0.0,54.22737985456597
2025-05-30,47.42954125574718,33.9245579329326,63.000312092740046,47.42954125574718,47.42954125574718,0.022238910895352574,0.022238910895352574,0.022238910895352574,0.05592108041229987,0.05592108041229987,0.05592108041229987,-0.0336821695169473,-0.0336821695169473,-0.0336821695169473,0.0,0.0,0.0,48.4843225975412
2025-05-31,47.42559261353273,10.881532087957055,41.02893378097109,47.42559261353273,47.42559261353273,-0.4716358424255916,-0.4716358424255916,-0.4716358424255916,-0.4404906467772453,-0.4404906467772453,-0.4404906467772453,-0.031145195648346252,-0.031145195648346252,-0.031145195648346252,0.0,0.0,0.0,25.057983288716308
2025-06-01,47.421643975387134,2.2657787687152076,32.075603476176326,47.421643975387134,47.421643975387134,-0.6225442695940658,-0.6225442695940658,-0.6225442695940658,-0.593921725075539,-0.593921725075539,-0.593921725075539,-0.0286225445185269,-0.0286225445185269,-0.0286225445185269,0.0,0.0,0.0,17.89957126377992
2025-06-02,47.41769533724155,45.2703928279699,74.82038426848355,47.41769533724155,47.41769533724155,0.2693779774872407,0.2693779774872407,0.2693779774872407,0.2955237124484171,0.2955237124484171,0.2955237124484171,-0.026145734961176427,-0.026145734961176427,-0.026145734961176427,0.0,0.0,0.0,60.190978204293835
2025-06-03,47.41374669909595,43.50461358359602,75.60687516943793,47.41374669909595,47.41374669909595,0.26744327805901846,0.26744327805901846,0.26744327805901846,0.2911799250645682,0.2911799250645682,0.2911799250645682,-0.023736647005549755,-0.023736647005549755,-0.023736647005549755,0.0,0.0,0.0,60.09423454136215
2025-06-04,47.409798060950365,40.34997500239676,71.56883735272176,47.409798060950365,47.409798060950365,0.19095762986049286,0.19095762986049286,0.19095762986049286,0.21236529193000675,0.21236529193000675,0.21236529193000675,-0.021407662069513906,-0.021407662069513906,-0.021407662069513906,0.0,0.0,0.0,56.46306073083404
2025-06-05,47.40584942280477,40.98299827360492,70.12845088019557,47.40584942280477,47.40584942280477,0.16026019239946032,0.16026019239946032,0.16026019239946032,0.17942236200030987,0.17942236200030987,0.17942236200030987,-0.01916216960084953,-0.01916216960084953,-0.01916216960084953,0.0,0.0,0.0,55.00311997216331
2025-06-06,47.401900784659176,34.95260102937792,64.2746278955428,47.401900784659176,47.401900784659176,0.03892566462567572,0.03892566462567572,0.03892566462567572,0.05592108041255009,0.05592108041255009,0.05592108041255009,-0.01699541578687437,-0.01699541578687437,-0.01699541578687437,0.0,0.0,0.0,49.247051277222376
2025-06-07,47.39795214651358,10.446102052132439,40.0488388151068,47.39795214651358,47.39795214651358,-0.45538630596709206,-0.45538630596709206,-0.45538630596709206,-0.4404906467780699,-0.4404906467780699,-0.4404906467780699,-0.014895659189022126,-0.014895659189022126,-0.014895659189022126,0.0,0.0,0.0,25.81357380810776
2025-06-08,47.39400350836799,4.448760721784071,33.8738999383106,47.39400350836799,47.39400350836799,-0.6067673135935715,-0.6067673135935715,-0.6067673135935715,-0.5939217250752411,-0.5939217250752411,-0.5939217250752411,-0.01284558851833043,-0.01284558851833043,-0.01284558851833043,0.0,0.0,0.0,18.63687131915124
2025-06-09,47.3900548702224,46.57890827635359,75.64355968635178,47.3900548702224,47.3900548702224,0.2846997629132733,0.2846997629132733,0.2846997629132733,0.2955237124488507,0.2955237124488507,0.2955237124488507,-0.010823949535577346,-0.010823949535577346,-0.010823949535577346,0.0,0.0,0.0,60.88199225622173
2025-06-10,47.386106232076806,44.528100778631284,75.32509288717743,47.386106232076806,47.386106232076806,0.28237260358156807,0.28237260358156807,0.28237260358156807,0.2911799250641834,0.2911799250641834,0.2911799250641834,-0.008807321482615312,-0.008807321482615312,-0.008807321482615312,0.0,0.0,0.0,60.7666444224211
2025-06-11,47.38215759569577,41.85109735426965,72.6540095464332,47.38215759569577,47.38215759569577,0.20559331320816934,0.20559331320816934,0.20559331320816934,0.21236529192977513,0.21236529192977513,0.21236529192977513,-0.0067719787216057765,-0.0067719787216057765,-0.0067719787216057765,0.0,0.0,0.0,57.12361236274649
2025-06-12,47.37820895931474,40.55547573145587,70.74766952188568,47.37820895931474,47.37820895931474,0.17472659147790032,0.17472659147790032,0.17472659147790032,0.17942236199982126,0.17942236199982126,0.17942236199982126,-0.0046957705219209285,-0.0046957705219209285,-0.0046957705219209285,0.0,0.0,0.0,55.65644192110353
2025-06-13,47.374260322933715,35.1750548556307,64.10943452917085,47.374260322933715,47.374260322933715,0.053361129143202665,0.053361129143202665,0.053361129143202665,0.05592108041204023,0.05592108041204023,0.05592108041204023,-0.00255995126883757,-0.00255995126883757,-0.00255995126883757,0.0,0.0,0.0,49.902204346089476
2025-06-14,47.37031168655268,12.1448166069556,41.72273709667248,47.37031168655268,47.37031168655268,-0.4408415415765111,-0.4408415415765111,-0.4408415415765111,-0.44049064677766425,-0.44049064677766425,-0.44049064677766425,-0.00035089479884688884,-0.00035089479884688884,-0.00035089479884688884,0.0,0.0,0.0,26.487510457692977
2025-06-15,47.36636305017165,3.857384105529537,33.79798694886839,47.36636305017165,47.36636305017165,-0.5919833551279692,-0.5919833551279692,-0.5919833551279692,-0.5939217250770206,-0.5939217250770206,-0.5939217250770206,0.001938369949051364,0.001938369949051364,0.001938369949051364,0.0,0.0,0.0,19.32626453152157
2025-06-16,47.36241441379062,46.50126523839269,76.62489482881908,47.36241441379062,47.36241441379062,0.299830571785064,0.299830571785064,0.299830571785064,0.2955237124468683,0.2955237124468683,0.2955237124468683,0.004306859338195669,0.004306859338195669,0.004306859338195669,0.0,0.0,0.0,61.56311420859861
2025-06-17,47.35846577740959,47.69542409719459,76.45014052572215,47.35846577740959,47.35846577740959,0.297924546697733,0.297924546697733,0.297924546697733,0.2911799250637987,0.2911799250637987,0.2911799250637987,0.006744621633934286,0.006744621633934286,0.006744621633934286,0.0,0.0,0.0,61.46771522644444
2025-06-18,47.35451714102855,42.514240313383155,72.53388378283857,47.35451714102855,47.35451714102855,0.2215973430496101,0.2215973430496101,0.2215973430496101,0.21236529193014297,0.21236529193014297,0.21236529193014297,0.009232051119467087,0.009232051119467087,0.009232051119467087,0.0,0.0,0.0,57.848152320877695
2025-06-19,47.35056850464752,41.136481418912425,71.49886637958065,47.35056850464752,47.35056850464752,0.19116192290861608,0.19116192290861608,0.19116192290861608,0.1794223620000872,0.1794223620000872,0.1794223620000872,0.01173956090852886,0.01173956090852886,0.01173956090852886,0.0,0.0,0.0,56.40219423081209
2025-06-20,47.34661986826649,35.248661288924765,65.37673201986577,47.34661986826649,47.34661986826649,0.07014871488252322,0.07014871488252322,0.07014871488252322,0.05592108041414561,0.05592108041414561,0.05592108041414561,0.014227634468377597,0.014227634468377597,0.014227634468377597,0.0,0.0,0.0,50.66792440605673
2025-06-21,47.342671231885454,11.496259034349322,42.63706792658474,47.342671231885454,47.342671231885454,-0.4238433827751039,-0.4238433827751039,-0.4238433827751039,-0.4404906467784887,-0.4404906467784887,-0.4404906467784887,0.01664726400338486,0.01664726400338486,0.01664726400338486,0.0,0.0,0.0,27.276793307353525
2025-06-22,47.33872259653449,5.713538031680871,34.505810794158265,47.33872259653449,47.33872259653449,-0.5749809534354893,-0.5749809534354893,-0.5749809534354893,-0.5939217250767226,-0.5939217250767226,-0.5939217250767226,0.018940771641233367,0.018940771641233367,0.018940771641233367,0.0,0.0,0.0,20.119858743560947
2025-06-23,47.33477396118352,46.946511690875646,77.91682783820268,47.33477396118352,47.33477396118352,0.31656670961998395,0.31656670961998395,0.31656670961998395,0.2955237124473019,0.2955237124473019,0.2955237124473019,0.021042997172682078,0.021042997172682078,0.021042997172682078,0.0,0.0,0.0,62.31938760468109
2025-06-24,47.330825325832556,47.487014746917325,77.49951451957192,47.330825325832556,47.330825325832556,0.3140627493474643,0.3140627493474643,0.3140627493474643,0.29117992506373974,0.29117992506373974,0.29117992506373974,0.02288282428372455,0.02288282428372455,0.02288282428372455,0.0,0.0,0.0,62.195674456548126
2025-06-25,47.32687669048159,43.829645696491525,73.26858873813659,47.32687669048159,47.32687669048159,0.2367502980708966,0.2367502980708966,0.2367502980708966,0.2123652919293117,0.2123652919293117,0.2123652919293117,0.024385006141584925,0.024385006141584925,0.024385006141584925,0.0,0.0,0.0,58.53152885371768
2025-06-26,47.32292805513062,41.34169130384356,72.79121417525648,47.32292805513062,47.32292805513062,0.20489460318301975,0.20489460318301975,0.20489460318301975,0.1794223619998344,0.1794223619998344,0.1794223619998344,0.025472241183185328,0.025472241183185328,0.025472241183185328,0.0,0.0,0.0,57.01914062044519
2025-06-27,47.31897941977965,36.434498727229325,67.0875019576533,47.31897941977965,47.31897941977965,0.08198852172468071,0.08198852172468071,0.08198852172468071,0.05592108041287559,0.05592108041287559,0.05592108041287559,0.02606744131180512,0.02606744131180512,0.02606744131180512,0.0,0.0,0.0,51.19859259192798
2025-06-28,47.315030784428686,12.059605986225417,41.12301624574471,47.315030784428686,47.315030784428686,-0.41439451908139296,-0.41439451908139296,-0.41439451908139296,-0.44049064677931343,-0.44049064677931343,-0.44049064677931343,0.02609612769792045,0.02609612769792045,0.02609612769792045,0.0,0.0,0.0,27.70794135719406
2025-06-29,47.31108214907772,3.718331141895462,35.72618820306171,47.31108214907772,47.31108214907772,-0.5684328408534008,-0.5684328408534008,-0.5684328408534008,-0.5939217250760764,-0.5939217250760764,-0.5939217250760764,0.025488884222675555,0.025488884222675555,0.025488884222675555,0.0,0.0,0.0,20.41790931922885
2025-06-30,47.307133513726754,48.22376902196859,77.0659296852051,47.307133513726754,47.307133513726754,0.3197075079077597,0.3197075079077597,0.3197075079077597,0.2955237124477479,0.2955237124477479,0.2955237124477479,0.024183795460011835,0.024183795460011835,0.024183795460011835,0.0,0.0,0.0,62.43157927565999
2025-07-01,47.30318487837578,47.29554571579099,76.46412776753675,47.30318487837578,47.30318487837578,0.3133087201396408,0.3133087201396408,0.3133087201396408,0.29117992506408785,0.29117992506408785,0.29117992506408785,0.022128795075552918,0.022128795075552918,0.022128795075552918,0.0,0.0,0.0,62.1236851911485
2025-07-02,47.29923624302481,44.07237817970554,73.2753097329701,47.29923624302481,47.29923624302481,0.23164914360072647,0.23164914360072647,0.23164914360072647,0.21236529192967962,0.21236529192967962,0.21236529192967962,0.01928385167104684,0.01928385167104684,0.01928385167104684,0.0,0.0,0.0,58.25606381168995
2025-07-03,47.29528760662304,41.258172728274864,72.01121572743808,47.29528760662304,47.29528760662304,0.195045284407073,0.195045284407073,0.195045284407073,0.17942236200085496,0.17942236200085496,0.17942236200085496,0.015622922406218038,0.015622922406218038,0.015622922406218038,0.0,0.0,0.0,56.52001042897114
2025-07-04,47.29133897022127,35.16587597080893,64.90961536266025,47.29133897022127,47.29133897022127,0.06705669052043327,0.06705669052043327,0.06705669052043327,0.055921080413125865,0.055921080413125865,0.055921080413125865,0.011135610107307407,0.011135610107307407,0.011135610107307407,0.0,0.0,0.0,50.4625396518443
2025-07-05,47.2873903338195,12.005367514153315,42.91003449985175,47.2873903338195,47.2873903338195,-0.4346621798981922,-0.4346621798981922,-0.4346621798981922,-0.44049064677952277,-0.44049064677952277,-0.44049064677952277,0.005828466881330548,0.005828466881330548,0.005828466881330548,0.0,0.0,0.0,26.733350169624813
2025-07-06,47.28344169741773,5.00266243703315,34.25054481104091,47.28344169741773,47.28344169741773,-0.5941958287718271,-0.5941958287718271,-0.5941958287718271,-0.5939217250761267,-0.5939217250761267,-0.5939217250761267,-0.0002741036957003076,-0.0002741036957003076,-0.0002741036957003076,0.0,0.0,0.0,19.187817870836234
2025-07-07,47.27949306101596,45.28650752929201,77.35895989689631,47.27949306101596,47.27949306101596,0.28839432923959635,0.28839432923959635,0.28839432923959635,0.2955237124481939,0.2955237124481939,0.2955237124481939,-0.007129383208597538,-0.007129383208597538,-0.007129383208597538,0.0,0.0,0.0,60.91463074913581
2025-07-08,47.275544424614196,46.01411742836384,75.70686923322242,47.275544424614196,47.275544424614196,0.2765035855622829,0.2765035855622829,0.2765035855622829,0.2911799250643548,0.2911799250643548,0.2911799250643548,-0.014676339502071901,-0.014676339502071901,-0.014676339502071901,0.0,0.0,0.0,60.34740196742901
2025-07-09,47.27159578821243,41.71165005231335,72.2053544209945,47.27159578821243,47.27159578821243,0.1895291866435848,0.1895291866435848,0.1895291866435848,0.21236529193004758,0.21236529193004758,0.21236529193004758,-0.02283610528646275,-0.02283610528646275,-0.02283610528646275,0.0,0.0,0.0,56.23094288929664
2025-07-10,47.26764715181066,39.2522439720064,68.96974788243206,47.26764715181066,47.26764715181066,0.14790942784773659,0.14790942784773659,0.14790942784773659,0.17942236200036635,0.17942236200036635,0.17942236200036635,-0.03151293415262977,-0.03151293415262977,-0.03151293415262977,0.0,0.0,0.0,54.25897779774367
2025-07-11,47.26369851540888,32.38055163073548,62.066238375111695,47.26369851540888,47.26369851540888,0.015325459799256834,0.015325459799256834,0.015325459799256834,0.055921080412616016,0.055921080412616016,0.055921080412616016,-0.04059562061335918,-0.04059562061335918,-0.04059562061335918,0.0,0.0,0.0,47.98803642697098
2025-07-12,47.25974987900712,10.001199897047448,39.36574366832794,47.25974987900712,47.25974987900712,-0.4904500045060473,-0.4904500045060473,-0.4904500045060473,-0.4404906467784227,-0.4404906467784227,-0.4404906467784227,-0.049959357727624595,-0.049959357727624595,-0.049959357727624595,0.0,0.0,0.0,24.081205337893405
2025-07-13,47.25580124299473,1.5236821458850283,30.718195714780894,47.25580124299473,47.25580124299473,-0.6533897184787589,-0.6533897184787589,-0.6533897184787589,-0.593921725077558,-0.593921725077558,-0.593921725077558,-0.0594679934012009,-0.0594679934012009,-0.0594679934012009,0.0,0.0,0.0,16.379346572346215
2025-07-14,47.251852606982325,42.69320013127361,72.41742281761911,47.251852606982325,47.251852606982325,0.22654707750461417,0.22654707750461417,0.22654707750461417,0.29552371244863995,0.29552371244863995,0.29552371244863995,-0.06897663494402578,-0.06897663494402578,-0.06897663494402578,0.0,0.0,0.0,57.956621721772954
2025-07-15,47.247903970969936,42.74885683830099,72.67253446554923,47.247903970969936,47.247903970969936,0.21284538382840795,0.21284538382840795,0.21284538382840795,0.29117992506397017,0.29117992506397017,0.29117992506397017,-0.0783345412355622,-0.0783345412355622,-0.0783345412355622,0.0,0.0,0.0,57.30440222675879
2025-07-16,47.24395533495753,37.95257309977039,68.16333208751111,47.24395533495753,47.24395533495753,0.12497705873154633,0.12497705873154633,0.12497705873154633,0.2123652919298159,0.2123652919298159,0.2123652919298159,-0.08738823319826959,-0.08738823319826959,-0.08738823319826959,0.0,0.0,0.0,53.14836591556508
2025-07-17,47.240006698945145,36.27752590348041,66.536195482804,47.240006698945145,47.240006698945145,0.08343761554373146,0.08343761554373146,0.08343761554373146,0.17942236200011352,0.17942236200011352,0.17942236200011352,-0.09598474645638207,-0.09598474645638207,-0.09598474645638207,0.0,0.0,0.0,51.181600216175035
2025-07-18,47.23605806293274,30.774557034938134,60.98204512822582,47.23605806293274,47.23605806293274,-0.04805386485626785,-0.04805386485626785,-0.04805386485626785,0.05592108041210611,0.05592108041210611,0.05592108041210611,-0.10397494526837396,-0.10397494526837396,-0.10397494526837396,0.0,0.0,0.0,44.96618291243375
2025-07-19,47.23210942692035,6.666916603726841,35.95556552470159,47.23210942692035,47.23210942692035,-0.5517074609835428,-0.5517074609835428,-0.5517074609835428,-0.44049064677801697,-0.44049064677801697,-0.44049064677801697,-0.1112168142055259,-0.1112168142055259,-0.1112168142055259,0.0,0.0,0.0,21.173802258097265
2025-07-20,47.22816079090795,-2.0516200891190275,28.650245371901992,47.22816079090795,47.22816079090795,-0.7115003687748364,-0.7115003687748364,-0.7115003687748364,-0.5939217250776083,-0.5939217250776083,-0.5939217250776083,-0.11757864369722802,-0.11757864369722802,-0.11757864369722802,0.0,0.0,0.0,13.625306971619677
2025-07-21,47.22421215489556,40.69466939740754,71.18157452525422,47.22421215489556,47.22421215489556,0.1725816849588172,0.1725816849588172,0.1725816849588172,0.29552371244907355,0.29552371244907355,0.29552371244907355,-0.12294202749025632,-0.12294202749025632,-0.12294202749025632,0.0,0.0,0.0,55.3742462594401
2025-07-22,47.22026351888316,40.874658637759985,70.58268166331236,47.22026351888316,47.22026351888316,0.16397533082746873,0.16397533082746873,0.16397533082746873,0.2911799250639112,0.2911799250639112,0.2911799250639112,-0.1272045942364425,-0.1272045942364425,-0.1272045942364425,0.0,0.0,0.0,54.96322185115228
2025-07-23,47.21631488287077,35.40070115625683,65.4201229032012,47.21631488287077,47.21631488287077,0.08208289020722535,0.08208289020722535,0.08208289020722535,0.21236529193070802,0.21236529193070802,0.21236529193070802,-0.13028240172348265,-0.13028240172348265,-0.13028240172348265,0.0,0.0,0.0,51.091966473391224
2025-07-24,47.21236624772659,34.88959229453821,64.41935636432795,47.21236624772659,47.21236624772659,0.04731043146886208,0.04731043146886208,0.04731043146886208,0.1794223619996249,0.1794223619996249,0.1794223619996249,-0.13211193053076284,-0.13211193053076284,-0.13211193053076284,0.0,0.0,0.0,49.44600366557248
2025-07-25,47.20841761258242,28.69583418968934,58.473933639790346,47.20841761258242,47.20841761258242,-0.07673054349579994,-0.07673054349579994,-0.07673054349579994,0.05592108041159624,0.05592108041159624,0.05592108041159624,-0.13265162390739618,-0.13265162390739618,-0.13265162390739618,0.0,0.0,0.0,43.58609007159228
2025-07-26,47.20446897743825,5.323861923087594,35.89475307839233,47.20446897743825,47.20446897743825,-0.5723735789403294,-0.5723735789403294,-0.5723735789403294,-0.44049064677884153,-0.44049064677884153,-0.44049064677884153,-0.1318829321614879,-0.1318829321614879,-0.1318829321614879,0.0,0.0,0.0,20.18587812684417
2025-07-27,47.20052034229408,-1.6525631910440337,28.052910032206643,47.20052034229408,47.20052034229408,-0.7237325575853071,-0.7237325575853071,-0.7237325575853071,-0.5939217250769622,-0.5939217250769622,-0.5939217250769622,-0.1298108325083449,-0.1298108325083449,-0.1298108325083449,0.0,0.0,0.0,13.03996703560827
2025-07-28,47.19657170714991,39.71312704467901,70.48239155987211,47.19657170714991,47.19657170714991,0.1690599036426807,0.1690599036426807,0.1690599036426807,0.2955237124470787,0.2955237124470787,0.2955237124470787,-0.126463808804398,-0.126463808804398,-0.126463808804398,0.0,0.0,0.0,55.17561957222554
2025-07-29,47.19262307200574,40.082670132084935,70.37421782704693,47.19262307200574,47.19262307200574,0.1692866355352381,0.1692866355352381,0.1692866355352381,0.29117992506385226,0.29117992506385226,0.29117992506385226,-0.12189328952861417,-0.12189328952861417,-0.12189328952861417,0.0,0.0,0.0,55.18170345394824
2025-07-30,47.18867443686157,37.803400702006,67.20320520649018,47.18867443686157,47.18867443686157,0.09619273554806437,0.09619273554806437,0.09619273554806437,0.21236529192927722,0.21236529192927722,0.21236529192927722,-0.11617255638121285,-0.11617255638121285,-0.11617255638121285,0.0,0.0,0.0,51.7278821178303
2025-07-31,47.18472580171739,34.76758699308706,64.6125763538346,47.18472580171739,47.18472580171739,0.07002721243045174,0.07002721243045174,0.07002721243045174,0.17942236200064549,0.17942236200064549,0.17942236200064549,-0.10939514957019374,-0.10939514957019374,-0.10939514957019374,0.0,0.0,0.0,50.488940618906874
2025-08-01,47.18077716657323,30.541268339066892,60.44865437553546,47.18077716657323,47.18077716657323,-0.04575172846213773,-0.04575172846213773,-0.04575172846213773,0.05592108041184649,0.05592108041184649,0.05592108041184649,-0.10167280887398422,-0.10167280887398422,-0.10167280887398422,0.0,0.0,0.0,45.022175061015545
2025-08-02,47.17682853142905,6.991773242038977,37.91660611945312,47.17682853142905,47.17682853142905,-0.5336236483289971,-0.5336236483289971,-0.5336236483289971,-0.44049064677905103,-0.44049064677905103,-0.44049064677905103,-0.09313300154994603,-0.09313300154994603,-0.09313300154994603,0.0,0.0,0.0,22.002157173896357
2025-08-03,47.172879896284876,-0.021097989592719305,29.748864386918463,47.172879896284876,47.172879896284876,-0.6778378238528402,-0.6778378238528402,-0.6778378238528402,-0.593921725076316,-0.593921725076316,-0.593921725076316,-0.08391609877652423,-0.08391609877652423,-0.08391609877652423,0.0,0.0,0.0,15.197317642515742
2025-08-04,47.168931265734166,42.51457913754763,72.77119160154466,47.168931265734166,47.168931265734166,0.22135144116327493,0.22135144116327493,0.22135144116327493,0.29552371244751224,0.29552371244751224,0.29552371244751224,-0.07417227128423733,-0.07417227128423733,-0.07417227128423733,0.0,0.0,0.0,57.60984217953588
2025-08-05,47.164982635183456,42.81031840675597,72.89533206727442,47.164982635183456,47.164982635183456,0.2271217431588909,0.2271217431588909,0.2271217431588909,0.29117992506379337,0.29117992506379337,0.29117992506379337,-0.06405818190490246,-0.06405818190490246,-0.06405818190490246,0.0,0.0,0.0,57.87717570734514
2025-08-06,47.16103400463275,39.61520596812839,69.25783969750518,47.16103400463275,47.16103400463275,0.15863173416918952,0.15863173416918952,0.15863173416918952,0.2123652919296451,0.2123652919296451,0.2123652919296451,-0.05373355776045554,-0.05373355776045554,-0.05373355776045554,0.0,0.0,0.0,54.64227061399976
2025-08-07,47.15708537408203,39.310286279067,68.19748304334297,47.15708537408203,47.15708537408203,0.13606463440897587,0.13606463440897587,0.13606463440897587,0.17942236200015688,0.17942236200015688,0.17942236200015688,-0.04335772759118099,-0.04335772759118099,-0.04335772759118099,0.0,0.0,0.0,53.57349695529936
2025-08-08,47.15313674353132,33.13920828749677,64.38103078149511,47.15313674353132,47.15313674353132,0.02283487019490846,0.02283487019490846,0.02283487019490846,0.055921080413191715,0.055921080413191715,0.055921080413191715,-0.03308621021828326,-0.03308621021828326,-0.03308621021828326,0.0,0.0,0.0,48.22987250035262
2025-08-09,47.14918811298061,9.848220956007815,40.022914724094065,47.14918811298061,47.14918811298061,-0.4635580851193934,-0.4635580851193934,-0.4635580851193934,-0.4404906467792605,-0.4404906467792605,-0.4404906467792605,-0.023067438340132914,-0.023067438340132914,-0.023067438340132914,0.0,0.0,0.0,25.29280075639325
2025-08-10,47.1452394824299,3.2444443975468555,33.41117216133778,47.1452394824299,47.1452394824299,-0.6073614229091827,-0.6073614229091827,-0.6073614229091827,-0.5939217250763663,-0.5939217250763663,-0.5939217250763663,-0.013439697832816358,-0.013439697832816358,-0.013439697832816358,0.0,0.0,0.0,18.511039746987095
2025-08-11,47.14129085187919,45.82059063437631,76.2095466999378,47.14129085187919,47.14129085187919,0.2911953558665762,0.2911953558665762,0.2911953558665762,0.29552371244797077,0.29552371244797077,0.29552371244797077,-0.004328356581394549,-0.004328356581394549,-0.004328356581394549,0.0,0.0,0.0,60.86861581750193
2025-08-12,47.137342221328474,46.4055513878625,76.07380840998269,47.137342221328474,47.137342221328474,0.2953364762784826,0.2953364762784826,0.2953364762784826,0.2911799250634086,0.2911799250634086,0.2911799250634086,0.004156551215073901,0.004156551215073901,0.004156551215073901,0.0,0.0,0.0,61.05871877410857
2025-08-13,47.13339359077777,41.48035678637616,72.69858388432567,47.13339359077777,47.13339359077777,0.22428762104596806,0.22428762104596806,0.22428762104596806,0.2123652919299376,0.2123652919299376,0.2123652919299376,0.011922329116030455,0.011922329116030455,0.011922329116030455,0.0,0.0,0.0,57.7048303110766
2025-08-14,47.129444960645834,41.58842301707933,72.02141890245441,47.129444960645834,47.129444960645834,0.19831752796740168,0.19831752796740168,0.19831752796740168,0.17942236199966827,0.17942236199966827,0.17942236199966827,0.01889516596773342,0.01889516596773342,0.01889516596773342,0.0,0.0,0.0,56.47603997971683
2025-08-15,47.125496330513904,35.725122908038735,66.62651461768361,47.125496330513904,47.125496330513904,0.08094227472926326,0.08094227472926326,0.08094227472926326,0.05592108041344197,0.05592108041344197,0.05592108041344197,0.025021194315821286,0.025021194315821286,0.025021194315821286,0.0,0.0,0.0,50.939941201251244
2025-08-16,47.121547700381974,13.313999118556781,41.54093160197277,47.121547700381974,47.121547700381974,-0.41022360652102496,-0.41022360652102496,-0.41022360652102496,-0.4404906467775451,-0.4404906467775451,-0.4404906467775451,0.030267040256520217,0.030267040256520217,0.030267040256520217,0.0,0.0,0.0,27.79117645787877
2025-08-17,47.117599070250044,5.027547486081408,35.953313075752924,47.117599070250044,47.117599070250044,-0.5593018662541557,-0.5593018662541557,-0.5593018662541557,-0.5939217250757202,-0.5939217250757202,-0.5939217250757202,0.034619858821564424,0.034619858821564424,0.034619858821564424,0.0,0.0,0.0,20.764637976844124
2025-08-18,47.11365044011812,48.526021192675145,78.04166060179936,47.11365044011812,47.11365044011812,0.33361057502216807,0.33361057502216807,0.33361057502216807,0.29552371244840436,0.29552371244840436,0.29552371244840436,0.03808686257376377,0.03808686257376377,0.03808686257376377,0.0,0.0,0.0,62.83126245483935
2025-08-19,47.10970180998619,47.48252584541696,77.66285061300084,47.10970180998619,47.10970180998619,0.33187428940641495,0.33187428940641495,0.33187428940641495,0.2911799250640827,0.2911799250640827,0.2911799250640827,0.04069436434233228,0.04069436434233228,0.04069436434233228,0.0,0.0,0.0,62.744200622323454
2025-08-20,47.105753179854254,43.46560221509235,73.48667188886596,47.105753179854254,47.105753179854254,0.2548516595181788,0.2548516595181788,0.2548516595181788,0.21236529193030548,0.21236529193030548,0.21236529193030548,0.04248636758787332,0.04248636758787332,0.04248636758787332,0.0,0.0,0.0,59.11073255059383
2025-08-21,47.101804549722324,42.561639128172246,73.54169698664931,47.101804549722324,47.101804549722324,0.2229451114190701,0.2229451114190701,0.2229451114190701,0.17942236200068878,0.17942236200068878,0.17942236200068878,0.04352274941838133,0.04352274941838133,0.04352274941838133,0.0,0.0,0.0,57.60292161309943
2025-08-22,47.0978559195904,36.46733906814744,66.83999283522375,47.0978559195904,47.0978559195904,0.09979817188324136,0.09979817188324136,0.09979817188324136,0.05592108041217201,0.05592108041217201,0.05592108041217201,0.04387709147106934,0.04387709147106934,0.04387709147106934,0.0,0.0,0.0,51.79813583998582
2025-08-23,47.09390728945847,12.46417130998659,43.479600934591694,47.09390728945847,47.09390728945847,-0.3968564243161241,-0.3968564243161241,-0.3968564243161241,-0.4404906467777546,-0.4404906467777546,-0.4404906467777546,0.04363422246163058,0.04363422246163058,0.04363422246163058,0.0,0.0,0.0,28.40438763548893
2025-08-24,47.089958659326534,6.863153673474706,36.74183090135289,47.089958659326534,47.089958659326534,-0.5510341821176474,-0.5510341821176474,-0.5510341821176474,-0.5939217250774995,-0.5939217250774995,-0.5939217250774995,0.042887542959852094,0.042887542959852094,0.042887542959852094,0.0,0.0,0.0,21.14178180353071
2025-08-25,47.08601002839566,47.72250823543075,77.60738212895129,47.08601002839566,47.08601002839566,0.3372599201580989,0.3372599201580989,0.3372599201580989,0.2955237124488379,0.2955237124488379,0.2955237124488379,0.041736207709261036,0.041736207709261036,0.041736207709261036,0.0,0.0,0.0,62.96623401113583
2025-08-26,47.08206139746479,47.37010868071241,78.74510837658936,47.08206139746479,47.08206139746479,0.3314621685192492,0.3314621685192492,0.3314621685192492,0.29117992506402374,0.29117992506402374,0.29117992506402374,0.04028224345522546,0.04028224345522546,0.04028224345522546,0.0,0.0,0.0,62.6879835666249
2025-08-27,47.07811276653391,44.85329033265964,75.3603177353092,47.07811276653391,47.07811276653391,0.2509929726581953,0.2509929726581953,0.2509929726581953,0.21236529193007386,0.21236529193007386,0.21236529193007386,0.038627680728121463,0.038627680728121463,0.038627680728121463,0.0,0.0,0.0,58.894388236944
2025-08-28,47.074164135603034,42.3306401419359,71.69126954191539,47.074164135603034,47.074164135603034,0.21629413835436423,0.21629413835436423,0.21629413835436423,0.17942236200020018,0.17942236200020018,0.17942236200020018,0.03687177635416401,0.03687177635416401,0.03687177635416401,0.0,0.0,0.0,57.25602990606521
2025-08-29,47.07021550467216,35.90290044025341,65.10839780185825,47.07021550467216,47.07021550467216,0.09102948011541298,0.09102948011541298,0.09102948011541298,0.055921080412422275,0.055921080412422275,0.055921080412422275,0.0351083997029907,0.0351083997029907,0.0351083997029907,0.0,0.0,0.0,51.35499275098292
2025-08-30,47.066266873741284,12.927033798403725,42.70911480190404,47.066266873741284,47.066266873741284,-0.40706699682106506,-0.40706699682106506,-0.40706699682106506,-0.4404906467779641,-0.4404906467779641,-0.4404906467779641,0.033423649956899046,0.033423649956899046,0.033423649956899046,0.0,0.0,0.0,27.90714296586864
2025-08-31,47.062318242810406,4.982133787134462,35.9717080758921,47.062318242810406,47.062318242810406,-0.5620279608983414,-0.5620279608983414,-0.5620279608983414,-0.5939217250768534,-0.5939217250768534,-0.5939217250768534,0.031893764178512043,0.031893764178512043,0.031893764178512043,0.0,0.0,0.0,20.61197948565486
2025-09-01,47.05836961187954,47.11899630545061,76.61704625813567,47.05836961187954,47.05836961187954,0.3261070793437018,0.3261070793437018,0.3261070793437018,0.2955237124492964,0.2955237124492964,0.2955237124492964,0.030583366894405422,0.030583366894405422,0.030583366894405422,0.0,0.0,0.0,62.40443708468599
2025-09-02,47.05442098094866,47.25858151780108,77.21768910787627,47.05442098094866,47.05442098094866,0.32072402663135147,0.32072402663135147,0.32072402663135147,0.2911799250642907,0.2911799250642907,0.2911799250642907,0.029544101567060797,0.029544101567060797,0.029544101567060797,0.0,0.0,0.0,62.14590434876527
2025-09-03,47.050472350017785,42.551134498908894,73.06387002388117,47.050472350017785,47.050472350017785,0.24117896493599533,0.24117896493599533,0.24117896493599533,0.21236529192984216,0.21236529192984216,0.21236529192984216,0.028813673006153166,0.028813673006153166,0.028813673006153166,0.0,0.0,0.0,58.398056571144735
2025-09-04,47.04652371908691,41.05970593381765,71.56063868686492,47.04652371908691,47.04652371908691,0.20783767979577927,0.20783767979577927,0.20783767979577927,0.17942236199994738,0.17942236199994738,0.17942236199994738,0.02841531779583191,0.02841531779583191,0.02841531779583191,0.0,0.0,0.0,56.82456405131904
2025-09-05,47.042575087990414,36.094530986896324,65.82894775829327,47.042575087990414,47.042575087990414,0.08427878794777177,0.08427878794777177,0.08427878794777177,0.055921080412672505,0.055921080412672505,0.055921080412672505,0.028357707535099266,0.028357707535099266,0.028357707535099266,0.0,0.0,0.0,51.00726629834829
2025-09-06,47.038626456893915,12.980962681582943,43.117337887078406,47.038626456893915,47.038626456893915,-0.4118553693256711,-0.4118553693256711,-0.4118553693256711,-0.4404906467787887,-0.4404906467787887,-0.4404906467787887,0.028635277453117634,0.028635277453117634,0.028635277453117634,0.0,0.0,0.0,27.665515584917593
2025-09-07,47.03467782579741,4.972058039284824,34.93070301445138,47.03467782579741,47.03467782579741,-0.5646927639657806,-0.5646927639657806,-0.5646927639657806,-0.5939217250765554,-0.5939217250765554,-0.5939217250765554,0.029228961110774866,0.029228961110774866,0.029228961110774866,0.0,0.0,0.0,20.474535602107856
2025-09-08,47.0307291947009,47.178264177327705,77.29133237320826,47.0307291947009,47.0307291947009,0.3256310132210291,0.3256310132210291,0.3256310132210291,0.29552371244972997,0.29552371244972997,0.29552371244972997,0.030107300771299167,0.030107300771299167,0.030107300771299167,0.0,0.0,0.0,62.345393194895195
2025-09-09,47.02678056360441,47.193558788139036,77.55111887961347,47.02678056360441,47.02678056360441,0.3224078179814934,0.3224078179814934,0.3224078179814934,0.29117992506463886,0.29117992506463886,0.29117992506463886,0.031227892916854585,0.031227892916854585,0.031227892916854585,0.0,0.0,0.0,62.18858227181061
2025-09-10,47.022831932507906,43.6771984842057,73.15681298312948,47.022831932507906,47.022831932507906,0.24490441151330228,0.24490441151330228,0.24490441151330228,0.21236529192961057,0.21236529192961057,0.21236529192961057,0.03253911958369171,0.03253911958369171,0.03253911958369171,0.0,0.0,0.0,58.53893091462768
2025-09-11,47.01888330141141,41.99777612781795,72.09416800107606,47.01888330141141,47.01888330141141,0.2134044709166346,0.2134044709166346,0.2134044709166346,0.17942236199945877,0.17942236199945877,0.17942236199945877,0.03398210891717581,0.03398210891717581,0.03398210891717581,0.0,0.0,0.0,57.05292321544009
2025-09-12,47.0149346703149,35.600242481973005,66.9805026707227,47.0149346703149,47.0149346703149,0.09141394321464763,0.09141394321464763,0.09141394321464763,0.055921080413257614,0.055921080413257614,0.055921080413257614,0.03549286280139,0.03549286280139,0.03549286280139,0.0,0.0,0.0,51.312755238507435
2025-09-13,47.01098603921841,12.476631839534802,42.567758205657825,47.01098603921841,47.01098603921841,-0.4034861610471684,-0.4034861610471684,-0.4034861610471684,-0.44049064677838307,-0.44049064677838307,-0.44049064677838307,0.037004485731214676,0.037004485731214676,0.037004485731214676,0.0,0.0,0.0,28.042703755212145
2025-09-14,47.0070374081219,5.213174874380847,35.85210173852299,47.0070374081219,47.0070374081219,-0.5554722777247809,-0.5554722777247809,-0.5554722777247809,-0.5939217250762576,-0.5939217250762576,-0.5939217250762576,0.038449447351476686,0.038449447351476686,0.038449447351476686,0.0,0.0,0.0,20.895931269938448
2025-09-15,47.00308878001827,47.84750633197717,78.26950933424806,47.00308878001827,47.00308878001827,0.3352855237628043,0.3352855237628043,0.3352855237628043,0.29552371244773523,0.29552371244773523,0.29552371244773523,0.03976181131506913,0.03976181131506913,0.03976181131506913,0.0,0.0,0.0,62.76254402009628
2025-09-16,46.99914015191464,47.693901554196486,77.61260572918752,46.99914015191464,46.99914015191464,0.33205929034109627,0.33205929034109627,0.33205929034109627,0.2911799250645799,0.2911799250645799,0.2911799250645799,0.04087936527651641,0.04087936527651641,0.04087936527651641,0.0,0.0,0.0,62.60564127740113
2025-09-17,46.995191523811,43.65739372697274,74.84318764946423,46.995191523811,46.995191523811,0.25411088278749466,0.25411088278749466,0.25411088278749466,0.21236529192997847,0.21236529192997847,0.21236529192997847,0.0417455908575162,0.0417455908575162,0.0417455908575162,0.0,0.0,0.0,58.93718112869401
2025-09-18,46.99124289570737,42.82471844699713,73.24917933258246,46.99124289570737,46.99124289570737,0.2217337801531429,0.2217337801531429,0.2217337801531429,0.17942236199972472,0.17942236199972472,0.17942236199972472,0.0423114181534182,0.0423114181534182,0.0423114181534182,0.0,0.0,0.0,57.41078881706709
2025-09-19,46.98729426760374,35.96212597348698,66.66233372387356,46.98729426760374,46.98729426760374,0.09845779702527009,0.09845779702527009,0.09845779702527009,0.05592108041350782,0.05592108041350782,0.05592108041350782,0.04253671661176227,0.04253671661176227,0.04253671661176227,0.0,0.0,0.0,51.6135597493701
2025-09-20,46.98334563950011,12.800719024497576,43.31853979324158,46.98334563950011,46.98334563950011,-0.3980991641026446,-0.3980991641026446,-0.3980991641026446,-0.44049064677728283,-0.44049064677728283,-0.44049064677728283,0.042391482674638215,0.042391482674638215,0.042391482674638215,0.0,0.0,0.0,28.279315013669486
2025-09-21,46.97939701139647,6.256621377289391,35.45746754220455,46.97939701139647,46.97939701139647,-0.5520650309024793,-0.5520650309024793,-0.5520650309024793,-0.5939217250759596,-0.5939217250759596,-0.5939217250759596,0.041856694173480376,0.041856694173480376,0.041856694173480376,0.0,0.0,0.0,21.043714748520035
2025-09-22,46.97544838329284,46.96146080880132,76.62667507187282,46.97544838329284,46.97544838329284,0.3364485242540243,0.3364485242540243,0.3364485242540243,0.29552371244816866,0.29552371244816866,0.29552371244816866,0.040924811805855596,0.040924811805855596,0.040924811805855596,0.0,0.0,0.0,62.78026866802281
2025-09-23,46.97149975518921,47.9715475320291,77.91557392992615,46.97149975518921,46.97149975518921,0.33077984386370746,0.33077984386370746,0.33077984386370746,0.29117992506419527,0.29117992506419527,0.29117992506419527,0.0395999187995122,0.0395999187995122,0.0395999187995122,0.0,0.0,0.0,62.508725110254865
2025-09-24,46.96755112708558,43.46642985557192,72.27217390585947,46.96755112708558,46.96755112708558,0.2502627926894416,0.2502627926894416,0.2502627926894416,0.2123652919291472,0.2123652919291472,0.2123652919291472,0.03789750076029444,0.03789750076029444,0.03789750076029444,0.0,0.0,0.0,58.72178163793414
2025-09-25,46.96360249898194,41.15372750904944,72.43613341409379,46.96360249898194,46.96360249898194,0.21526624038824815,0.21526624038824815,0.21526624038824815,0.1794223619999907,0.1794223619999907,0.1794223619999907,0.03584387838825746,0.03584387838825746,0.03584387838825746,0.0,0.0,0.0,57.07328064402592
2025-09-26,46.95965387329148,36.19576353726076,66.39666680940319,46.95965387329148,46.95965387329148,0.0893963963318561,0.0893963963318561,0.0893963963318561,0.05592108041223785,0.05592108041223785,0.05592108041223785,0.03347531591961825,0.03347531591961825,0.03347531591961825,0.0,0.0,0.0,51.15767770255502
2025-09-27,46.95570524760101,13.334644608484561,42.313844347116365,46.95570524760101,46.95570524760101,-0.40965380925705863,-0.40965380925705863,-0.40965380925705863,-0.44049064677749233,-0.44049064677749233,-0.44049064677749233,0.030836837520433688,0.030836837520433688,0.030836837520433688,0.0,0.0,0.0,27.720121726569598
2025-09-28,46.95175662191054,4.404750187904138,34.63728938942461,46.95175662191054,46.95175662191054,-0.5659409329211789,-0.5659409329211789,-0.5659409329211789,-0.5939217250753135,-0.5939217250753135,-0.5939217250753135,0.027980792154134584,0.027980792154134584,0.027980792154134584,0.0,0.0,0.0,20.379835677018352
2025-09-29,46.94780799622008,46.851943090141795,76.91634684701565,46.94780799622008,46.94780799622008,0.3204889268867781,0.3204889268867781,0.3204889268867781,0.2955237124486272,0.2955237124486272,0.2955237124486272,0.024965214438150873,0.024965214438150873,0.024965214438150873,0.0,0.0,0.0,61.99406060061515
2025-09-30,46.94385937052961,47.553524087424755,76.30005949290583,46.94385937052961,46.94385937052961,0.31303195956748864,0.31303195956748864,0.31303195956748864,0.2911799250638105,0.2911799250638105,0.2911799250638105,0.021852034503678106,0.021852034503678106,0.021852034503678106,0.0,0.0,0.0,61.63878765894711
2025-10-01,46.93991074483914,43.33862981818609,72.70049526078243,46.93991074483914,46.93991074483914,0.23107048566165383,0.23107048566165383,0.23107048566165383,0.2123652919300393,0.2123652919300393,0.2123652919300393,0.01870519373161452,0.01870519373161452,0.01870519373161452,0.0,0.0,0.0,57.78633871756381
2025-10-02,46.93596211914867,41.34256962680412,71.2024734312162,46.93596211914867,46.93596211914867,0.1950110873597626,0.1950110873597626,0.1950110873597626,0.17942236200025669,0.17942236200025669,0.17942236200025669,0.015588725359505928,0.015588725359505928,0.015588725359505928,0.0,0.0,0.0,56.08899512828048
2025-10-03,46.9320134934582,35.034772330455645,65.44206983870947,46.9320134934582,46.9320134934582,0.06848593970830168,0.06848593970830168,0.06848593970830168,0.05592108041248808,0.05592108041248808,0.05592108041248808,0.012564859295813597,0.012564859295813597,0.012564859295813597,0.0,0.0,0.0,50.146196539960386
2025-10-04,46.92806486776774,12.062005238405924,41.735134798054915,46.92806486776774,46.92806486776774,-0.4307984377317514,-0.4307984377317514,-0.4307984377317514,-0.4404906467783169,-0.4404906467783169,-0.4404906467783169,0.00969220904656547,0.00969220904656547,0.00969220904656547,0.0,0.0,0.0,26.711527836959107
2025-10-05,46.92411624207727,3.3781955115792903,33.99508757985271,46.92411624207727,46.92411624207727,-0.5868976295595877,-0.5868976295595877,-0.5868976295595877,-0.5939217250753638,-0.5939217250753638,-0.5939217250753638,0.007024095515776119,0.007024095515776119,0.007024095515776119,0.0,0.0,0.0,19.384463650423573
2025-10-06,46.9201676163868,46.01211999714232,75.8903849392087,46.9201676163868,46.9201676163868,0.3001307701409862,0.3001307701409862,0.3001307701409862,0.29552371244663245,0.29552371244663245,0.29552371244663245,0.004607057694353796,0.004607057694353796,0.004607057694353796,0.0,0.0,0.0,61.00235365823713
2025-10-07,46.916218990696336,45.25264735266677,76.0192935865171,46.916218990696336,46.916218990696336,0.29365951912292587,0.29365951912292587,0.29365951912292587,0.29117992506407736,0.29117992506407736,0.29117992506407736,0.0024795940588485006,0.0024795940588485006,0.0024795940588485006,0.0,0.0,0.0,60.69361329857011
2025-10-08,46.91227036500587,41.67433024339923,71.77350731633521,46.91227036500587,46.91227036500587,0.21303646298931628,0.21303646298931628,0.21303646298931628,0.21236529192980763,0.21236529192980763,0.21236529192980763,0.0006711710595086445,0.0006711710595086445,0.0006711710595086445,0.0,0.0,0.0,56.906294514365236
2025-10-09,46.908321739315404,40.67345058425123,70.53482430385691,46.908321739315404,46.908321739315404,0.17862388861677037,0.17862388861677037,0.17862388861677037,0.17942236200000386,0.17942236200000386,0.17942236200000386,-0.000798473383233491,-0.000798473383233491,-0.000798473383233491,0.0,0.0,0.0,55.28726857687851
2025-10-10,46.904373113624935,35.76844622461755,63.741468065777084,46.904373113624935,46.904373113624935,0.054001367739356154,0.054001367739356154,0.054001367739356154,0.05592108041197823,0.05592108041197823,0.05592108041197823,-0.0019197126726220749,-0.0019197126726220749,-0.0019197126726220749,0.0,0.0,0.0,49.43727341471777
2025-10-11,46.90042448793446,10.81234588569629,41.44873867105017,46.90042448793446,46.90042448793446,-0.4431837383917341,-0.4431837383917341,-0.4431837383917341,-0.4404906467791415,-0.4404906467791415,-0.4404906467791415,-0.002693091612592565,-0.002693091612592565,-0.002693091612592565,0.0,0.0,0.0,26.114919031212434
2025-10-12,46.896475862243996,3.3781156638611995,33.861588184477235,46.896475862243996,46.896475862243996,-0.5970507897193471,-0.5970507897193471,-0.5970507897193471,-0.593921725076795,-0.593921725076795,-0.593921725076795,-0.0031290646425521547,-0.0031290646425521547,-0.0031290646425521547,0.0,0.0,0.0,18.89689791363692
2025-10-13,46.892527236553526,45.836721094205856,74.80940215611062,46.892527236553526,46.892527236553526,0.29227628957146795,0.29227628957146795,0.29227628957146795,0.29552371244707837,0.29552371244707837,0.29552371244707837,-0.0032474228756104104,-0.0032474228756104104,-0.0032474228756104104,0.0,0.0,0.0,60.59810110588239
2025-10-14,46.88857861086306,45.827336651228585,74.35378326032895,46.88857861086306,46.88857861086306,0.28810349510163535,0.28810349510163535,0.28810349510163535,0.29117992506369267,0.29117992506369267,0.29117992506369267,-0.0030764299620573317,-0.0030764299620573317,-0.0030764299620573317,0.0,0.0,0.0,60.39734198900048
2025-10-15,46.884629985172595,42.02211592615791,71.23587289375537,46.884629985172595,46.884629985172595,0.2097135964287048,0.2097135964287048,0.2097135964287048,0.21236529193017556,0.21236529193017556,0.21236529193017556,-0.0026516955014707425,-0.0026516955014707425,-0.0026516955014707425,0.0,0.0,0.0,56.71697435659224
2025-10-16,46.880681359482125,39.94997578946464,69.37411202755186,46.880681359482125,46.880681359482125,0.1774075394944905,0.1774075394944905,0.1774075394944905,0.1794223620002698,0.1794223620002698,0.1794223620002698,-0.002014822505779293,-0.002014822505779293,-0.002014822505779293,0.0,0.0,0.0,55.19766768929308
2025-10-17,46.87673273379166,34.35217750823954,63.58285264776058,46.87673273379166,46.87673273379166,0.05470920836685764,0.05470920836685764,0.05470920836685764,0.055921080413323415,0.055921080413323415,0.055921080413323415,-0.0012118720464657732,-0.0012118720464657732,-0.0012118720464657732,0.0,0.0,0.0,49.44132167248217
2025-10-18,46.87278410810119,11.35602310102366,41.5030042040403,46.87278410810119,46.87278410810119,-0.44078234029362495,-0.44078234029362495,-0.44078234029362495,-0.44049064677873584,-0.44049064677873584,-0.44049064677873584,-0.0002916935148890897,-0.0002916935148890897,-0.0002916935148890897,0.0,0.0,0.0,26.212088632854517
2025-10-19,46.868835482410724,2.9874101103546553,33.9054999776696,46.868835482410724,46.868835482410724,-0.5932258978162255,-0.5932258978162255,-0.5932258978162255,-0.593921725076497,-0.593921725076497,-0.593921725076497,0.0006958272602715738,0.0006958272602715738,0.0006958272602715738,0.0,0.0,0.0,19.065028473756655
2025-10-20,46.864886856720254,44.78388020598649,76.87951750389662,46.864886856720254,46.864886856720254,0.29722526001006055,0.29722526001006055,0.29722526001006055,0.295523712447512,0.295523712447512,0.295523712447512,0.0017015475625485488,0.0017015475625485488,0.0017015475625485488,0.0,0.0,0.0,60.794315038051
2025-10-21,46.860938231029785,46.41992724748976,75.75175135957673,46.860938231029785,46.860938231029785,0.2938587449962195,0.2938587449962195,0.2938587449962195,0.29117992506363377,0.29117992506363377,0.29117992506363377,0.002678819932585714,0.002678819932585714,0.002678819932585714,0.0,0.0,0.0,60.631434728945564
2025-10-22,46.856989605339315,41.25758442799203,72.45621776966675,46.856989605339315,46.856989605339315,0.21595045481393438,0.21595045481393438,0.21595045481393438,0.21236529193054343,0.21236529193054343,0.21236529193054343,0.003585162883390945,0.003585162883390945,0.003585162883390945,0.0,0.0,0.0,56.97577782182414
2025-10-23,46.85304097964885,39.65764635054926,70.03191772784105,46.85304097964885,46.85304097964885,0.18380616080577392,0.18380616080577392,0.18380616080577392,0.1794223619997812,0.1794223619997812,0.1794223619997812,0.004383798805992707,0.004383798805992707,0.004383798805992707,0.0,0.0,0.0,55.46491856419371
2025-10-24,46.84909235395838,34.206410722145456,64.35974143299912,46.84909235395838,46.84909235395838,0.060966092252128866,0.060966092252128866,0.060966092252128866,0.055921080412813566,0.055921080412813566,0.055921080412813566,0.005045011839315295,0.005045011839315295,0.005045011839315295,0.0,0.0,0.0,49.70529844033832
2025-10-25,46.84514372826792,11.18301373085422,41.314799293784134,46.84514372826792,46.84514372826792,-0.4349433627730234,-0.4349433627730234,-0.4349433627730234,-0.44049064677956046,-0.44049064677956046,-0.44049064677956046,0.005547284006537085,0.005547284006537085,0.005547284006537085,0.0,0.0,0.0,26.47015938550946
2025-10-26,46.84119510257745,5.04943734269538,35.575925734056455,46.84119510257745,46.84119510257745,-0.5880435504254162,-0.5880435504254162,-0.5880435504254162,-0.5939217250761991,-0.5939217250761991,-0.5939217250761991,0.005878174650782883,0.005878174650782883,0.005878174650782883,0.0,0.0,0.0,19.296532428288188
2025-10-27,46.83724647688698,46.201165806973144,76.00334085962932,46.83724647688698,46.83724647688698,0.30155862837554787,0.30155862837554787,0.30155862837554787,0.29552371244795805,0.29552371244795805,0.29552371244795805,0.0060349159275897785,0.0060349159275897785,0.0060349159275897785,0.0,0.0,0.0,60.96142228134448
2025-10-28,46.83329785119652,45.88998501249791,75.90174625808132,46.83329785119652,46.83329785119652,0.2972046306604159,0.2972046306604159,0.2972046306604159,0.29117992506430773,0.29117992506430773,0.29117992506430773,0.006024705596108168,0.006024705596108168,0.006024705596108168,0.0,0.0,0.0,60.75237084167063
2025-10-29,46.82934922550605,41.79215385003172,72.947069236482,46.82934922550605,46.82934922550605,0.21822997926968404,0.21822997926968404,0.21822997926968404,0.21236529192971218,0.21236529192971218,0.21236529192971218,0.005864687339971869,0.005864687339971869,0.005864687339971869,0.0,0.0,0.0,57.04891713620103
2025-10-30,46.82540059981558,40.37421767804349,70.83794408610125,46.82540059981558,46.82540059981558,0.18500398007580598,0.18500398007580598,0.18500398007580598,0.17942236200080178,0.17942236200080178,0.17942236200080178,0.005581618075004196,0.005581618075004196,0.005581618075004196,0.0,0.0,0.0,55.48828607942549
2025-10-31,46.82145197412511,35.701719761947345,65.81948974279173,46.82145197412511,46.82145197412511,0.06113231130243878,0.06113231130243878,0.06113231130243878,0.05592108041306387,0.05592108041306387,0.05592108041306387,0.0052112308893749095,0.0052112308893749095,0.0052112308893749095,0.0,0.0,0.0,49.68375555183951
2025-11-01,46.81750334843464,11.152153102109816,41.37349469108388,46.81750334843464,46.81750334843464,-0.4356933356319884,-0.4356933356319884,-0.4356933356319884,-0.4404906467797698,-0.4404906467797698,-0.4404906467797698,0.004797311147781383,0.004797311147781383,0.004797311147781383,0.0,0.0,0.0,26.419429148593366
2025-11-02,46.81355472274418,4.477257791225337,34.610734320703536,46.81355472274418,46.81355472274418,-0.5895312134667423,-0.5895312134667423,-0.5895312134667423,-0.5939217250779786,-0.5939217250779786,-0.5939217250779786,0.004390511611236332,0.004390511611236332,0.004390511611236332,0.0,0.0,0.0,19.215503000353056
2025-11-03,46.80960609705371,45.41813320129961,76.38420816355014,46.80960609705371,46.80960609705371,0.2995706523928551,0.2995706523928551,0.2995706523928551,0.2955237124483916,0.2955237124483916,0.2955237124483916,0.0040469399444634565,0.0040469399444634565,0.0040469399444634565,0.0,0.0,0.0,60.83239033380065
2025-11-04,46.80565747136325,45.05906141872049,75.32003058945058,46.80565747136325,46.80565747136325,0.2950064835498518,0.2950064835498518,0.2950064835498518,0.29117992506424883,0.29117992506424883,0.29117992506424883,0.003826558485602982,0.003826558485602982,0.003826558485602982,0.0,0.0,0.0,60.61362989222897
2025-11-05,46.80170884567278,41.75748057016206,71.373726619943,46.80170884567278,46.80170884567278,0.21615673339049346,0.21615673339049346,0.21615673339049346,0.21236529193008014,0.21236529193008014,0.21236529193008014,0.003791441460413339,0.003791441460413339,0.003791441460413339,0.0,0.0,0.0,56.918213346846365
2025-11-06,46.79776021998231,40.29816285772048,69.69779855666367,46.79776021998231,46.79776021998231,0.18342630078853284,0.18342630078853284,0.18342630078853284,0.17942236200031317,0.17942236200031317,0.17942236200031317,0.004003938788219664,0.004003938788219664,0.004003938788219664,0.0,0.0,0.0,55.38170026232242
2025-11-07,46.793811594291846,34.79001921206915,64.78016556969578,46.793811594291846,46.793811594291846,0.06044587855861092,0.06044587855861092,0.06044587855861092,0.055921080412553954,0.055921080412553954,0.055921080412553954,0.0045247981460569695,0.0045247981460569695,0.0045247981460569695,0.0,0.0,0.0,49.622304647214925
2025-11-08,46.789862968601376,12.337030763873289,40.596172241027176,46.789862968601376,46.789862968601376,-0.435079348805953,-0.435079348805953,-0.435079348805953,-0.4404906467780546,-0.4404906467780546,-0.4404906467780546,0.005411297972101633,0.005411297972101633,0.005411297972101633,0.0,0.0,0.0,26.432559857502515
2025-11-09,46.78591434291091,5.223124958909799,33.59463757250935,46.78591434291091,46.78591434291091,-0.5872062814959869,-0.5872062814959869,-0.5872062814959869,-0.5939217250776807,-0.5939217250776807,-0.5939217250776807,0.006715443581693898,0.006715443581693898,0.006715443581693898,0.0,0.0,0.0,19.312931555220437
2025-11-10,46.78196571722044,46.243760968047276,75.5386199593802,46.78196571722044,46.78196571722044,0.3040059890195176,0.3040059890195176,0.3040059890195176,0.29552371244885006,0.29552371244885006,0.29552371244885006,0.008482276570667562,0.008482276570667562,0.008482276570667562,0.0,0.0,0.0,61.003963473361196
2025-11-11,46.77801709152997,45.73017494966308,76.13191437185974,46.77801709152997,46.77801709152997,0.30192826932587996,0.30192826932587996,0.30192826932587996,0.29117992506386414,0.29117992506386414,0.29117992506386414,0.01074834426201583,0.01074834426201583,0.01074834426201583,0.0,0.0,0.0,60.90162283447204
2025-11-12,46.774068465839505,41.84621701379491,71.84948308992502,46.774068465839505,46.774068465839505,0.22590566316079827,0.22590566316079827,0.22590566316079827,0.21236529192977305,0.21236529192977305,0.21236529192977305,0.013540371231025233,0.013540371231025233,0.013540371231025233,0.0,0.0,0.0,57.340595421343565
2025-11-13,46.770119840149036,41.133937698447966,70.76491121601703,46.770119840149036,46.770119840149036,0.1962965310661494,0.1962965310661494,0.1962965310661494,0.17942236200006034,0.17942236200006034,0.17942236200006034,0.016874169066089035,0.016874169066089035,0.016874169066089035,0.0,0.0,0.0,55.95093212231838
2025-11-14,46.766171214458566,35.96992772890331,64.6806141660397,46.766171214458566,46.766171214458566,0.0766748940906163,0.0766748940906163,0.0766748940906163,0.05592108041280422,0.05592108041280422,0.05592108041280422,0.02075381367781208,0.02075381367781208,0.02075381367781208,0.0,0.0,0.0,50.35196243935081
2025-11-15,46.762222588768104,12.734164325858506,42.514153903796775,46.762222588768104,46.762222588768104,-0.41531953491646967,-0.41531953491646967,-0.41531953491646967,-0.440490646778264,-0.440490646778264,-0.440490646778264,0.025171111861794312,0.025171111861794312,0.025171111861794312,0.0,0.0,0.0,27.340958051540504
2025-11-16,46.758273963077635,4.47156412871175,34.63580931536245,46.758273963077635,46.758273963077635,-0.5638163543926112,-0.5638163543926112,-0.5638163543926112,-0.5939217250773827,-0.5939217250773827,-0.5939217250773827,0.030105370684771558,0.030105370684771558,0.030105370684771558,0.0,0.0,0.0,20.395194399524247
2025-11-17,46.754325337387165,47.30219259478019,76.95565296422205,46.754325337387165,46.754325337387165,0.33104718728938204,0.33104718728938204,0.33104718728938204,0.2955237124492836,0.2955237124492836,0.2955237124492836,0.0355234748400984,0.0355234748400984,0.0355234748400984,0.0,0.0,0.0,62.23221323394188
2025-11-18,46.7503767116967,47.56324094298943,77.39110915269133,46.7503767116967,46.7503767116967,0.3325601937198381,0.3325601937198381,0.3325601937198381,0.2911799250638052,0.2911799250638052,0.2911799250638052,0.04138026865603291,0.04138026865603291,0.04138026865603291,0.0,0.0,0.0,62.29769104741397
2025-11-19,46.74642808600623,43.12738759085469,73.80229440593482,46.74642808600623,46.74642808600623,0.2599845231162753,0.2599845231162753,0.2599845231162753,0.212365291930141,0.212365291930141,0.212365291930141,0.04761923118613431,0.04761923118613431,0.04761923118613431,0.0,0.0,0.0,58.89977589933583
2025-11-20,46.742479460315764,41.28696257829629,72.86706513157723,46.742479460315764,46.742479460315764,0.23359578700109238,0.23359578700109238,0.23359578700109238,0.1794223620003263,0.1794223620003263,0.1794223620003263,0.05417342500076608,0.05417342500076608,0.05417342500076608,0.0,0.0,0.0,57.661325736230616
2025-11-21,46.738530834625294,37.267557654888215,65.75537783697229,46.738530834625294,46.738530834625294,0.1168877725668257,0.1168877725668257,0.1168877725668257,0.05592108041153421,0.05592108041153421,0.05592108041153421,0.0609666921552915,0.0609666921552915,0.0609666921552915,0.0,0.0,0.0,52.201693596930554
2025-11-22,46.734582208934825,14.104209436327716,44.45510563734029,46.734582208934825,46.734582208934825,-0.3725755822482669,-0.3725755822482669,-0.3725755822482669,-0.44049064677847344,-0.44049064677847344,-0.44049064677847344,0.06791506453020653,0.06791506453020653,0.06791506453020653,0.0,0.0,0.0,29.322418031311436
2025-11-23,46.73063358324436,8.87421225145251,38.431194985376,46.73063358324436,46.73063358324436,-0.5189933745845308,-0.5189933745845308,-0.5189933745845308,-0.5939217250767366,-0.5939217250767366,-0.5939217250767366,0.07492835049220586,0.07492835049220586,0.07492835049220586,0.0,0.0,0.0,22.47774436340317
2025-11-24,46.72668495755389,49.29338336703606,78.94305362487903,46.72668495755389,46.72668495755389,0.37743556819681884,0.37743556819681884,0.37743556819681884,0.29552371244728887,0.29552371244728887,0.29552371244728887,0.08191185574952994,0.08191185574952994,0.08191185574952994,0.0,0.0,0.0,64.362997844462
2025-11-25,46.72273633186343,49.478360370557624,78.95861290534091,46.72273633186343,46.72273633186343,0.3799481185326826,0.3799481185326826,0.3799481185326826,0.2911799250634205,0.2911799250634205,0.2911799250634205,0.0887681934692622,0.0887681934692622,0.0887681934692622,0.0,0.0,0.0,64.47495209385355
2025-11-26,46.71878770617296,47.30421930192536,75.93578935572317,46.71878770617296,46.71878770617296,0.30776442917924796,0.30776442917924796,0.30776442917924796,0.21236529192990927,0.21236529192990927,0.21236529192990927,0.09539913724933864,0.09539913724933864,0.09539913724933864,0.0,0.0,0.0,61.097168736509744
2025-11-27,46.71483908048249,44.813338556129615,74.502893766951,46.71483908048249,46.71483908048249,0.28112983241331646,0.28112983241331646,0.28112983241331646,0.17942236200059228,0.17942236200059228,0.17942236200059228,0.1017074704127242,0.1017074704127242,0.1017074704127242,0.0,0.0,0.0,59.84777396239358
2025-11-28,46.71089045479203,39.505708605717466,69.16255041354957,46.71089045479203,46.71089045479203,0.16351986670762897,0.16351986670762897,0.16351986670762897,0.055921080411784514,0.055921080411784514,0.055921080411784514,0.10759878629584448,0.10759878629584448,0.10759878629584448,0.0,0.0,0.0,54.34904903575428
2025-11-29,46.70694182910156,17.556931542608115,47.35000736902413,46.70694182910156,46.70694182910156,-0.32750745010173465,-0.32750745010173465,-0.32750745010173465,-0.4404906467767582,-0.4404906467767582,-0.4404906467767582,0.1129831966750236,0.1129831966750236,0.1129831966750236,0.0,0.0,0.0,31.410070408602458
2025-11-30,46.70299320341109,9.04570328871563,38.73680098720351,46.70299320341109,46.70299320341109,-0.4761448159592545,-0.4761448159592545,-0.4761448159592545,-0.5939217250760904,-0.5939217250760904,-0.5939217250760904,0.117776909116836,0.117776909116836,0.117776909116836,0.0,0.0,0.0,24.465605099826604
2025-12-01,46.69904457772062,51.410093703379445,81.90477049137148,46.69904457772062,46.69904457772062,0.41742735116531227,0.41742735116531227,0.41742735116531227,0.29552371244773484,0.29552371244773484,0.29552371244773484,0.12190363871757745,0.12190363871757745,0.12190363871757745,0.0,0.0,0.0,66.19250305774938
2025-12-02,46.69509595203015,49.98355953027445,81.73892212234931,46.69509595203015,46.69509595203015,0.41647575031725814,0.41647575031725814,0.41647575031725814,0.2911799250636874,0.2911799250636874,0.2911799250636874,0.12529582525357083,0.12529582525357083,0.12529582525357083,0.0,0.0,0.0,66.14247107478828
2025-12-03,46.69114732633969,45.71319085453348,78.68126160358763,46.69114732633969,46.69114732633969,0.34026092494012694,0.34026092494012694,0.34026092494012694,0.21236529192967762,0.21236529192967762,0.21236529192967762,0.12789563301044926,0.12789563301044926,0.12789563301044926,0.0,0.0,0.0,62.57832030211576
2025-12-04,46.68719870064922,46.38714315051134,75.76926571717257,46.6871987000754,46.68719870064922,0.3090780792947022,0.3090780792947022,0.3090780792947022,0.17942236200010367,0.17942236200010367,0.17942236200010367,0.12965571729459854,0.12965571729459854,0.12965571729459854,0.0,0.0,0.0,61.117188402696
2025-12-05,46.68325007495875,39.6473730769701,70.6881217570647,46.68325007243026,46.68325007607905,0.1864608290495239,0.1864608290495239,0.1864608290495239,0.055921080413129653,0.055921080413129653,0.055921080413129653,0.13053974863639425,0.13053974863639425,0.13053974863639425,0.0,0.0,0.0,55.38784758666181
2025-12-06,46.67930144926829,16.791313266220516,48.10844701867898,46.67930144378409,46.67930145263089,-0.30996795402208355,-0.30996795402208355,-0.30996795402208355,-0.4404906467775828,-0.4404906467775828,-0.4404906467775828,0.13052269275549927,0.13052269275549927,0.13052269275549927,0.0,0.0,0.0,32.210213883858515
2025-12-07,46.67535282357782,10.349642050801323,40.03546335532866,46.675352813925564,46.67535283001052,-0.4643308738221551,-0.4643308738221551,-0.4643308738221551,-0.5939217250757926,-0.5939217250757926,-0.5939217250757926,0.12959085125363745,0.12959085125363745,0.12959085125363745,0.0,0.0,0.0,25.002545461048534
2025-12-08,46.67140419788735,51.65373519224059,79.43739140434043,46.67140418447333,46.67140420746783,0.4232653869710695,0.4232653869710695,0.4232653869710695,0.2955237124481809,0.2955237124481809,0.2955237124481809,0.12774167452288865,0.12774167452288865,0.12774167452288865,0.0,0.0,0.0,66.42579415618934
2025-12-09,46.667455572196886,51.35892806420074,81.37648425540705,46.66745555478996,46.66745558683978,0.4161632893784712,0.4161632893784712,0.4161632893784712,0.29117992506436147,0.29117992506436147,0.29117992506436147,0.1249833643141097,0.1249833643141097,0.1249833643141097,0.0,0.0,0.0,66.088737390046
2025-12-10,46.66350694650641,47.482788405228966,77.31675996831838,46.663506923734424,46.6635069662582,0.3336995805571924,0.3336995805571924,0.3336995805571924,0.21236529192997017,0.21236529192997017,0.21236529192997017,0.12133428862722224,0.12133428862722224,0.12133428862722224,0.0,0.0,0.0,62.235099641883224
2025-12-11,46.65955832081595,45.55691676182543,77.03638239403952,46.659558291638746,46.65955834575385,0.29624459791938673,0.29624459791938673,0.29624459791938673,0.17942236199961506,0.17942236199961506,0.17942236199961506,0.1168222359197717,0.1168222359197717,0.1168222359197717,0.0,0.0,0.0,60.48220041466224
2025-12-12,46.65560969512548,39.37968682737485,70.26596973964055,46.65560965868284,46.6556097263255,0.16740461937593135,0.16740461937593135,0.16740461937593135,0.055921080412619825,0.055921080412619825,0.055921080412619825,0.11148353896331152,0.11148353896331152,0.11148353896331152,0.0,0.0,0.0,54.46597427788997
2025-12-13,46.65166106943501,15.898881398812279,45.941809030695545,46.65166102815851,46.65166110661926,-0.33512854584587665,-0.33512854584587665,-0.33512854584587665,-0.4404906467771771,-0.4404906467771771,-0.4404906467771771,0.10536210093130045,0.10536210093130045,0.10536210093130045,0.0,0.0,0.0,31.01735773394056
2025-12-14,46.647712443744545,8.340410094973407,38.322989770383906,46.64771239338825,46.647712487767606,-0.49541336764781196,-0.49541336764781196,-0.49541336764781196,-0.5939217250754947,-0.5939217250754947,-0.5939217250754947,0.09850835742768266,0.09850835742768266,0.09850835742768266,0.0,0.0,0.0,23.537812128922315
2025-12-15,46.643763818054076,50.059950727034234,80.39731612270553,46.6437637609573,46.643763866737764,0.38650192060722455,0.38650192060722455,0.38650192060722455,0.2955237124486144,0.2955237124486144,0.2955237124486144,0.09097820815861019,0.09097820815861019,0.09097820815861019,0.0,0.0,0.0,64.67166811808175
2025-12-16,46.63981519236361,48.798631693744085,79.00434314041671,46.63981512811768,46.639815246089334,0.37401187589769835,0.37401187589769835,0.37401187589769835,0.2911799250643025,0.2911799250643025,0.2911799250643025,0.08283195083339584,0.08283195083339584,0.08283195083339584,0.0,0.0,0.0,64.08365996398149
2025-12-17,46.635866566673144,44.26064931479267,75.05212993004375,46.635866496925104,46.63586662719691,0.28649853965370786,0.28649853965370786,0.28649853965370786,0.21236529193033807,0.21236529193033807,0.21236529193033807,0.0741332477233698,0.0741332477233698,0.0741332477233698,0.0,0.0,0.0,59.99697423351018
2025-12-18,46.631917940982675,44.04371948934435,72.88325781180268,46.63191786145926,46.63191801178314,0.24437051420385722,0.24437051420385722,0.24437051420385722,0.17942236199988104,0.17942236199988104,0.17942236199988104,0.06494815220397618,0.06494815220397618,0.06494815220397618,0.0,0.0,0.0,58.02738370653269
2025-12-19,46.627969315292205,36.9687877446452,67.45029200333713,46.627969230026004,46.62796939344572,0.11126529909296871,0.11126529909296871,0.11126529909296871,0.05592108041211,0.05592108041211,0.05592108041211,0.05534421868085872,0.05534421868085872,0.05534421868085872,0.0,0.0,0.0,51.81604426725596
2025-12-20,46.624020689601736,11.71500778144247,42.944192806036185,46.624020598121724,46.62402077430869,-0.3951009320674463,-0.3951009320674463,-0.3951009320674463,-0.44049064677800165,-0.44049064677800165,-0.44049064677800165,0.04538971471055538,0.04538971471055538,0.04538971471055538,0.0,0.0,0.0,28.20282665840819
2025-12-21,46.620072063911266,5.516139708728377,35.28080630725128,46.62007196512473,46.62007215906004,-0.5587687760396949,-0.5587687760396949,-0.5587687760396949,-0.593921725077274,-0.593921725077274,-0.593921725077274,0.03515294903757914,0.03515294903757914,0.03515294903757914,0.0,0.0,0.0,20.570231457877195
2025-12-22,46.616123438220804,46.99792025527493,75.86823049139576,46.61612332977202,46.616123540627484,0.32022543632173284,0.32022543632173284,0.32022543632173284,0.29552371244904807,0.29552371244904807,0.29552371244904807,0.024701723872684756,0.024701723872684756,0.024701723872684756,0.0,0.0,0.0,61.543791905852814
2025-12-23,46.612174812530334,47.040877907094085,75.80824420560809,46.61217469623524,46.612174926159796,0.3052828392857608,0.3052828392857608,0.3052828392857608,0.2911799250639177,0.2911799250639177,0.2911799250639177,0.01410291422184304,0.01410291422184304,0.01410291422184304,0.0,0.0,0.0,60.84207188458382
2025-12-24,46.60822618683987,42.12250383024747,72.24599355289325,46.6082260607898,46.6082263123909,0.2157874635698051,0.2157874635698051,0.2157874635698051,0.21236529192950676,0.21236529192950676,0.21236529192950676,0.003422171640298344,0.003422171640298344,0.003422171640298344,0.0,0.0,0.0,56.66569709718582
2025-12-25,46.6042775611494,38.9790941346045,70.22008350118055,46.60427742857008,46.60427769532623,0.1721461066213464,0.1721461066213464,0.1721461066213464,0.17942236200014702,0.17942236200014702,0.17942236200014702,-0.007276255378800619,-0.007276255378800619,-0.007276255378800619,0.0,0.0,0.0,54.62702249520184
2025-12-26,46.60032893545893,34.1308935352727,62.93290202411782,46.60032879269988,46.60032907863666,0.03799148352493322,0.03799148352493322,0.03799148352493322,0.05592108041345515,0.05592108041345515,0.05592108041345515,-0.01792959688852193,-0.01792959688852193,-0.01792959688852193,0.0,0.0,0.0,48.3707445644669
2025-12-27,46.59638030976847,10.27410661682332,40.13815946350575,46.59638015907301,46.59638046561398,-0.46896719623350946,-0.46896719623350946,-0.46896719623350946,-0.44049064677821104,-0.44049064677821104,-0.44049064677821104,-0.028476549455298445,-0.028476549455298445,-0.028476549455298445,0.0,0.0,0.0,24.744206481266044
2025-12-28,46.592431684078,1.5613162416236877,32.068614691659135,46.59243152427619,46.59243185081315,-0.6327789216463502,-0.6327789216463502,-0.6327789216463502,-0.5939217250766279,-0.5939217250766279,-0.5939217250766279,-0.03885719656972239,-0.03885719656972239,-0.03885719656972239,0.0,0.0,0.0,17.109723006145884
2025-12-29,46.58848305838753,42.666172033567236,73.37782935967766,46.58848288452517,46.58848323528133,0.2465108285027765,0.2465108285027765,0.2465108285027765,0.29552371244949405,0.29552371244949405,0.29552371244949405,-0.04901288394671752,-0.04901288394671752,-0.04901288394671752,0.0,0.0,0.0,58.0730486157982
2025-12-30,46.58453443269706,43.27705210546376,71.76580748601468,46.58453424985635,46.58453462069381,0.2322938513703395,0.2322938513703395,0.2322938513703395,0.2911799250638589,0.2911799250638589,0.2911799250638589,-0.05888607369351937,-0.05888607369351937,-0.05888607369351937,0.0,0.0,0.0,57.40583535036245
2025-12-31,46.58058580700659,37.67111876982293,68.21685643479998,46.58058560936168,46.580586005182404,0.14394509007026335,0.14394509007026335,0.14394509007026335,0.21236529192987472,0.21236529192987472,0.21236529192987472,-0.0684202018596114,-0.0684202018596114,-0.0684202018596114,0.0,0.0,0.0,53.28563242652178
