current_action,actual_next_action,top1_hit,top3_hit,train_probability
Connexion,"Changer les coordonnées bancaire, changement de RIB de bénéficiaire",0,0,0.002503576537911302
"Changer les coordonnées bancaire, changement de RIB pour les cotisations","Changer les coordonnées bancaire, changement de RIB de bénéficiaire",0,0,0.01757469244288225
Envoi d'un document,Changer les coordonnées bancaire,0,0,0.0131916452913155
Connexion SSO,Envoi d'un message,0,0,0.012983706720977596
Exporter remboursement,"Contactez nous : via message (Mon adhésion, Autres)",0,0,0.0011251758087201125
Connexion,envoi d'une demande de résiliation,0,0,0.01072961373390558
envoi d'une demande de résiliation,Contactez nous : via message (Mes remboursements),0,0,0.01694915254237288
Changer ses informations personnel,Changer les coordonnées bancaire,0,0,0.015
Connexion,"Changer les coordonnées bancaire, changement de RIB pour les cotisations",0,0,0.0075107296137339056
"Changer les coordonnées bancaire, changement de RIB pour les cotisations",Changement de Mot de passe,0,0,0.015817223198594025
Connexion en tant que,Exporter remboursement,0,0,0.019082235347569285
Partager un justificatif du PACS,Télécharger un décompte,0,0,0.018354860639021073
Connexion SSO,SSO Disconnect,0,0,0.017820773930753563
Connexion,Signature électronique d'un mandat sepa,0,0,0.016571292322365285
Exporter remboursement,Téléchargement de la carte de tiers payant,0,0,0.016877637130801686
Validation MFA,Ajout de la carte tiers payant dans le wallet,0,0,0.0025096965548710927
Ajout de la carte tiers payant dans le wallet,Changer ses informations personnel,0,0,0.003424657534246575
Connexion SSO,Contactez nous : via message (Mes cotisations),0,0,0.004582484725050916
Télécharger un décompte,Contactez nous : via message (Mes cotisations),0,0,0.0018552875695732839
Télécharger un décompte,Contactez nous : via message (Mes cotisations),0,0,0.0018552875695732839
Télécharger un décompte,Contactez nous : via message (Mes cotisations),0,0,0.0018552875695732839
Télécharger un décompte,Contactez nous : via message (Mes cotisations),0,0,0.0018552875695732839
Téléchargement de la carte de tiers payant,Changer ses informations personnel,0,0,0.015483182060864922
Validation MFA,Envoi carte TP par mail,0,0,0.019849418206707735
Connexion,Téléchargement carte TP,0,0,0.013471626132570339
Validation MFA,Envoi carte TP par mail,0,0,0.019849418206707735
Validation MFA,demander un renvoi par mail d'échéancier,0,0,0.016655258955053615
Télécharger un décompte,Ouverture d'un document contractuel,0,0,0.019016697588126158
Validation MFA,Contactez nous : via message (Mes remboursements),0,0,0.009126169290440338
Connexion,Envoi d'une réclamation,0,0,0.012994754411063424
Ouverture d'un document contractuel,Changement de Mot de passe,0,0,0.01599654128837008
Changement de Mot de passe,Télécharger le certificat d'adhésion,0,0,0.0075046904315197
Envoi d'un document,Télécharger le certificat d'adhésion,0,0,0.015390252839868083
Exporter remboursement,Ouverture d'un document contractuel,0,0,0.015189873417721518
Connexion,envoi d'une demande de résiliation,0,0,0.01072961373390558
envoi d'une demande de résiliation,Envoi d'un message,0,0,0.015536723163841809
Téléchargement de la carte de tiers payant,Télécharger le certificat d'adhésion,0,0,0.011745862253069941
Télécharger le certificat d'adhésion,Renvoi carte TP papier,0,0,0.01764705882352941
Connexion en tant que,Envoi carte TP par mail,0,0,0.017719218537028625
Connexion,Contactez nous : via message (Mes prises en charge/devis),0,0,0.0033381020505484026
Contactez nous : via message (Mes prises en charge/devis),Contactez nous : via message (Ma carte tiers-payant),0,0,0.018072289156626505
Envoi d'un document,Ajout de la carte tiers payant dans le wallet,0,0,0.00622938805423232
Ajout de la carte tiers payant dans le wallet,Changer l'organisme de rattachement sécu. Social,0,0,0.003424657534246575
Changer l'organisme de rattachement sécu. Social,envoi d'une demande de résiliation,0,0,0.002390057361376673
Signature électronique d'un mandat sepa,Ouverture d'un document contractuel,0,0,0.015331747290510176
Connexion,Envoi d'un message,0,0,0.00798760133524082
Connexion,Partager un justificatif du PACS,0,0,0.019432522651406773
Téléchargement de la carte de tiers payant,Ouverture d'un document contractuel,0,0,0.013347570742124934
Connexion,"Changer les coordonnées bancaire, changement de RIB pour les cotisations",0,0,0.0075107296137339056
Connexion,Déconnexion,0,0,0.007272293752980448
Changement de Mot de passe,Téléchargement carte TP,0,0,0.0031269543464665416
Connexion en tant que,SSO Disconnect,0,0,0.016810540663334848
Ouverture d'un document contractuel,envoi d'une demande de résiliation,0,0,0.0030263726761781237
Changer ses informations personnel,Partager un justificatif du PACS,0,0,0.015
Exporter remboursement,Changement de Mot de passe,0,0,0.015471167369901548
Signature électronique d'un mandat sepa,Exporter remboursement,0,0,0.0050224689399947136
envoi d'une demande de résiliation,Contactez nous : via message (Mes garanties),0,0,0.00423728813559322
Connexion SSO,Ajout de la carte tiers payant dans le wallet,0,0,0.003564154786150713
Téléchargement de la carte de tiers payant,Changer ses informations personnel,0,0,0.015483182060864922
Connexion,Signature électronique d'un mandat sepa,0,0,0.016571292322365285
Signature électronique d'un mandat sepa,Partager un justificatif du PACS,0,0,0.010837959291567539
Signature électronique d'un mandat sepa,Changer ses informations personnel,0,0,0.015331747290510176
Connexion,Contactez nous : via message (Mes remboursements),0,0,0.004291845493562232
Connexion,Contactez nous : via message (Ma carte tiers-payant),0,0,0.001072961373390558
Validation MFA,Envoi d'un message,0,0,0.015058179329226557
Envoi d'un message,envoi d'une demande de résiliation,0,0,0.017699115044247787
Validation MFA,"Changer les coordonnées bancaire, changement de RIB pour les cotisations",0,0,0.018708647045402694
"Changer les coordonnées bancaire, changement de RIB pour les cotisations",Ouverture d'un document contractuel,0,0,0.015817223198594025
Téléchargement de la carte de tiers payant,Changement de Mot de passe,0,0,0.005339028296849973
Changement de Mot de passe,envoi d'une demande de résiliation,0,0,0.0006253908692933083
Connexion SSO,demander un renvoi par mail d'échéancier,0,0,0.014511201629327902
Connexion SSO,"Contactez nous : via message (Mon adhésion, Autres)",0,0,0.007892057026476579
Envoi d'un document,"Changer les coordonnées bancaire, changement de RIB pour les cotisations",0,0,0.007695126419934042
Validation MFA,"Changer les coordonnées bancaire, changement de RIB pour les cotisations",0,0,0.018708647045402694
Connexion SSO,Contactez nous : via message (Mes remboursements),0,0,0.009164969450101833
Connexion,Envoi carte TP par mail,0,0,0.010848831664282308
Envoi carte TP par mail,Changer ses informations personnel,0,0,0.008215962441314555
Ouverture d'un document contractuel,Changer l'organisme de rattachement sécu. Social,0,0,0.012537829658452227
Changer l'organisme de rattachement sécu. Social,"Changer les coordonnées bancaire, changement de RIB pour les cotisations",0,0,0.01577437858508604
Connexion,Envoi carte TP par mail,0,0,0.010848831664282308
Connexion en tant que,Téléchargement carte TP,0,0,0.009995456610631531
Connexion,"Changer les coordonnées bancaire, changement de RIB pour les cotisations",0,0,0.0075107296137339056
Connexion SSO,Contactez nous : via message (Mes prises en charge/devis),0,0,0.004837067209775967
Contactez nous : via message (Mes prises en charge/devis),Contactez nous : via message (Ma télétransmission - rattachement automatique avec votre Régime Obligatoire),0,0,0.012048192771084338
Connexion,Contactez nous : via message (Mes garanties),0,0,0.004649499284692418
Contactez nous : via message (Mes garanties),Ouverture d'un document contractuel,0,0,0.007905138339920948
Connexion,Changer les coordonnées bancaire,0,0,0.014425369575584168
Changer ses informations personnel,Partager un justificatif du PACS,0,0,0.015
Changement de Mot de passe,"Changer les coordonnées bancaire, changement de RIB pour les cotisations",0,0,0.012507817385866166
Envoi d'une réclamation,Ouverture d'un document contractuel,0,0,0.017977528089887642
Envoi d'un document,"Changer les coordonnées bancaire, changement de RIB pour les cotisations",0,0,0.007695126419934042
Télécharger un décompte,Envoi carte TP par mail,0,0,0.014842300556586271
Exporter remboursement,Renvoi carte TP papier,0,0,0.00590717299578059
Télécharger un décompte,Ouverture d'un document contractuel,0,0,0.019016697588126158
Ouverture d'un document contractuel,Renvoi carte TP papier,0,0,0.01340250756593169
Télécharger un décompte,Renvoi carte TP papier,0,0,0.011595547309833023
Envoi d'un document,Renvoi carte TP papier,0,0,0.010260168559912056
Ouverture d'un document contractuel,Renvoi carte TP papier,0,0,0.01340250756593169
Exporter remboursement,Envoi d'un document,0,0,0.018565400843881856
Connexion SSO,Contactez nous : via message (Mes cotisations),0,0,0.004582484725050916
Connexion,Partager un justificatif du PACS,0,0,0.019432522651406773
Exporter remboursement,"Changer les coordonnées bancaire, changement de RIB pour les cotisations",0,0,0.00450070323488045
Connexion SSO,Contactez nous : via message (Mes cotisations),0,0,0.004582484725050916
"Contactez nous : via message (Mon adhésion, Autres)",demander un renvoi par mail d'échéancier,0,0,0.01937984496124031
Exporter remboursement,Contactez nous : via message (Mes garanties),0,0,0.0028129395218002813
envoi d'une demande de résiliation,Télécharger un décompte,0,0,0.014124293785310734
Connexion,"Changer les coordonnées bancaire, changement de RIB pour les remboursements",0,0,0.008702908917501192
Validation MFA,Contactez nous : via message (Mes remboursements),0,0,0.009126169290440338
Envoi d'un message,Exporter remboursement,0,0,0.00663716814159292
Validation MFA,Envoi d'un message,0,0,0.015058179329226557
Contactez nous : via message (Mes remboursements),envoi d'une demande de résiliation,0,0,0.01718213058419244
Changer l'organisme de rattachement sécu. Social,Ouverture d'un document contractuel,0,0,0.0124282982791587
Connexion,Partager un justificatif du PACS,0,0,0.019432522651406773
Signature électronique d'un mandat sepa,Renvoi carte TP papier,0,0,0.007137192704203013
Signature électronique d'un mandat sepa,Renvoi carte TP papier,0,0,0.007137192704203013
Connexion,Envoi d'une réclamation,0,0,0.012994754411063424
Envoi carte TP par mail,Changer ses informations personnel,0,0,0.008215962441314555
Téléchargement de la carte de tiers payant,Partager un justificatif du PACS,0,0,0.004805125467164976
Connexion SSO,Contactez nous : via message (Mes cotisations),0,0,0.004582484725050916
Connexion,Téléchargement carte TP,0,0,0.013471626132570339
Connexion,Envoi d'une réclamation,0,0,0.012994754411063424
Connexion,Changer l'organisme de rattachement sécu. Social,0,0,0.010848831664282308
Changer l'organisme de rattachement sécu. Social,Contactez nous : via message (Mes garanties),0,0,0.0004780114722753346
Contactez nous : via message (Mes garanties),Ouverture d'un document contractuel,0,0,0.007905138339920948
Connexion,Contactez nous : via message (Mes cotisations),0,0,0.002384358607534573
Signature électronique d'un mandat sepa,Télécharger un décompte,0,0,0.003965107057890563
Exporter remboursement,Partager un justificatif du PACS,0,0,0.012939521800281293
Connexion,demander un renvoi par mail d'échéancier,0,0,0.008583690987124463
Changer ses informations personnel,Signature électronique d'un mandat sepa,0,0,0.014166666666666666
Validation MFA,"Changer les coordonnées bancaire, changement de RIB pour les cotisations",0,0,0.018708647045402694
Ouverture d'un document contractuel,Envoi d'une réclamation,0,0,0.005620406398616515
Connexion SSO,demander un renvoi par mail d'échéancier,0,0,0.014511201629327902
Partager un justificatif du PACS,Envoi d'un message,0,0,0.011556764106050306
Connexion,Déconnexion,0,0,0.007272293752980448
Changer les coordonnées bancaire,Partager un justificatif du PACS,0,0,0.011733333333333333
Partager un justificatif du PACS,"Changer les coordonnées bancaire, changement de RIB pour les cotisations",0,0,0.008837525492861998
Télécharger un décompte,"Changer les coordonnées bancaire, changement de RIB pour les cotisations",0,0,0.0037105751391465678
"Changer les coordonnées bancaire, changement de RIB pour les cotisations",Ouverture d'un document contractuel,0,0,0.015817223198594025
Connexion,Envoi d'un message,0,0,0.00798760133524082
Télécharger le certificat d'adhésion,Renvoi carte TP papier,0,0,0.01764705882352941
Ouverture d'un document contractuel,Télécharger le certificat d'adhésion,0,0,0.01297016861219196
Télécharger le certificat d'adhésion,Renvoi carte TP papier,0,0,0.01764705882352941
Renvoi carte TP papier,Télécharger le certificat d'adhésion,0,0,0.017527675276752766
Télécharger le certificat d'adhésion,Téléchargement carte TP,0,0,0.01764705882352941
Exporter remboursement,Téléchargement carte TP,0,0,0.008157524613220815
Connexion SSO,Contactez nous : via message (Mes garanties),0,0,0.006364562118126273
Connexion SSO,SSO Disconnect,0,0,0.017820773930753563
Changer les coordonnées bancaire,Envoi carte TP par mail,0,0,0.005866666666666667
Changement de Mot de passe,Télécharger le certificat d'adhésion,0,0,0.0075046904315197
Connexion SSO,"Changer les coordonnées bancaire, changement de RIB pour les remboursements",0,0,0.017566191446028515
Connexion SSO,SSO Disconnect,0,0,0.017820773930753563
Connexion,Changer les coordonnées bancaire,0,0,0.014425369575584168
Connexion SSO,Contactez nous : via message (Mes prises en charge/devis),0,0,0.004837067209775967
Changer ses informations personnel,Téléchargement de la carte de tiers payant,0,0,0.008055555555555555
Connexion SSO,Contactez nous : via message (Mes garanties),0,0,0.006364562118126273
Connexion,demander un renvoi par mail d'échéancier,0,0,0.008583690987124463
Connexion SSO,SSO Disconnect,0,0,0.017820773930753563
Connexion SSO,"Contactez nous : via message (Mon adhésion, Autres)",0,0,0.007892057026476579
"Contactez nous : via message (Mon adhésion, Autres)",demander un renvoi par mail d'échéancier,0,0,0.01937984496124031
Connexion,Télécharger le certificat d'adhésion,0,0,0.012756318550309967
Connexion,Signature électronique d'un mandat sepa,0,0,0.016571292322365285
Téléchargement de la carte de tiers payant,Partager un justificatif du PACS,0,0,0.004805125467164976
Ouverture d'un document contractuel,Changer les coordonnées bancaire,0,0,0.01772589710332901
Changer l'organisme de rattachement sécu. Social,Envoi d'un document,0,0,0.019120458891013385
Connexion SSO,demander un renvoi par mail d'échéancier,0,0,0.014511201629327902
Connexion SSO,demander un renvoi par mail d'échéancier,0,0,0.014511201629327902
demander un renvoi par mail d'échéancier,Renvoi carte TP papier,0,0,0.006048387096774193
Validation MFA,Envoi d'un message,0,0,0.015058179329226557
Connexion en tant que,Télécharger le certificat d'adhésion,0,0,0.009086778736937756
Télécharger le certificat d'adhésion,Téléchargement carte TP,0,0,0.01764705882352941
Exporter remboursement,Envoi d'un message,0,0,0.001969057665260197
Signature électronique d'un mandat sepa,Ouverture d'un document contractuel,0,0,0.015331747290510176
Connexion,envoi d'une demande de résiliation,0,0,0.01072961373390558
Connexion en tant que,Téléchargement carte TP,0,0,0.009995456610631531
Connexion SSO,SSO Disconnect,0,0,0.017820773930753563
Connexion,Téléchargement carte TP,0,0,0.013471626132570339
Changer les coordonnées bancaire,Télécharger un décompte,0,0,0.005333333333333333
Exporter remboursement,Ouverture d'un document contractuel,0,0,0.015189873417721518
Signature électronique d'un mandat sepa,Ouverture d'un document contractuel,0,0,0.015331747290510176
Exporter remboursement,Changer les coordonnées bancaire,0,0,0.00450070323488045
Connexion,envoi d'une demande de résiliation,0,0,0.01072961373390558
Validation MFA,demander un renvoi par mail d'échéancier,0,0,0.016655258955053615
Validation MFA,"Changer les coordonnées bancaire, changement de RIB pour les remboursements",0,0,0.018024184348619667
Signature électronique d'un mandat sepa,Partager un justificatif du PACS,0,0,0.010837959291567539
Validation MFA,"Changer les coordonnées bancaire, changement de RIB pour les cotisations",0,0,0.018708647045402694
Validation MFA,demander un renvoi par mail d'échéancier,0,0,0.016655258955053615
Exporter remboursement,Envoi d'un document,0,0,0.018565400843881856
Exporter remboursement,Signature électronique d'un mandat sepa,0,0,0.007032348804500703
"Changer les coordonnées bancaire, changement de RIB pour les remboursements",Ouverture d'un document contractuel,0,0,0.014314928425357873
Connexion,Envoi d'un message,0,0,0.00798760133524082
Envoi d'un message,Exporter remboursement,0,0,0.00663716814159292
Connexion SSO,demander un renvoi par mail d'échéancier,0,0,0.014511201629327902
demander un renvoi par mail d'échéancier,Envoi d'un message,0,0,0.016129032258064516
Validation MFA,Contactez nous : via message (Mes garanties),0,0,0.012092174309833448
Contactez nous : via message (Mes garanties),demander un renvoi par mail d'échéancier,0,0,0.019762845849802372
Connexion en tant que,Télécharger le certificat d'adhésion,0,0,0.009086778736937756
Validation MFA,"Changer les coordonnées bancaire, changement de RIB pour les remboursements",0,0,0.018024184348619667
Signature électronique d'un mandat sepa,Partager un justificatif du PACS,0,0,0.010837959291567539
Exporter remboursement,Envoi d'un document,0,0,0.018565400843881856
Exporter remboursement,Envoi d'un document,0,0,0.018565400843881856
Exporter remboursement,Téléchargement de la carte de tiers payant,0,0,0.016877637130801686
Ouverture d'un document contractuel,"Changer les coordonnées bancaire, changement de RIB pour les remboursements",0,0,0.006917423259835711
Connexion,demander un renvoi par mail d'échéancier,0,0,0.008583690987124463
Signature électronique d'un mandat sepa,Changer ses informations personnel,0,0,0.015331747290510176
Exporter remboursement,Changer les coordonnées bancaire,0,0,0.00450070323488045
Connexion en tant que,SSO Disconnect,0,0,0.016810540663334848
Connexion,Signature électronique d'un mandat sepa,0,0,0.016571292322365285
Signature électronique d'un mandat sepa,Changement de Mot de passe,0,0,0.007137192704203013
Exporter remboursement,Envoi d'un document,0,0,0.018565400843881856
Ouverture d'un document contractuel,Changer les coordonnées bancaire,0,0,0.01772589710332901
Connexion,Signature électronique d'un mandat sepa,0,0,0.016571292322365285
Envoi d'un document,demander un renvoi par mail d'échéancier,0,0,0.005496518871381458
Changement de Mot de passe,Télécharger le certificat d'adhésion,0,0,0.0075046904315197
Ouverture d'un document contractuel,Télécharger le certificat d'adhésion,0,0,0.01297016861219196
Exporter remboursement,Changement de Mot de passe,0,0,0.015471167369901548
Validation MFA,"Changer les coordonnées bancaire, changement de RIB pour les remboursements",0,0,0.018024184348619667
envoi d'une demande de résiliation,"Contactez nous : via message (Mon adhésion, Autres)",0,0,0.00423728813559322
Exporter remboursement,Changement de Mot de passe,0,0,0.015471167369901548
Connexion SSO,Contactez nous : via message (Mes garanties),0,0,0.006364562118126273
Téléchargement de la carte de tiers payant,demander un renvoi par mail d'échéancier,0,0,0.001601708489054992
Validation MFA,Envoi d'un message,0,0,0.015058179329226557
Connexion,Signature électronique d'un mandat sepa,0,0,0.016571292322365285
Connexion en tant que,Envoi carte TP par mail,0,0,0.017719218537028625
Ouverture d'un document contractuel,Changer l'organisme de rattachement sécu. Social,0,0,0.012537829658452227
Connexion SSO,Envoi d'un message,0,0,0.012983706720977596
Envoi d'un message,Envoi d'un document,0,0,0.015486725663716814
Connexion,envoi d'une demande de résiliation,0,0,0.01072961373390558
Connexion en tant que,Envoi d'une réclamation,0,0,0.005906406179009541
Envoi d'une réclamation,Exporter remboursement,0,0,0.019101123595505618
Exporter remboursement,Envoi d'une réclamation,0,0,0.004781997187060478
Envoi d'une réclamation,Exporter remboursement,0,0,0.019101123595505618
Exporter remboursement,Envoi d'une réclamation,0,0,0.004781997187060478
Envoi d'une réclamation,Exporter remboursement,0,0,0.019101123595505618
Exporter remboursement,Envoi d'une réclamation,0,0,0.004781997187060478
Envoi d'une réclamation,Exporter remboursement,0,0,0.019101123595505618
Exporter remboursement,Envoi d'une réclamation,0,0,0.004781997187060478
Envoi d'une réclamation,Exporter remboursement,0,0,0.019101123595505618
Connexion,Contactez nous : via message (Ma télétransmission - rattachement automatique avec votre Régime Obligatoire),0,0,0.0004768717215069146
Connexion SSO,Envoi d'un message,0,0,0.012983706720977596
Envoi d'un message,envoi d'une demande de résiliation,0,0,0.017699115044247787
Connexion SSO,Contactez nous : via message (Mes cotisations),0,0,0.004582484725050916
Contactez nous : via message (Mes cotisations),Contactez nous : via message (Ma carte tiers-payant),0,0,0.013333333333333334
Contactez nous : via message (Ma carte tiers-payant),Télécharger le certificat d'adhésion,0,0,0.0
Validation MFA,Contactez nous : via message (Mes cotisations),0,0,0.005019393109742185
Changer l'organisme de rattachement sécu. Social,Changement de Mot de passe,0,0,0.0019120458891013384
Connexion,Envoi d'une réclamation,0,0,0.012994754411063424
Envoi d'une réclamation,Ouverture d'un document contractuel,0,0,0.017977528089887642
Partager un justificatif du PACS,"Changer les coordonnées bancaire, changement de RIB pour les cotisations",0,0,0.008837525492861998
Téléchargement de la carte de tiers payant,Changer ses informations personnel,0,0,0.015483182060864922
Connexion,demander un renvoi par mail d'échéancier,0,0,0.008583690987124463
demander un renvoi par mail d'échéancier,Contactez nous : via message (Mes garanties),0,0,0.008064516129032258
Validation MFA,Envoi carte TP par mail,0,0,0.019849418206707735
Validation MFA,Envoi carte TP par mail,0,0,0.019849418206707735
Connexion,Renvoi carte TP papier,0,0,0.012994754411063424
Changer l'organisme de rattachement sécu. Social,Téléchargement de la carte de tiers payant,0,0,0.004302103250478011
Connexion,Changer les coordonnées bancaire,0,0,0.014425369575584168
Changer ses informations personnel,Envoi carte TP par mail,0,0,0.0030555555555555557
Connexion,"Changer les coordonnées bancaire, changement de RIB pour les remboursements",0,0,0.008702908917501192
Changer ses informations personnel,Changer les coordonnées bancaire,0,0,0.015
Changer les coordonnées bancaire,Ouverture d'un document contractuel,0,0,0.014933333333333333
Connexion en tant que,Exporter remboursement,0,0,0.019082235347569285
Ouverture d'un document contractuel,Renvoi carte TP papier,0,0,0.01340250756593169
Renvoi carte TP papier,Télécharger le certificat d'adhésion,0,0,0.017527675276752766
Télécharger le certificat d'adhésion,Renvoi carte TP papier,0,0,0.01764705882352941
Renvoi carte TP papier,Télécharger le certificat d'adhésion,0,0,0.017527675276752766
Ouverture d'un document contractuel,Télécharger le certificat d'adhésion,0,0,0.01297016861219196
Envoi d'un document,Renvoi carte TP papier,0,0,0.010260168559912056
Renvoi carte TP papier,Télécharger le certificat d'adhésion,0,0,0.017527675276752766
Téléchargement de la carte de tiers payant,Changer l'organisme de rattachement sécu. Social,0,0,0.004271222637479978
Connexion,Contactez nous : via message (Mes garanties),0,0,0.004649499284692418
Connexion en tant que,envoi d'une demande de résiliation,0,0,0.004543389368468878
envoi d'une demande de résiliation,Télécharger un décompte,0,0,0.014124293785310734
Changer ses informations personnel,Changer l'organisme de rattachement sécu. Social,0,0,0.0022222222222222222
Connexion,Télécharger le certificat d'adhésion,0,0,0.012756318550309967
Validation MFA,"Changer les coordonnées bancaire, changement de RIB pour les cotisations",0,0,0.018708647045402694
Connexion,Téléchargement carte TP,0,0,0.013471626132570339
Téléchargement carte TP,Envoi d'un document,0,0,0.016037735849056604
Envoi d'un document,"Changer les coordonnées bancaire, changement de RIB pour les cotisations",0,0,0.007695126419934042
Téléchargement de la carte de tiers payant,Changer ses informations personnel,0,0,0.015483182060864922
Changement de Mot de passe,Télécharger un décompte,0,0,0.01876172607879925
Validation MFA,Contactez nous : via message (Mes cotisations),0,0,0.005019393109742185
Connexion SSO,"Changer les coordonnées bancaire, changement de RIB pour les remboursements",0,0,0.017566191446028515
Changer l'organisme de rattachement sécu. Social,Contactez nous : via message (Mes prises en charge/devis),0,0,0.0004780114722753346
Télécharger un décompte,Renvoi carte TP papier,0,0,0.011595547309833023
Connexion SSO,Contactez nous : via message (Mes prises en charge/devis),0,0,0.004837067209775967
Validation MFA,"Changer les coordonnées bancaire, changement de RIB pour les cotisations",0,0,0.018708647045402694
Exporter remboursement,Renvoi carte TP papier,0,0,0.00590717299578059
Partager un justificatif du PACS,demander un renvoi par mail d'échéancier,0,0,0.0020394289598912306
Ouverture d'un document contractuel,Changement de Mot de passe,0,0,0.01599654128837008
Ouverture d'un document contractuel,"Changer les coordonnées bancaire, changement de RIB pour les cotisations",0,0,0.00864677907479464
Connexion,Télécharger le certificat d'adhésion,0,0,0.012756318550309967
Connexion,Contactez nous : via message (Ma carte tiers-payant),0,0,0.001072961373390558
Connexion,Changer les coordonnées bancaire,0,0,0.014425369575584168
"Changer les coordonnées bancaire, changement de RIB pour les remboursements","Changer les coordonnées bancaire, changement de RIB de bénéficiaire",0,0,0.017382413087934562
Connexion SSO,demander un renvoi par mail d'échéancier,0,0,0.014511201629327902
Changer l'organisme de rattachement sécu. Social,Ouverture d'un document contractuel,0,0,0.0124282982791587
Connexion,Changer l'organisme de rattachement sécu. Social,0,0,0.010848831664282308
Changer l'organisme de rattachement sécu. Social,Ajout de la carte tiers payant dans le wallet,0,0,0.0009560229445506692
Partager un justificatif du PACS,"Changer les coordonnées bancaire, changement de RIB pour les remboursements",0,0,0.008157715839564922
Connexion,Contactez nous : via message (Mes cotisations),0,0,0.002384358607534573
Connexion,envoi d'une demande de résiliation,0,0,0.01072961373390558
Connexion,Partager un justificatif du PACS,0,0,0.019432522651406773
Connexion,"Changer les coordonnées bancaire, changement de RIB pour les cotisations",0,0,0.0075107296137339056
Partager un justificatif du PACS,Télécharger un décompte,0,0,0.018354860639021073
Envoi d'un document,Envoi carte TP par mail,0,0,0.009160864785635764
Connexion SSO,"Contactez nous : via message (Mon adhésion, Autres)",0,0,0.007892057026476579
"Contactez nous : via message (Mon adhésion, Autres)",Télécharger un décompte,0,0,0.015503875968992248
Connexion,Changer les coordonnées bancaire,0,0,0.014425369575584168
Changer les coordonnées bancaire,Changement de Mot de passe,0,0,0.014933333333333333
Signature électronique d'un mandat sepa,Télécharger le certificat d'adhésion,0,0,0.00105736188210415
Changer ses informations personnel,Changer les coordonnées bancaire,0,0,0.015
Connexion,Envoi carte TP par mail,0,0,0.010848831664282308
Signature électronique d'un mandat sepa,Ouverture d'un document contractuel,0,0,0.015331747290510176
Télécharger un décompte,Ouverture d'un document contractuel,0,0,0.019016697588126158
Signature électronique d'un mandat sepa,demander un renvoi par mail d'échéancier,0,0,0.000528680941052075
Envoi d'une réclamation,Contactez nous : via message (Ma carte tiers-payant),0,0,0.0056179775280898875
Connexion,Changer l'organisme de rattachement sécu. Social,0,0,0.010848831664282308
Changer les coordonnées bancaire,Partager un justificatif du PACS,0,0,0.011733333333333333
Exporter remboursement,Envoi carte TP par mail,0,0,0.002531645569620253
Exporter remboursement,Partager un justificatif du PACS,0,0,0.012939521800281293
Connexion,Signature électronique d'un mandat sepa,0,0,0.016571292322365285
Connexion SSO,SSO Disconnect,0,0,0.017820773930753563
Connexion,Contactez nous : via message (Ma télétransmission - rattachement automatique avec votre Régime Obligatoire),0,0,0.0004768717215069146
Partager un justificatif du PACS,Contactez nous : via message (Ma télétransmission - rattachement automatique avec votre Régime Obligatoire),0,0,0.002719238613188307
Partager un justificatif du PACS,Contactez nous : via message (Ma télétransmission - rattachement automatique avec votre Régime Obligatoire),0,0,0.002719238613188307
Partager un justificatif du PACS,Contactez nous : via message (Ma télétransmission - rattachement automatique avec votre Régime Obligatoire),0,0,0.002719238613188307
Téléchargement de la carte de tiers payant,Changement de Mot de passe,0,0,0.005339028296849973
Connexion,Signature électronique d'un mandat sepa,0,0,0.016571292322365285
Connexion,demander un renvoi par mail d'échéancier,0,0,0.008583690987124463
Validation MFA,"Changer les coordonnées bancaire, changement de RIB pour les remboursements",0,0,0.018024184348619667
Envoi d'un document,"Changer les coordonnées bancaire, changement de RIB pour les remboursements",0,0,0.006962257237083181
"Changer les coordonnées bancaire, changement de RIB pour les cotisations",Ouverture d'un document contractuel,0,0,0.015817223198594025
Validation MFA,Envoi d'un message,0,0,0.015058179329226557
Envoi d'un message,Exporter remboursement,0,0,0.00663716814159292
Envoi d'un document,Changer l'organisme de rattachement sécu. Social,0,0,0.01282521069989007
Validation MFA,demander un renvoi par mail d'échéancier,0,0,0.016655258955053615
Connexion,Partager un justificatif du PACS,0,0,0.019432522651406773
Partager un justificatif du PACS,demander un renvoi par mail d'échéancier,0,0,0.0020394289598912306
Envoi d'une réclamation,Changer l'organisme de rattachement sécu. Social,0,0,0.0033707865168539327
Connexion,Changer l'organisme de rattachement sécu. Social,0,0,0.010848831664282308
Connexion en tant que,envoi d'une demande de résiliation,0,0,0.004543389368468878
envoi d'une demande de résiliation,Téléchargement de la carte de tiers payant,0,0,0.0014124293785310734
Téléchargement de la carte de tiers payant,Envoi d'une réclamation,0,0,0.0
Envoi d'une réclamation,Exporter remboursement,0,0,0.019101123595505618
Changer ses informations personnel,Changer l'organisme de rattachement sécu. Social,0,0,0.0022222222222222222
Exporter remboursement,Signature électronique d'un mandat sepa,0,0,0.007032348804500703
Envoi d'un document,"Changer les coordonnées bancaire, changement de RIB pour les cotisations",0,0,0.007695126419934042
"Changer les coordonnées bancaire, changement de RIB pour les remboursements",Partager un justificatif du PACS,0,0,0.011247443762781187
Changer ses informations personnel,Changer les coordonnées bancaire,0,0,0.015
Connexion,"Changer les coordonnées bancaire, changement de RIB pour les remboursements",0,0,0.008702908917501192
Connexion SSO,Envoi d'un message,0,0,0.012983706720977596
Contactez nous : via message (Mes cotisations),Partager un justificatif du PACS,0,0,0.0
Connexion en tant que,Télécharger le certificat d'adhésion,0,0,0.009086778736937756
Exporter remboursement,Partager un justificatif du PACS,0,0,0.012939521800281293
Connexion,Changer l'organisme de rattachement sécu. Social,0,0,0.010848831664282308
Changer l'organisme de rattachement sécu. Social,Contactez nous : via message (Ma carte tiers-payant),0,0,0.0
Changement de Mot de passe,demander un renvoi par mail d'échéancier,0,0,0.0
envoi d'une demande de résiliation,Renvoi carte TP papier,0,0,0.002824858757062147
Changer ses informations personnel,Signature électronique d'un mandat sepa,0,0,0.014166666666666666
Exporter remboursement,Téléchargement carte TP,0,0,0.008157524613220815
Envoi d'un document,envoi d'une demande de résiliation,0,0,0.004397215097105167
Téléchargement de la carte de tiers payant,Changer ses informations personnel,0,0,0.015483182060864922
Ouverture d'un document contractuel,demander un renvoi par mail d'échéancier,0,0,0.0034587116299178555
Changer ses informations personnel,"Changer les coordonnées bancaire, changement de RIB pour les cotisations",0,0,0.009444444444444445
Changement de Mot de passe,Changer les coordonnées bancaire,0,0,0.016885553470919325
Envoi carte TP par mail,Partager un justificatif du PACS,0,0,0.0035211267605633804
Connexion SSO,Contactez nous : via message (Mes cotisations),0,0,0.004582484725050916
Contactez nous : via message (Mes remboursements),Contactez nous : via message (Ma carte tiers-payant),0,0,0.013745704467353952
Changer l'organisme de rattachement sécu. Social,"Changer les coordonnées bancaire, changement de RIB pour les cotisations",0,0,0.01577437858508604
Connexion,Télécharger le certificat d'adhésion,0,0,0.012756318550309967
Envoi d'un document,"Changer les coordonnées bancaire, changement de RIB pour les cotisations",0,0,0.007695126419934042
Changer les coordonnées bancaire,Télécharger un décompte,0,0,0.005333333333333333
Changer ses informations personnel,Renvoi carte TP papier,0,0,0.005555555555555556
Connexion,Renvoi carte TP papier,0,0,0.012994754411063424
Changer les coordonnées bancaire,Envoi carte TP par mail,0,0,0.005866666666666667
Connexion SSO,Ajout de la carte tiers payant dans le wallet,0,0,0.003564154786150713
Validation MFA,Contactez nous : via message (Mes remboursements),0,0,0.009126169290440338
Contactez nous : via message (Mes remboursements),envoi d'une demande de résiliation,0,0,0.01718213058419244
envoi d'une demande de résiliation,Télécharger le certificat d'adhésion,0,0,0.009887005649717515
Ouverture d'un document contractuel,Changement de Mot de passe,0,0,0.01599654128837008
Téléchargement carte TP,Changer l'organisme de rattachement sécu. Social,0,0,0.0037735849056603774
Signature électronique d'un mandat sepa,Ouverture d'un document contractuel,0,0,0.015331747290510176
Connexion,Ajout de la carte tiers payant dans le wallet,0,0,0.003934191702432046
Télécharger le certificat d'adhésion,Changement de Mot de passe,0,0,0.015126050420168067
Connexion,Partager un justificatif du PACS,0,0,0.019432522651406773
Validation MFA,"Changer les coordonnées bancaire, changement de RIB pour les cotisations",0,0,0.018708647045402694
Changer les coordonnées bancaire,Télécharger le certificat d'adhésion,0,0,0.0010666666666666667
Connexion,Changer l'organisme de rattachement sécu. Social,0,0,0.010848831664282308
Connexion en tant que,SSO Disconnect,0,0,0.016810540663334848
Envoi d'un document,Changer les coordonnées bancaire,0,0,0.0131916452913155
Connexion SSO,SSO Disconnect,0,0,0.017820773930753563
Exporter remboursement,Changement de Mot de passe,0,0,0.015471167369901548
Ouverture d'un document contractuel,envoi d'une demande de résiliation,0,0,0.0030263726761781237
Connexion SSO,"Changer les coordonnées bancaire, changement de RIB pour les remboursements",0,0,0.017566191446028515
Changer l'organisme de rattachement sécu. Social,"Changer les coordonnées bancaire, changement de RIB pour les remboursements",0,0,0.016252390057361378
Changer ses informations personnel,Téléchargement de la carte de tiers payant,0,0,0.008055555555555555
Exporter remboursement,Envoi d'un document,0,0,0.018565400843881856
Connexion en tant que,Envoi carte TP par mail,0,0,0.017719218537028625
Envoi carte TP par mail,Partager un justificatif du PACS,0,0,0.0035211267605633804
Connexion,"Changer les coordonnées bancaire, changement de RIB pour les remboursements",0,0,0.008702908917501192
Télécharger un décompte,Renvoi carte TP papier,0,0,0.011595547309833023
Téléchargement de la carte de tiers payant,Ouverture d'un document contractuel,0,0,0.013347570742124934
Ouverture d'un document contractuel,Renvoi carte TP papier,0,0,0.01340250756593169
Télécharger un décompte,Ouverture d'un document contractuel,0,0,0.019016697588126158
Télécharger un décompte,Ouverture d'un document contractuel,0,0,0.019016697588126158
Validation MFA,"Changer les coordonnées bancaire, changement de RIB pour les cotisations",0,0,0.018708647045402694
Envoi d'un document,Envoi carte TP par mail,0,0,0.009160864785635764
Connexion,Renvoi carte TP papier,0,0,0.012994754411063424
Changer ses informations personnel,Changer les coordonnées bancaire,0,0,0.015
Connexion,Envoi d'une réclamation,0,0,0.012994754411063424
Envoi d'une réclamation,"Contactez nous : via message (Mon adhésion, Autres)",0,0,0.015730337078651686
Connexion,envoi d'une demande de résiliation,0,0,0.01072961373390558
envoi d'une demande de résiliation,demander un renvoi par mail d'échéancier,0,0,0.018361581920903956
Exporter remboursement,Envoi d'un document,0,0,0.018565400843881856
Connexion,envoi d'une demande de résiliation,0,0,0.01072961373390558
Validation MFA,Envoi carte TP par mail,0,0,0.019849418206707735
Changer l'organisme de rattachement sécu. Social,Changer ses informations personnel,0,0,0.0057361376673040155
Télécharger un décompte,Ouverture d'un document contractuel,0,0,0.019016697588126158
Envoi d'une réclamation,"Contactez nous : via message (Mon adhésion, Autres)",0,0,0.015730337078651686
Connexion,Partager un justificatif du PACS,0,0,0.019432522651406773
Validation MFA,"Contactez nous : via message (Mon adhésion, Autres)",0,0,0.008669860825918321
Changer ses informations personnel,"Changer les coordonnées bancaire, changement de RIB pour les remboursements",0,0,0.005833333333333334
"Changer les coordonnées bancaire, changement de RIB pour les cotisations",Ouverture d'un document contractuel,0,0,0.015817223198594025
Connexion en tant que,Envoi carte TP par mail,0,0,0.017719218537028625
Connexion,Signature électronique d'un mandat sepa,0,0,0.016571292322365285
Connexion SSO,Envoi d'un message,0,0,0.012983706720977596
Téléchargement carte TP,Partager un justificatif du PACS,0,0,0.007547169811320755
Télécharger un décompte,demander un renvoi par mail d'échéancier,0,0,0.007884972170686457
Validation MFA,Envoi carte TP par mail,0,0,0.019849418206707735
Signature électronique d'un mandat sepa,Changer ses informations personnel,0,0,0.015331747290510176
Validation MFA,"Contactez nous : via message (Mon adhésion, Autres)",0,0,0.008669860825918321
Connexion,Ajout de la carte tiers payant dans le wallet,0,0,0.003934191702432046
Téléchargement de la carte de tiers payant,Ouverture d'un document contractuel,0,0,0.013347570742124934
Télécharger un décompte,Envoi carte TP par mail,0,0,0.014842300556586271
Téléchargement de la carte de tiers payant,Ouverture d'un document contractuel,0,0,0.013347570742124934
Téléchargement de la carte de tiers payant,Ouverture d'un document contractuel,0,0,0.013347570742124934
Changer ses informations personnel,"Changer les coordonnées bancaire, changement de RIB pour les cotisations",0,0,0.009444444444444445
Validation MFA,Contactez nous : via message (Mes garanties),0,0,0.012092174309833448
Contactez nous : via message (Mes garanties),Ouverture d'un document contractuel,0,0,0.007905138339920948
Téléchargement de la carte de tiers payant,Changer ses informations personnel,0,0,0.015483182060864922
Connexion en tant que,envoi d'une demande de résiliation,0,0,0.004543389368468878
envoi d'une demande de résiliation,Changement de Mot de passe,0,0,0.00423728813559322
Connexion,Partager un justificatif du PACS,0,0,0.019432522651406773
Changer ses informations personnel,Partager un justificatif du PACS,0,0,0.015
Connexion,Changer les coordonnées bancaire,0,0,0.014425369575584168
Changer les coordonnées bancaire,envoi d'une demande de résiliation,0,0,0.0016
Exporter remboursement,Envoi d'un document,0,0,0.018565400843881856
Validation MFA,Envoi carte TP par mail,0,0,0.019849418206707735
Changer l'organisme de rattachement sécu. Social,Ouverture d'un document contractuel,0,0,0.0124282982791587
Télécharger le certificat d'adhésion,demander un renvoi par mail d'échéancier,0,0,0.011764705882352941
Ouverture d'un document contractuel,"Changer les coordonnées bancaire, changement de RIB pour les cotisations",0,0,0.00864677907479464
"Changer les coordonnées bancaire, changement de RIB pour les remboursements",Envoi d'un document,0,0,0.019427402862985686
Signature électronique d'un mandat sepa,Partager un justificatif du PACS,0,0,0.010837959291567539
Validation MFA,Envoi d'un message,0,0,0.015058179329226557
Renvoi carte TP papier,"Changer les coordonnées bancaire, changement de RIB pour les remboursements",0,0,0.004612546125461255
Connexion en tant que,Exporter remboursement,0,0,0.019082235347569285
Exporter remboursement,Ajout de la carte tiers payant dans le wallet,0,0,0.00028129395218002813
Exporter remboursement,Ouverture d'un document contractuel,0,0,0.015189873417721518
Envoi d'un document,Changement de Mot de passe,0,0,0.011359472334188348
Connexion en tant que,Envoi carte TP par mail,0,0,0.017719218537028625
Connexion,"Changer les coordonnées bancaire, changement de RIB pour les remboursements",0,0,0.008702908917501192
Changer les coordonnées bancaire,Ouverture d'un document contractuel,0,0,0.014933333333333333
Connexion SSO,Contactez nous : via message (Mes remboursements),0,0,0.009164969450101833
envoi d'une demande de résiliation,Changer l'organisme de rattachement sécu. Social,0,0,0.002824858757062147
Validation MFA,Envoi d'un message,0,0,0.015058179329226557
Connexion,Envoi d'une réclamation,0,0,0.012994754411063424
Connexion SSO,SSO Disconnect,0,0,0.017820773930753563
Validation MFA,Contactez nous : via message (Mes prises en charge/devis),0,0,0.004334930412959161
Télécharger le certificat d'adhésion,Envoi d'une réclamation,0,0,0.014285714285714285
Envoi d'un document,Télécharger le certificat d'adhésion,0,0,0.015390252839868083
Partager un justificatif du PACS,"Changer les coordonnées bancaire, changement de RIB pour les remboursements",0,0,0.008157715839564922
Connexion,Envoi d'un message,0,0,0.00798760133524082
Envoi d'un message,Changer ses informations personnel,0,0,0.0
Changer ses informations personnel,envoi d'une demande de résiliation,0,0,0.0005555555555555556
envoi d'une demande de résiliation,Changer l'organisme de rattachement sécu. Social,0,0,0.002824858757062147
Signature électronique d'un mandat sepa,Ouverture d'un document contractuel,0,0,0.015331747290510176
Télécharger le certificat d'adhésion,Partager un justificatif du PACS,0,0,0.008403361344537815
Validation MFA,"Contactez nous : via message (Mon adhésion, Autres)",0,0,0.008669860825918321
Envoi d'un document,"Changer les coordonnées bancaire, changement de RIB pour les remboursements",0,0,0.006962257237083181
Exporter remboursement,Ouverture d'un document contractuel,0,0,0.015189873417721518
Connexion,Téléchargement carte TP,0,0,0.013471626132570339
Connexion,"Contactez nous : via message (Mon adhésion, Autres)",0,0,0.004649499284692418
Partager un justificatif du PACS,Envoi d'un message,0,0,0.011556764106050306
Envoi d'une réclamation,Ouverture d'un document contractuel,0,0,0.017977528089887642
Ouverture d'un document contractuel,Téléchargement carte TP,0,0,0.007349762213575443
Connexion en tant que,Télécharger le certificat d'adhésion,0,0,0.009086778736937756
"Changer les coordonnées bancaire, changement de RIB pour les cotisations",Partager un justificatif du PACS,0,0,0.008787346221441126
Connexion,Télécharger le certificat d'adhésion,0,0,0.012756318550309967
Connexion SSO,SSO Disconnect,0,0,0.017820773930753563
Connexion,Déconnexion,0,0,0.007272293752980448
Validation MFA,Envoi carte TP par mail,0,0,0.019849418206707735
Connexion,Envoi d'une réclamation,0,0,0.012994754411063424
Connexion,Télécharger le certificat d'adhésion,0,0,0.012756318550309967
Validation MFA,Contactez nous : via message (Mes cotisations),0,0,0.005019393109742185
Contactez nous : via message (Mes cotisations),Contactez nous : via message (Ma carte tiers-payant),0,0,0.013333333333333334
Partager un justificatif du PACS,Envoi d'un message,0,0,0.011556764106050306
Envoi d'un document,Ajout de la carte tiers payant dans le wallet,0,0,0.00622938805423232
Envoi d'un document,Ajout de la carte tiers payant dans le wallet,0,0,0.00622938805423232
Télécharger le certificat d'adhésion,Envoi carte TP par mail,0,0,0.01680672268907563
Télécharger le certificat d'adhésion,Ajout de la carte tiers payant dans le wallet,0,0,0.010924369747899159
Envoi carte TP par mail,Ajout de la carte tiers payant dans le wallet,0,0,0.014084507042253521
Envoi d'un document,Ajout de la carte tiers payant dans le wallet,0,0,0.00622938805423232
Envoi d'un document,Envoi carte TP par mail,0,0,0.009160864785635764
Connexion en tant que,Envoi carte TP par mail,0,0,0.017719218537028625
Connexion,Déconnexion,0,0,0.007272293752980448
Exporter remboursement,Envoi d'une réclamation,0,0,0.004781997187060478
Changer ses informations personnel,Changer les coordonnées bancaire,0,0,0.015
Connexion,Télécharger le certificat d'adhésion,0,0,0.012756318550309967
Connexion,Signature électronique d'un mandat sepa,0,0,0.016571292322365285
Signature électronique d'un mandat sepa,Changement de Mot de passe,0,0,0.007137192704203013
Connexion,Envoi d'une réclamation,0,0,0.012994754411063424
Connexion,"Contactez nous : via message (Mon adhésion, Autres)",0,0,0.004649499284692418
Connexion en tant que,Contactez nous : via message (Ma carte tiers-payant),0,0,0.0013630168105406633
Contactez nous : via message (Ma carte tiers-payant),Exporter remboursement,0,0,0.011494252873563218
Exporter remboursement,Contactez nous : via message (Ma carte tiers-payant),0,0,0.00028129395218002813
Contactez nous : via message (Ma carte tiers-payant),Exporter remboursement,0,0,0.011494252873563218
Exporter remboursement,Contactez nous : via message (Ma carte tiers-payant),0,0,0.00028129395218002813
Contactez nous : via message (Ma carte tiers-payant),Exporter remboursement,0,0,0.011494252873563218
Exporter remboursement,Contactez nous : via message (Ma carte tiers-payant),0,0,0.00028129395218002813
Contactez nous : via message (Ma carte tiers-payant),Exporter remboursement,0,0,0.011494252873563218
Connexion,Téléchargement carte TP,0,0,0.013471626132570339
Téléchargement de la carte de tiers payant,Ouverture d'un document contractuel,0,0,0.013347570742124934
Connexion,Envoi carte TP par mail,0,0,0.010848831664282308
Téléchargement carte TP,Changement de Mot de passe,0,0,0.005660377358490566
Connexion,"Changer les coordonnées bancaire, changement de RIB pour les cotisations",0,0,0.0075107296137339056
Connexion,Signature électronique d'un mandat sepa,0,0,0.016571292322365285
Connexion,demander un renvoi par mail d'échéancier,0,0,0.008583690987124463
Connexion SSO,demander un renvoi par mail d'échéancier,0,0,0.014511201629327902
Validation MFA,Envoi carte TP par mail,0,0,0.019849418206707735
Connexion SSO,demander un renvoi par mail d'échéancier,0,0,0.014511201629327902
Ouverture d'un document contractuel,"Changer les coordonnées bancaire, changement de RIB pour les remboursements",0,0,0.006917423259835711
"Changer les coordonnées bancaire, changement de RIB pour les remboursements",Partager un justificatif du PACS,0,0,0.011247443762781187
Envoi carte TP par mail,Exporter remboursement,0,0,0.01995305164319249
Connexion,Changer les coordonnées bancaire,0,0,0.014425369575584168
Changer les coordonnées bancaire,Exporter remboursement,0,0,0.013333333333333334
Connexion,Renvoi carte TP papier,0,0,0.012994754411063424
Connexion,Télécharger le certificat d'adhésion,0,0,0.012756318550309967
Validation MFA,Envoi carte TP par mail,0,0,0.019849418206707735
Envoi carte TP par mail,Partager un justificatif du PACS,0,0,0.0035211267605633804
Signature électronique d'un mandat sepa,Envoi d'une réclamation,0,0,0.0002643404705260375
Validation MFA,"Changer les coordonnées bancaire, changement de RIB pour les remboursements",0,0,0.018024184348619667
Validation MFA,Contactez nous : via message (Mes garanties),0,0,0.012092174309833448
Connexion,Partager un justificatif du PACS,0,0,0.019432522651406773
Signature électronique d'un mandat sepa,Renvoi carte TP papier,0,0,0.007137192704203013
Connexion,Déconnexion,0,0,0.007272293752980448
Validation MFA,Contactez nous : via message (Mes garanties),0,0,0.012092174309833448
Changer l'organisme de rattachement sécu. Social,Envoi d'un document,0,0,0.019120458891013385
Connexion,Partager un justificatif du PACS,0,0,0.019432522651406773
Connexion,Signature électronique d'un mandat sepa,0,0,0.016571292322365285
Connexion,Télécharger le certificat d'adhésion,0,0,0.012756318550309967
Connexion SSO,Envoi d'un message,0,0,0.012983706720977596
Connexion,Télécharger le certificat d'adhésion,0,0,0.012756318550309967
Changement de Mot de passe,Télécharger le certificat d'adhésion,0,0,0.0075046904315197
Exporter remboursement,"Changer les coordonnées bancaire, changement de RIB pour les remboursements",0,0,0.0014064697609001407
Changer les coordonnées bancaire,Changement de Mot de passe,0,0,0.014933333333333333
Connexion en tant que,Téléchargement de la carte de tiers payant,0,0,0.013175829168559746
Connexion,Envoi d'une réclamation,0,0,0.012994754411063424
Envoi d'un document,Changer les coordonnées bancaire,0,0,0.0131916452913155
Signature électronique d'un mandat sepa,Renvoi carte TP papier,0,0,0.007137192704203013
Changer ses informations personnel,Télécharger le certificat d'adhésion,0,0,0.0125
Validation MFA,"Changer les coordonnées bancaire, changement de RIB pour les cotisations",0,0,0.018708647045402694
Exporter remboursement,Ouverture d'un document contractuel,0,0,0.015189873417721518
Exporter remboursement,"Changer les coordonnées bancaire, changement de RIB pour les remboursements",0,0,0.0014064697609001407
Signature électronique d'un mandat sepa,Exporter remboursement,0,0,0.0050224689399947136
Ouverture d'un document contractuel,Téléchargement carte TP,0,0,0.007349762213575443
Connexion,Partager un justificatif du PACS,0,0,0.019432522651406773
Connexion SSO,demander un renvoi par mail d'échéancier,0,0,0.014511201629327902
Validation MFA,Contactez nous : via message (Mes remboursements),0,0,0.009126169290440338
Contactez nous : via message (Mes remboursements),envoi d'une demande de résiliation,0,0,0.01718213058419244
Envoi d'un document,Changer les coordonnées bancaire,0,0,0.0131916452913155
Partager un justificatif du PACS,Télécharger le certificat d'adhésion,0,0,0.007477906186267845
Téléchargement de la carte de tiers payant,Ouverture d'un document contractuel,0,0,0.013347570742124934
Connexion,Signature électronique d'un mandat sepa,0,0,0.016571292322365285
Changer ses informations personnel,demander un renvoi par mail d'échéancier,0,0,0.0005555555555555556
demander un renvoi par mail d'échéancier,"Changer les coordonnées bancaire, changement de RIB pour les remboursements",0,0,0.004032258064516129
Exporter remboursement,Téléchargement carte TP,0,0,0.008157524613220815
Validation MFA,"Changer les coordonnées bancaire, changement de RIB pour les remboursements",0,0,0.018024184348619667
Changer l'organisme de rattachement sécu. Social,Ouverture d'un document contractuel,0,0,0.0124282982791587
"Changer les coordonnées bancaire, changement de RIB pour les remboursements",Changement de Mot de passe,0,0,0.016359918200409
Envoi d'un document,Changement de Mot de passe,0,0,0.011359472334188348
Téléchargement de la carte de tiers payant,Changement de Mot de passe,0,0,0.005339028296849973
Connexion,Contactez nous : via message (Ma télétransmission - rattachement automatique avec votre Régime Obligatoire),0,0,0.0004768717215069146
Contactez nous : via message (Ma télétransmission - rattachement automatique avec votre Régime Obligatoire),Télécharger un décompte,0,0,0.017543859649122806
Télécharger un décompte,Contactez nous : via message (Ma télétransmission - rattachement automatique avec votre Régime Obligatoire),0,0,0.00046382189239332097
Contactez nous : via message (Ma télétransmission - rattachement automatique avec votre Régime Obligatoire),Télécharger un décompte,0,0,0.017543859649122806
Télécharger un décompte,Contactez nous : via message (Ma télétransmission - rattachement automatique avec votre Régime Obligatoire),0,0,0.00046382189239332097
Contactez nous : via message (Ma télétransmission - rattachement automatique avec votre Régime Obligatoire),Télécharger un décompte,0,0,0.017543859649122806
Connexion SSO,Contactez nous : via message (Mes garanties),0,0,0.006364562118126273
Changer l'organisme de rattachement sécu. Social,envoi d'une demande de résiliation,0,0,0.002390057361376673
Connexion SSO,SSO Disconnect,0,0,0.017820773930753563
Connexion,envoi d'une demande de résiliation,0,0,0.01072961373390558
Connexion,Déconnexion,0,0,0.007272293752980448
Connexion en tant que,Télécharger un décompte,0,0,0.012721490231712857
Connexion,Changer l'organisme de rattachement sécu. Social,0,0,0.010848831664282308
Renvoi carte TP papier,"Changer les coordonnées bancaire, changement de RIB pour les cotisations",0,0,0.006457564575645757
Connexion,Envoi carte TP par mail,0,0,0.010848831664282308
Connexion,Déconnexion,0,0,0.007272293752980448
Validation MFA,demander un renvoi par mail d'échéancier,0,0,0.016655258955053615
Exporter remboursement,"Changer les coordonnées bancaire, changement de RIB pour les remboursements",0,0,0.0014064697609001407
Connexion,Changer les coordonnées bancaire,0,0,0.014425369575584168
Signature électronique d'un mandat sepa,Renvoi carte TP papier,0,0,0.007137192704203013
Connexion,"Changer les coordonnées bancaire, changement de RIB pour les remboursements",0,0,0.008702908917501192
Connexion,Déconnexion,0,0,0.007272293752980448
Connexion,Renvoi carte TP papier,0,0,0.012994754411063424
Changement de Mot de passe,"Changer les coordonnées bancaire, changement de RIB pour les remboursements",0,0,0.0075046904315197
Connexion,Partager un justificatif du PACS,0,0,0.019432522651406773
Envoi d'un document,Envoi d'une réclamation,0,0,0.008427995602784902
"Changer les coordonnées bancaire, changement de RIB pour les cotisations",Envoi carte TP par mail,0,0,0.0026362038664323375
Connexion en tant que,SSO Disconnect,0,0,0.016810540663334848
Changer les coordonnées bancaire,Envoi carte TP par mail,0,0,0.005866666666666667
Exporter remboursement,Envoi d'un document,0,0,0.018565400843881856
Connexion,"Contactez nous : via message (Mon adhésion, Autres)",0,0,0.004649499284692418
Connexion,Partager un justificatif du PACS,0,0,0.019432522651406773
Partager un justificatif du PACS,Télécharger un décompte,0,0,0.018354860639021073
Connexion,demander un renvoi par mail d'échéancier,0,0,0.008583690987124463
demander un renvoi par mail d'échéancier,Envoi d'un document,0,0,0.014112903225806451
Envoi d'un document,demander un renvoi par mail d'échéancier,0,0,0.005496518871381458
demander un renvoi par mail d'échéancier,Envoi d'un document,0,0,0.014112903225806451
Envoi d'un document,demander un renvoi par mail d'échéancier,0,0,0.005496518871381458
demander un renvoi par mail d'échéancier,Envoi d'un document,0,0,0.014112903225806451
Envoi d'un document,demander un renvoi par mail d'échéancier,0,0,0.005496518871381458
demander un renvoi par mail d'échéancier,Envoi d'un document,0,0,0.014112903225806451
Envoi d'un document,demander un renvoi par mail d'échéancier,0,0,0.005496518871381458
Connexion,Signature électronique d'un mandat sepa,0,0,0.016571292322365285
Signature électronique d'un mandat sepa,Exporter remboursement,0,0,0.0050224689399947136
Exporter remboursement,Ouverture d'un document contractuel,0,0,0.015189873417721518
Connexion,Renvoi carte TP papier,0,0,0.012994754411063424
Connexion,"Changer les coordonnées bancaire, changement de RIB de bénéficiaire",0,0,0.002503576537911302
Connexion,envoi d'une demande de résiliation,0,0,0.01072961373390558
Connexion,Renvoi carte TP papier,0,0,0.012994754411063424
Validation MFA,"Changer les coordonnées bancaire, changement de RIB pour les remboursements",0,0,0.018024184348619667
"Changer les coordonnées bancaire, changement de RIB pour les remboursements",Télécharger un décompte,0,0,0.0081799591002045
Exporter remboursement,Envoi d'un document,0,0,0.018565400843881856
Connexion,Envoi d'une réclamation,0,0,0.012994754411063424
Connexion,Envoi carte TP par mail,0,0,0.010848831664282308
Connexion,Changer les coordonnées bancaire,0,0,0.014425369575584168
Connexion,"Changer les coordonnées bancaire, changement de RIB pour les cotisations",0,0,0.0075107296137339056
Connexion,Signature électronique d'un mandat sepa,0,0,0.016571292322365285
Exporter remboursement,Téléchargement carte TP,0,0,0.008157524613220815
Connexion,"Changer les coordonnées bancaire, changement de RIB pour les remboursements",0,0,0.008702908917501192
Envoi d'un document,Changer l'organisme de rattachement sécu. Social,0,0,0.01282521069989007
Validation MFA,"Changer les coordonnées bancaire, changement de RIB pour les cotisations",0,0,0.018708647045402694
Changer ses informations personnel,Partager un justificatif du PACS,0,0,0.015
Connexion,"Changer les coordonnées bancaire, changement de RIB pour les cotisations",0,0,0.0075107296137339056
Validation MFA,"Changer les coordonnées bancaire, changement de RIB pour les cotisations",0,0,0.018708647045402694
Exporter remboursement,Envoi d'une réclamation,0,0,0.004781997187060478
Validation MFA,"Changer les coordonnées bancaire, changement de RIB pour les remboursements",0,0,0.018024184348619667
"Changer les coordonnées bancaire, changement de RIB pour les remboursements",Télécharger le certificat d'adhésion,0,0,0.00408997955010225
Connexion,Renvoi carte TP papier,0,0,0.012994754411063424
Renvoi carte TP papier,Changer ses informations personnel,0,0,0.012915129151291513
Validation MFA,Contactez nous : via message (Mes prises en charge/devis),0,0,0.004334930412959161
Signature électronique d'un mandat sepa,Renvoi carte TP papier,0,0,0.007137192704203013
Connexion,envoi d'une demande de résiliation,0,0,0.01072961373390558
Connexion,Contactez nous : via message (Ma carte tiers-payant),0,0,0.001072961373390558
Contactez nous : via message (Ma carte tiers-payant),Ouverture d'un document contractuel,0,0,0.0
Ouverture d'un document contractuel,Contactez nous : via message (Ma carte tiers-payant),0,0,0.00043233895373973193
Contactez nous : via message (Ma carte tiers-payant),Ouverture d'un document contractuel,0,0,0.0
Ouverture d'un document contractuel,Contactez nous : via message (Ma carte tiers-payant),0,0,0.00043233895373973193
Contactez nous : via message (Ma carte tiers-payant),Ouverture d'un document contractuel,0,0,0.0
Ouverture d'un document contractuel,Contactez nous : via message (Ma carte tiers-payant),0,0,0.00043233895373973193
Contactez nous : via message (Ma carte tiers-payant),Ouverture d'un document contractuel,0,0,0.0
Ouverture d'un document contractuel,Contactez nous : via message (Ma carte tiers-payant),0,0,0.00043233895373973193
envoi d'une demande de résiliation,Partager un justificatif du PACS,0,0,0.011299435028248588
"Changer les coordonnées bancaire, changement de RIB pour les cotisations",Télécharger un décompte,0,0,0.006151142355008787
Changer ses informations personnel,Télécharger le certificat d'adhésion,0,0,0.0125
Changement de Mot de passe,Télécharger un décompte,0,0,0.01876172607879925
Connexion,Déconnexion,0,0,0.007272293752980448
Envoi d'une réclamation,"Contactez nous : via message (Mon adhésion, Autres)",0,0,0.015730337078651686
Télécharger un décompte,Changer les coordonnées bancaire,0,0,0.00463821892393321
Signature électronique d'un mandat sepa,Ouverture d'un document contractuel,0,0,0.015331747290510176
Changer ses informations personnel,Partager un justificatif du PACS,0,0,0.015
Télécharger un décompte,Ouverture d'un document contractuel,0,0,0.019016697588126158
Exporter remboursement,Téléchargement carte TP,0,0,0.008157524613220815
Connexion,Ajout de la carte tiers payant dans le wallet,0,0,0.003934191702432046
Télécharger un décompte,Ouverture d'un document contractuel,0,0,0.019016697588126158
Télécharger un décompte,Ajout de la carte tiers payant dans le wallet,0,0,0.006957328385899814
Télécharger un décompte,Ouverture d'un document contractuel,0,0,0.019016697588126158
Télécharger un décompte,Ouverture d'un document contractuel,0,0,0.019016697588126158
Téléchargement de la carte de tiers payant,Changer ses informations personnel,0,0,0.015483182060864922
Connexion,Envoi d'une réclamation,0,0,0.012994754411063424
Envoi d'une réclamation,Exporter remboursement,0,0,0.019101123595505618
Partager un justificatif du PACS,Télécharger un décompte,0,0,0.018354860639021073
Connexion,Changer les coordonnées bancaire,0,0,0.014425369575584168
Changer les coordonnées bancaire,"Changer les coordonnées bancaire, changement de RIB de bénéficiaire",0,0,0.0096
Télécharger le certificat d'adhésion,Changement de Mot de passe,0,0,0.015126050420168067
Signature électronique d'un mandat sepa,Renvoi carte TP papier,0,0,0.007137192704203013
Connexion SSO,Contactez nous : via message (Ma carte tiers-payant),0,0,0.002291242362525458
Contactez nous : via message (Ma carte tiers-payant),Contactez nous : via message (Mes garanties),0,0,0.011494252873563218
Connexion,envoi d'une demande de résiliation,0,0,0.01072961373390558
envoi d'une demande de résiliation,Envoi carte TP par mail,0,0,0.00423728813559322
Changer l'organisme de rattachement sécu. Social,Exporter remboursement,0,0,0.0019120458891013384
Envoi d'un document,"Changer les coordonnées bancaire, changement de RIB pour les cotisations",0,0,0.007695126419934042
Changer l'organisme de rattachement sécu. Social,"Changer les coordonnées bancaire, changement de RIB pour les cotisations",0,0,0.01577437858508604
Télécharger un décompte,Ouverture d'un document contractuel,0,0,0.019016697588126158
Connexion,Changer les coordonnées bancaire,0,0,0.014425369575584168
Connexion en tant que,Changement de Mot de passe,0,0,0.00408905043162199
Connexion,envoi d'une demande de résiliation,0,0,0.01072961373390558
Changer ses informations personnel,"Changer les coordonnées bancaire, changement de RIB pour les remboursements",0,0,0.005833333333333334
Connexion,Déconnexion,0,0,0.007272293752980448
Connexion en tant que,Téléchargement de la carte de tiers payant,0,0,0.013175829168559746
Changer les coordonnées bancaire,Changement de Mot de passe,0,0,0.014933333333333333
Connexion,Signature électronique d'un mandat sepa,0,0,0.016571292322365285
Changement de Mot de passe,Partager un justificatif du PACS,0,0,0.017510944340212633
Changer ses informations personnel,Télécharger le certificat d'adhésion,0,0,0.0125
Connexion,Signature électronique d'un mandat sepa,0,0,0.016571292322365285
Signature électronique d'un mandat sepa,Exporter remboursement,0,0,0.0050224689399947136
Connexion,Télécharger le certificat d'adhésion,0,0,0.012756318550309967
Envoi d'un document,Changement de Mot de passe,0,0,0.011359472334188348
Exporter remboursement,"Changer les coordonnées bancaire, changement de RIB pour les remboursements",0,0,0.0014064697609001407
Connexion en tant que,Changer ses informations personnel,0,0,0.00408905043162199
Connexion SSO,Envoi d'un message,0,0,0.012983706720977596
Contactez nous : via message (Mes garanties),demander un renvoi par mail d'échéancier,0,0,0.019762845849802372
Connexion,Envoi carte TP par mail,0,0,0.010848831664282308
Connexion,Téléchargement carte TP,0,0,0.013471626132570339
Connexion en tant que,Envoi carte TP par mail,0,0,0.017719218537028625
Signature électronique d'un mandat sepa,Renvoi carte TP papier,0,0,0.007137192704203013
Connexion,Téléchargement carte TP,0,0,0.013471626132570339
Exporter remboursement,Envoi d'un document,0,0,0.018565400843881856
Signature électronique d'un mandat sepa,Changer ses informations personnel,0,0,0.015331747290510176
Partager un justificatif du PACS,Changer l'organisme de rattachement sécu. Social,0,0,0.014276002719238613
Validation MFA,"Changer les coordonnées bancaire, changement de RIB pour les remboursements",0,0,0.018024184348619667
"Changer les coordonnées bancaire, changement de RIB pour les cotisations",Exporter remboursement,0,0,0.011423550087873463
Connexion,Partager un justificatif du PACS,0,0,0.019432522651406773
Ouverture d'un document contractuel,Envoi d'une réclamation,0,0,0.005620406398616515
Changer les coordonnées bancaire,Partager un justificatif du PACS,0,0,0.011733333333333333
Validation MFA,demander un renvoi par mail d'échéancier,0,0,0.016655258955053615
Validation MFA,Contactez nous : via message (Mes cotisations),0,0,0.005019393109742185
Changer ses informations personnel,Téléchargement de la carte de tiers payant,0,0,0.008055555555555555
Envoi d'une réclamation,Exporter remboursement,0,0,0.019101123595505618
Changer les coordonnées bancaire,Ouverture d'un document contractuel,0,0,0.014933333333333333
Exporter remboursement,"Changer les coordonnées bancaire, changement de RIB pour les remboursements",0,0,0.0014064697609001407
Connexion,Téléchargement carte TP,0,0,0.013471626132570339
Connexion,demander un renvoi par mail d'échéancier,0,0,0.008583690987124463
demander un renvoi par mail d'échéancier,Renvoi carte TP papier,0,0,0.006048387096774193
Connexion,Changer l'organisme de rattachement sécu. Social,0,0,0.010848831664282308
Connexion,Envoi carte TP par mail,0,0,0.010848831664282308
Connexion,Envoi d'une réclamation,0,0,0.012994754411063424
Télécharger un décompte,Envoi d'une réclamation,0,0,0.012523191094619666
Télécharger un décompte,Envoi d'une réclamation,0,0,0.012523191094619666
Télécharger un décompte,Envoi d'une réclamation,0,0,0.012523191094619666
Changer ses informations personnel,Télécharger le certificat d'adhésion,0,0,0.0125
Connexion,Changer les coordonnées bancaire,0,0,0.014425369575584168
Connexion SSO,SSO Disconnect,0,0,0.017820773930753563
Exporter remboursement,Téléchargement de la carte de tiers payant,0,0,0.016877637130801686
Connexion SSO,Envoi d'un message,0,0,0.012983706720977596
Envoi d'un document,"Changer les coordonnées bancaire, changement de RIB pour les cotisations",0,0,0.007695126419934042
"Changer les coordonnées bancaire, changement de RIB pour les cotisations",Ouverture d'un document contractuel,0,0,0.015817223198594025
Exporter remboursement,Téléchargement de la carte de tiers payant,0,0,0.016877637130801686
Connexion,demander un renvoi par mail d'échéancier,0,0,0.008583690987124463
Télécharger un décompte,Téléchargement carte TP,0,0,0.016233766233766232
Connexion,Changer l'organisme de rattachement sécu. Social,0,0,0.010848831664282308
Changer l'organisme de rattachement sécu. Social,Partager un justificatif du PACS,0,0,0.010038240917782026
Changer l'organisme de rattachement sécu. Social,"Changer les coordonnées bancaire, changement de RIB pour les cotisations",0,0,0.01577437858508604
Exporter remboursement,Téléchargement carte TP,0,0,0.008157524613220815
Connexion,Envoi d'un message,0,0,0.00798760133524082
Connexion,"Changer les coordonnées bancaire, changement de RIB pour les remboursements",0,0,0.008702908917501192
Connexion,envoi d'une demande de résiliation,0,0,0.01072961373390558
envoi d'une demande de résiliation,Partager un justificatif du PACS,0,0,0.011299435028248588
Connexion SSO,Contactez nous : via message (Mes remboursements),0,0,0.009164969450101833
"Contactez nous : via message (Mon adhésion, Autres)",Partager un justificatif du PACS,0,0,0.007751937984496124
Connexion,demander un renvoi par mail d'échéancier,0,0,0.008583690987124463
demander un renvoi par mail d'échéancier,Envoi carte TP par mail,0,0,0.004032258064516129
Envoi carte TP par mail,demander un renvoi par mail d'échéancier,0,0,0.0011737089201877935
demander un renvoi par mail d'échéancier,Envoi carte TP par mail,0,0,0.004032258064516129
Envoi carte TP par mail,demander un renvoi par mail d'échéancier,0,0,0.0011737089201877935
demander un renvoi par mail d'échéancier,Envoi carte TP par mail,0,0,0.004032258064516129
Envoi carte TP par mail,demander un renvoi par mail d'échéancier,0,0,0.0011737089201877935
demander un renvoi par mail d'échéancier,Envoi carte TP par mail,0,0,0.004032258064516129
Envoi carte TP par mail,demander un renvoi par mail d'échéancier,0,0,0.0011737089201877935
Ouverture d'un document contractuel,Renvoi carte TP papier,0,0,0.01340250756593169
Connexion,Envoi d'une réclamation,0,0,0.012994754411063424
Envoi d'une réclamation,"Contactez nous : via message (Mon adhésion, Autres)",0,0,0.015730337078651686
Changer ses informations personnel,Changer les coordonnées bancaire,0,0,0.015
Connexion SSO,Ajout de la carte tiers payant dans le wallet,0,0,0.003564154786150713
Télécharger le certificat d'adhésion,Ajout de la carte tiers payant dans le wallet,0,0,0.010924369747899159
Téléchargement de la carte de tiers payant,Télécharger le certificat d'adhésion,0,0,0.011745862253069941
Téléchargement de la carte de tiers payant,Ajout de la carte tiers payant dans le wallet,0,0,0.01601708489054992
Ouverture d'un document contractuel,Télécharger le certificat d'adhésion,0,0,0.01297016861219196
Ouverture d'un document contractuel,Téléchargement de la carte de tiers payant,0,0,0.016428880242109815
"Changer les coordonnées bancaire, changement de RIB pour les remboursements",Envoi carte TP par mail,0,0,0.00408997955010225
Connexion,Changer les coordonnées bancaire,0,0,0.014425369575584168
Connexion SSO,"Changer les coordonnées bancaire, changement de RIB pour les remboursements",0,0,0.017566191446028515
Connexion,Envoi d'une réclamation,0,0,0.012994754411063424
Envoi d'une réclamation,Contactez nous : via message (Mes garanties),0,0,0.008988764044943821
Ouverture d'un document contractuel,Télécharger le certificat d'adhésion,0,0,0.01297016861219196
Envoi d'un document,Changer l'organisme de rattachement sécu. Social,0,0,0.01282521069989007
Connexion,demander un renvoi par mail d'échéancier,0,0,0.008583690987124463
Envoi d'une réclamation,Ouverture d'un document contractuel,0,0,0.017977528089887642
Ouverture d'un document contractuel,Téléchargement carte TP,0,0,0.007349762213575443
Ouverture d'un document contractuel,Renvoi carte TP papier,0,0,0.01340250756593169
Exporter remboursement,Changement de Mot de passe,0,0,0.015471167369901548
Connexion,Changer l'organisme de rattachement sécu. Social,0,0,0.010848831664282308
Envoi d'un document,Téléchargement de la carte de tiers payant,0,0,0.016489556614144377
Changer l'organisme de rattachement sécu. Social,Envoi d'un document,0,0,0.019120458891013385
Connexion,Contactez nous : via message (Mes garanties),0,0,0.004649499284692418
Connexion,Télécharger le certificat d'adhésion,0,0,0.012756318550309967
Changer ses informations personnel,Télécharger le certificat d'adhésion,0,0,0.0125
Télécharger le certificat d'adhésion,Changement de Mot de passe,0,0,0.015126050420168067
Connexion,Partager un justificatif du PACS,0,0,0.019432522651406773
Connexion,Changer l'organisme de rattachement sécu. Social,0,0,0.010848831664282308
Connexion,Partager un justificatif du PACS,0,0,0.019432522651406773
Partager un justificatif du PACS,"Changer les coordonnées bancaire, changement de RIB pour les remboursements",0,0,0.008157715839564922
"Changer les coordonnées bancaire, changement de RIB pour les remboursements",Téléchargement carte TP,0,0,0.0010224948875255625
Connexion,Partager un justificatif du PACS,0,0,0.019432522651406773
Connexion,Renvoi carte TP papier,0,0,0.012994754411063424
Envoi carte TP par mail,Changer les coordonnées bancaire,0,0,0.007042253521126761
Connexion,Déconnexion,0,0,0.007272293752980448
Partager un justificatif du PACS,"Changer les coordonnées bancaire, changement de RIB pour les cotisations",0,0,0.008837525492861998
Connexion,Changer l'organisme de rattachement sécu. Social,0,0,0.010848831664282308
Téléchargement de la carte de tiers payant,Changer ses informations personnel,0,0,0.015483182060864922
Connexion,Envoi carte TP par mail,0,0,0.010848831664282308
Télécharger le certificat d'adhésion,Téléchargement carte TP,0,0,0.01764705882352941
Télécharger le certificat d'adhésion,Téléchargement carte TP,0,0,0.01764705882352941
Connexion SSO,SSO Disconnect,0,0,0.017820773930753563
Signature électronique d'un mandat sepa,Ouverture d'un document contractuel,0,0,0.015331747290510176
Ouverture d'un document contractuel,Changer l'organisme de rattachement sécu. Social,0,0,0.012537829658452227
Télécharger un décompte,Changement de Mot de passe,0,0,0.013450834879406308
Changement de Mot de passe,Partager un justificatif du PACS,0,0,0.017510944340212633
Téléchargement carte TP,Changement de Mot de passe,0,0,0.005660377358490566
Connexion,Envoi carte TP par mail,0,0,0.010848831664282308
Envoi d'une réclamation,Partager un justificatif du PACS,0,0,0.015730337078651686
Connexion,demander un renvoi par mail d'échéancier,0,0,0.008583690987124463
demander un renvoi par mail d'échéancier,Ajout de la carte tiers payant dans le wallet,0,0,0.008064516129032258
Connexion,Partager un justificatif du PACS,0,0,0.019432522651406773
Partager un justificatif du PACS,Renvoi carte TP papier,0,0,0.006118286879673691
Exporter remboursement,Partager un justificatif du PACS,0,0,0.012939521800281293
Partager un justificatif du PACS,Changement de Mot de passe,0,0,0.01563562202583277
Connexion,Envoi carte TP par mail,0,0,0.010848831664282308
Connexion SSO,Contactez nous : via message (Mes remboursements),0,0,0.009164969450101833
Connexion SSO,SSO Disconnect,0,0,0.017820773930753563
Ouverture d'un document contractuel,Envoi carte TP par mail,0,0,0.005188067444876783
Connexion,Envoi carte TP par mail,0,0,0.010848831664282308
Changer les coordonnées bancaire,Changement de Mot de passe,0,0,0.014933333333333333
Changer ses informations personnel,Partager un justificatif du PACS,0,0,0.015
"Changer les coordonnées bancaire, changement de RIB pour les cotisations",Partager un justificatif du PACS,0,0,0.008787346221441126
Connexion,Signature électronique d'un mandat sepa,0,0,0.016571292322365285
Connexion,demander un renvoi par mail d'échéancier,0,0,0.008583690987124463
Connexion,Envoi d'un message,0,0,0.00798760133524082
Validation MFA,demander un renvoi par mail d'échéancier,0,0,0.016655258955053615
Connexion SSO,demander un renvoi par mail d'échéancier,0,0,0.014511201629327902
Ouverture d'un document contractuel,Changement de Mot de passe,0,0,0.01599654128837008
Changement de Mot de passe,Changer l'organisme de rattachement sécu. Social,0,0,0.006253908692933083
Connexion,Déconnexion,0,0,0.007272293752980448
Connexion en tant que,SSO Disconnect,0,0,0.016810540663334848
Exporter remboursement,Téléchargement de la carte de tiers payant,0,0,0.016877637130801686
Validation MFA,Envoi carte TP par mail,0,0,0.019849418206707735
Télécharger un décompte,Envoi carte TP par mail,0,0,0.014842300556586271
Connexion,Partager un justificatif du PACS,0,0,0.019432522651406773
Exporter remboursement,Signature électronique d'un mandat sepa,0,0,0.007032348804500703
Connexion SSO,SSO Disconnect,0,0,0.017820773930753563
Connexion,Envoi d'un message,0,0,0.00798760133524082
Connexion,Changer les coordonnées bancaire,0,0,0.014425369575584168
envoi d'une demande de résiliation,demander un renvoi par mail d'échéancier,0,0,0.018361581920903956
Validation MFA,demander un renvoi par mail d'échéancier,0,0,0.016655258955053615
Ouverture d'un document contractuel,"Changer les coordonnées bancaire, changement de RIB pour les cotisations",0,0,0.00864677907479464
Partager un justificatif du PACS,demander un renvoi par mail d'échéancier,0,0,0.0020394289598912306
Partager un justificatif du PACS,Changement de Mot de passe,0,0,0.01563562202583277
Connexion,Envoi carte TP par mail,0,0,0.010848831664282308
Exporter remboursement,Envoi d'un document,0,0,0.018565400843881856
Validation MFA,demander un renvoi par mail d'échéancier,0,0,0.016655258955053615
demander un renvoi par mail d'échéancier,Contactez nous : via message (Mes garanties),0,0,0.008064516129032258
Signature électronique d'un mandat sepa,Changement de Mot de passe,0,0,0.007137192704203013
Connexion,"Contactez nous : via message (Mon adhésion, Autres)",0,0,0.004649499284692418
Connexion,Signature électronique d'un mandat sepa,0,0,0.016571292322365285
Signature électronique d'un mandat sepa,envoi d'une demande de résiliation,0,0,0.00105736188210415
Connexion,Déconnexion,0,0,0.007272293752980448
Connexion,Signature électronique d'un mandat sepa,0,0,0.016571292322365285
Connexion en tant que,Télécharger le certificat d'adhésion,0,0,0.009086778736937756
Connexion,Déconnexion,0,0,0.007272293752980448
Validation MFA,demander un renvoi par mail d'échéancier,0,0,0.016655258955053615
Envoi d'une réclamation,Téléchargement carte TP,0,0,0.0
Téléchargement carte TP,Envoi d'une réclamation,0,0,0.0
Envoi d'une réclamation,Téléchargement carte TP,0,0,0.0
Téléchargement carte TP,Envoi d'une réclamation,0,0,0.0
Envoi d'une réclamation,Téléchargement carte TP,0,0,0.0
Téléchargement carte TP,Envoi d'une réclamation,0,0,0.0
Envoi d'une réclamation,Téléchargement carte TP,0,0,0.0
Téléchargement carte TP,Envoi d'une réclamation,0,0,0.0
Connexion en tant que,SSO Disconnect,0,0,0.016810540663334848
Changer ses informations personnel,Signature électronique d'un mandat sepa,0,0,0.014166666666666666
Signature électronique d'un mandat sepa,Changer ses informations personnel,0,0,0.015331747290510176
envoi d'une demande de résiliation,"Contactez nous : via message (Mon adhésion, Autres)",0,0,0.00423728813559322
Connexion,Partager un justificatif du PACS,0,0,0.019432522651406773
Validation MFA,Contactez nous : via message (Mes cotisations),0,0,0.005019393109742185
Connexion,demander un renvoi par mail d'échéancier,0,0,0.008583690987124463
Connexion,Envoi d'une réclamation,0,0,0.012994754411063424
Envoi carte TP par mail,Ajout de la carte tiers payant dans le wallet,0,0,0.014084507042253521
Envoi carte TP par mail,Ajout de la carte tiers payant dans le wallet,0,0,0.014084507042253521
Connexion,Envoi d'une réclamation,0,0,0.012994754411063424
Télécharger un décompte,Changement de Mot de passe,0,0,0.013450834879406308
Changer ses informations personnel,Renvoi carte TP papier,0,0,0.005555555555555556
Envoi carte TP par mail,Ouverture d'un document contractuel,0,0,0.018779342723004695
Connexion,Signature électronique d'un mandat sepa,0,0,0.016571292322365285
Exporter remboursement,Téléchargement de la carte de tiers payant,0,0,0.016877637130801686
Connexion,Changer l'organisme de rattachement sécu. Social,0,0,0.010848831664282308
Changement de Mot de passe,"Changer les coordonnées bancaire, changement de RIB pour les remboursements",0,0,0.0075046904315197
Validation MFA,"Changer les coordonnées bancaire, changement de RIB pour les remboursements",0,0,0.018024184348619667
Exporter remboursement,Contactez nous : via message (Mes prises en charge/devis),0,0,0.0011251758087201125
Connexion,Téléchargement carte TP,0,0,0.013471626132570339
Envoi d'une réclamation,Contactez nous : via message (Mes cotisations),0,0,0.0022471910112359553
Changer ses informations personnel,Signature électronique d'un mandat sepa,0,0,0.014166666666666666
Signature électronique d'un mandat sepa,Changer ses informations personnel,0,0,0.015331747290510176
Connexion,Signature électronique d'un mandat sepa,0,0,0.016571292322365285
Connexion SSO,Contactez nous : via message (Mes garanties),0,0,0.006364562118126273
Validation MFA,"Changer les coordonnées bancaire, changement de RIB pour les remboursements",0,0,0.018024184348619667
"Changer les coordonnées bancaire, changement de RIB pour les remboursements",Envoi d'un document,0,0,0.019427402862985686
Changement de Mot de passe,Ajout de la carte tiers payant dans le wallet,0,0,0.0
Connexion,Renvoi carte TP papier,0,0,0.012994754411063424
Exporter remboursement,Envoi carte TP par mail,0,0,0.002531645569620253
Connexion,demander un renvoi par mail d'échéancier,0,0,0.008583690987124463
envoi d'une demande de résiliation,Contactez nous : via message (Ma télétransmission - rattachement automatique avec votre Régime Obligatoire),0,0,0.00423728813559322
Connexion,Contactez nous : via message (Mes cotisations),0,0,0.002384358607534573
Connexion en tant que,Envoi d'une réclamation,0,0,0.005906406179009541
Partager un justificatif du PACS,"Changer les coordonnées bancaire, changement de RIB pour les cotisations",0,0,0.008837525492861998
Changement de Mot de passe,Partager un justificatif du PACS,0,0,0.017510944340212633
Connexion,Signature électronique d'un mandat sepa,0,0,0.016571292322365285
Signature électronique d'un mandat sepa,Télécharger le certificat d'adhésion,0,0,0.00105736188210415
Connexion SSO,Envoi d'un message,0,0,0.012983706720977596
Validation MFA,Envoi carte TP par mail,0,0,0.019849418206707735
Connexion SSO,"Contactez nous : via message (Mon adhésion, Autres)",0,0,0.007892057026476579
Connexion,Renvoi carte TP papier,0,0,0.012994754411063424
Envoi d'un document,Envoi carte TP par mail,0,0,0.009160864785635764
Envoi carte TP par mail,Ajout de la carte tiers payant dans le wallet,0,0,0.014084507042253521
Envoi d'un document,Renvoi carte TP papier,0,0,0.010260168559912056
Connexion,Changer les coordonnées bancaire,0,0,0.014425369575584168
Connexion,"Changer les coordonnées bancaire, changement de RIB pour les remboursements",0,0,0.008702908917501192
Connexion,Changer l'organisme de rattachement sécu. Social,0,0,0.010848831664282308
Connexion SSO,"Changer les coordonnées bancaire, changement de RIB pour les remboursements",0,0,0.017566191446028515
Connexion,envoi d'une demande de résiliation,0,0,0.01072961373390558
Validation MFA,"Changer les coordonnées bancaire, changement de RIB pour les cotisations",0,0,0.018708647045402694
Connexion en tant que,Envoi carte TP par mail,0,0,0.017719218537028625
Connexion,Contactez nous : via message (Mes remboursements),0,0,0.004291845493562232
Contactez nous : via message (Mes remboursements),Partager un justificatif du PACS,0,0,0.010309278350515464
Partager un justificatif du PACS,Contactez nous : via message (Mes remboursements),0,0,0.0013596193065941536
Contactez nous : via message (Mes remboursements),Partager un justificatif du PACS,0,0,0.010309278350515464
Partager un justificatif du PACS,Contactez nous : via message (Mes remboursements),0,0,0.0013596193065941536
Contactez nous : via message (Mes remboursements),Partager un justificatif du PACS,0,0,0.010309278350515464
Partager un justificatif du PACS,Contactez nous : via message (Mes remboursements),0,0,0.0013596193065941536
Contactez nous : via message (Mes remboursements),Partager un justificatif du PACS,0,0,0.010309278350515464
Partager un justificatif du PACS,Contactez nous : via message (Mes remboursements),0,0,0.0013596193065941536
Contactez nous : via message (Mes remboursements),Partager un justificatif du PACS,0,0,0.010309278350515464
Exporter remboursement,Téléchargement de la carte de tiers payant,0,0,0.016877637130801686
Validation MFA,"Changer les coordonnées bancaire, changement de RIB pour les remboursements",0,0,0.018024184348619667
Connexion SSO,Contactez nous : via message (Mes remboursements),0,0,0.009164969450101833
Exporter remboursement,Envoi carte TP par mail,0,0,0.002531645569620253
Exporter remboursement,Envoi d'un document,0,0,0.018565400843881856
Validation MFA,demander un renvoi par mail d'échéancier,0,0,0.016655258955053615
Connexion SSO,demander un renvoi par mail d'échéancier,0,0,0.014511201629327902
Connexion,Téléchargement carte TP,0,0,0.013471626132570339
Partager un justificatif du PACS,Changer les coordonnées bancaire,0,0,0.01563562202583277
Exporter remboursement,Changement de Mot de passe,0,0,0.015471167369901548
Connexion,Envoi carte TP par mail,0,0,0.010848831664282308
Envoi carte TP par mail,Changer ses informations personnel,0,0,0.008215962441314555
Connexion,"Changer les coordonnées bancaire, changement de RIB pour les cotisations",0,0,0.0075107296137339056
Exporter remboursement,Changement de Mot de passe,0,0,0.015471167369901548
Envoi d'un document,Renvoi carte TP papier,0,0,0.010260168559912056
Connexion SSO,SSO Disconnect,0,0,0.017820773930753563
Connexion,Contactez nous : via message (Mes cotisations),0,0,0.002384358607534573
Connexion SSO,"Contactez nous : via message (Mon adhésion, Autres)",0,0,0.007892057026476579
Envoi d'une réclamation,"Contactez nous : via message (Mon adhésion, Autres)",0,0,0.015730337078651686
Connexion,Signature électronique d'un mandat sepa,0,0,0.016571292322365285
Exporter remboursement,Ouverture d'un document contractuel,0,0,0.015189873417721518
Télécharger le certificat d'adhésion,Envoi d'une réclamation,0,0,0.014285714285714285
Connexion,Envoi d'une réclamation,0,0,0.012994754411063424
demander un renvoi par mail d'échéancier,"Contactez nous : via message (Mon adhésion, Autres)",0,0,0.0020161290322580645
Envoi d'un document,envoi d'une demande de résiliation,0,0,0.004397215097105167
envoi d'une demande de résiliation,Contactez nous : via message (Mes remboursements),0,0,0.01694915254237288
Connexion SSO,Contactez nous : via message (Mes prises en charge/devis),0,0,0.004837067209775967
Contactez nous : via message (Mes prises en charge/devis),Renvoi carte TP papier,0,0,0.006024096385542169
Renvoi carte TP papier,Contactez nous : via message (Mes prises en charge/devis),0,0,0.0018450184501845018
Contactez nous : via message (Mes prises en charge/devis),Renvoi carte TP papier,0,0,0.006024096385542169
Renvoi carte TP papier,Contactez nous : via message (Mes prises en charge/devis),0,0,0.0018450184501845018
Contactez nous : via message (Mes prises en charge/devis),Renvoi carte TP papier,0,0,0.006024096385542169
Connexion,Télécharger le certificat d'adhésion,0,0,0.012756318550309967
Connexion,Téléchargement carte TP,0,0,0.013471626132570339
Connexion SSO,SSO Disconnect,0,0,0.017820773930753563
Exporter remboursement,Ouverture d'un document contractuel,0,0,0.015189873417721518
Ouverture d'un document contractuel,Télécharger le certificat d'adhésion,0,0,0.01297016861219196
Télécharger un décompte,Envoi carte TP par mail,0,0,0.014842300556586271
Télécharger un décompte,Envoi carte TP par mail,0,0,0.014842300556586271
Envoi d'un document,Envoi carte TP par mail,0,0,0.009160864785635764
Envoi d'un document,Téléchargement carte TP,0,0,0.005496518871381458
Connexion,Partager un justificatif du PACS,0,0,0.019432522651406773
Connexion,demander un renvoi par mail d'échéancier,0,0,0.008583690987124463
demander un renvoi par mail d'échéancier,Contactez nous : via message (Ma télétransmission - rattachement automatique avec votre Régime Obligatoire),0,0,0.0
Ouverture d'un document contractuel,Envoi d'une réclamation,0,0,0.005620406398616515
Validation MFA,"Contactez nous : via message (Mon adhésion, Autres)",0,0,0.008669860825918321
Connexion SSO,demander un renvoi par mail d'échéancier,0,0,0.014511201629327902
Connexion,envoi d'une demande de résiliation,0,0,0.01072961373390558
Exporter remboursement,Changement de Mot de passe,0,0,0.015471167369901548
Changement de Mot de passe,Changer les coordonnées bancaire,0,0,0.016885553470919325
Télécharger le certificat d'adhésion,envoi d'une demande de résiliation,0,0,0.0033613445378151263
Connexion,Renvoi carte TP papier,0,0,0.012994754411063424
Connexion en tant que,Envoi carte TP par mail,0,0,0.017719218537028625
Connexion,Signature électronique d'un mandat sepa,0,0,0.016571292322365285
Signature électronique d'un mandat sepa,Télécharger un décompte,0,0,0.003965107057890563
Exporter remboursement,Envoi d'un document,0,0,0.018565400843881856
Connexion,Changer les coordonnées bancaire,0,0,0.014425369575584168
"Changer les coordonnées bancaire, changement de RIB pour les remboursements",Ouverture d'un document contractuel,0,0,0.014314928425357873
Connexion SSO,Envoi d'un message,0,0,0.012983706720977596
Connexion en tant que,envoi d'une demande de résiliation,0,0,0.004543389368468878
envoi d'une demande de résiliation,Changement de Mot de passe,0,0,0.00423728813559322
Exporter remboursement,Téléchargement carte TP,0,0,0.008157524613220815
Changer l'organisme de rattachement sécu. Social,Partager un justificatif du PACS,0,0,0.010038240917782026
Connexion,Partager un justificatif du PACS,0,0,0.019432522651406773
Partager un justificatif du PACS,envoi d'une demande de résiliation,0,0,0.003399048266485384
Connexion SSO,SSO Disconnect,0,0,0.017820773930753563
Changer les coordonnées bancaire,Changement de Mot de passe,0,0,0.014933333333333333
Changer les coordonnées bancaire,Renvoi carte TP papier,0,0,0.0037333333333333333
Connexion SSO,"Changer les coordonnées bancaire, changement de RIB pour les remboursements",0,0,0.017566191446028515
Connexion,Envoi d'une réclamation,0,0,0.012994754411063424
Connexion en tant que,SSO Disconnect,0,0,0.016810540663334848
Exporter remboursement,Ouverture d'un document contractuel,0,0,0.015189873417721518
Ouverture d'un document contractuel,Téléchargement de la carte de tiers payant,0,0,0.016428880242109815
Connexion SSO,Ajout de la carte tiers payant dans le wallet,0,0,0.003564154786150713
Connexion,Télécharger le certificat d'adhésion,0,0,0.012756318550309967
Télécharger le certificat d'adhésion,Partager un justificatif du PACS,0,0,0.008403361344537815
Connexion,Envoi d'un message,0,0,0.00798760133524082
Envoi d'un message,Téléchargement de la carte de tiers payant,0,0,0.0022123893805309734
Téléchargement de la carte de tiers payant,Envoi d'un message,0,0,0.0
Envoi d'un message,Téléchargement de la carte de tiers payant,0,0,0.0022123893805309734
Téléchargement de la carte de tiers payant,Envoi d'un message,0,0,0.0
Envoi d'un message,Téléchargement de la carte de tiers payant,0,0,0.0022123893805309734
Téléchargement de la carte de tiers payant,Envoi d'un message,0,0,0.0
Envoi d'un message,Téléchargement de la carte de tiers payant,0,0,0.0022123893805309734
Téléchargement de la carte de tiers payant,Envoi d'un message,0,0,0.0
Envoi d'un message,Téléchargement de la carte de tiers payant,0,0,0.0022123893805309734
Validation MFA,Envoi d'un message,0,0,0.015058179329226557
Connexion en tant que,Télécharger le certificat d'adhésion,0,0,0.009086778736937756
Connexion,Téléchargement carte TP,0,0,0.013471626132570339
Envoi d'un document,Téléchargement de la carte de tiers payant,0,0,0.016489556614144377
Changer ses informations personnel,Télécharger le certificat d'adhésion,0,0,0.0125
Ouverture d'un document contractuel,Changer l'organisme de rattachement sécu. Social,0,0,0.012537829658452227
"Changer les coordonnées bancaire, changement de RIB pour les cotisations",Ouverture d'un document contractuel,0,0,0.015817223198594025
Connexion en tant que,Téléchargement de la carte de tiers payant,0,0,0.013175829168559746
Envoi d'un document,Changement de Mot de passe,0,0,0.011359472334188348
Connexion,Envoi d'une réclamation,0,0,0.012994754411063424
Connexion SSO,"Changer les coordonnées bancaire, changement de RIB pour les remboursements",0,0,0.017566191446028515
Exporter remboursement,"Contactez nous : via message (Mon adhésion, Autres)",0,0,0.0011251758087201125
Connexion en tant que,envoi d'une demande de résiliation,0,0,0.004543389368468878
envoi d'une demande de résiliation,"Changer les coordonnées bancaire, changement de RIB pour les remboursements",0,0,0.0
"Changer les coordonnées bancaire, changement de RIB pour les remboursements",Partager un justificatif du PACS,0,0,0.011247443762781187
Partager un justificatif du PACS,"Changer les coordonnées bancaire, changement de RIB pour les cotisations",0,0,0.008837525492861998
Partager un justificatif du PACS,Contactez nous : via message (Mes garanties),0,0,0.0013596193065941536
Exporter remboursement,"Changer les coordonnées bancaire, changement de RIB pour les cotisations",0,0,0.00450070323488045
Validation MFA,demander un renvoi par mail d'échéancier,0,0,0.016655258955053615
Connexion en tant que,Contactez nous : via message (Ma carte tiers-payant),0,0,0.0013630168105406633
Validation MFA,Contactez nous : via message (Mes garanties),0,0,0.012092174309833448
Contactez nous : via message (Mes garanties),Ouverture d'un document contractuel,0,0,0.007905138339920948
Télécharger un décompte,Ouverture d'un document contractuel,0,0,0.019016697588126158
Ouverture d'un document contractuel,Envoi carte TP par mail,0,0,0.005188067444876783
Télécharger un décompte,Ouverture d'un document contractuel,0,0,0.019016697588126158
Ouverture d'un document contractuel,Télécharger le certificat d'adhésion,0,0,0.01297016861219196
Télécharger un décompte,Ouverture d'un document contractuel,0,0,0.019016697588126158
Ouverture d'un document contractuel,Envoi carte TP par mail,0,0,0.005188067444876783
Télécharger un décompte,Envoi carte TP par mail,0,0,0.014842300556586271
Connexion,Déconnexion,0,0,0.007272293752980448
Changer ses informations personnel,"Changer les coordonnées bancaire, changement de RIB pour les remboursements",0,0,0.005833333333333334
Connexion,Partager un justificatif du PACS,0,0,0.019432522651406773
Partager un justificatif du PACS,Téléchargement de la carte de tiers payant,0,0,0.003399048266485384
Téléchargement de la carte de tiers payant,Partager un justificatif du PACS,0,0,0.004805125467164976
Connexion,envoi d'une demande de résiliation,0,0,0.01072961373390558
Validation MFA,Envoi carte TP par mail,0,0,0.019849418206707735
Connexion,Contactez nous : via message (Mes prises en charge/devis),0,0,0.0033381020505484026
Validation MFA,"Changer les coordonnées bancaire, changement de RIB pour les cotisations",0,0,0.018708647045402694
Connexion SSO,Contactez nous : via message (Mes remboursements),0,0,0.009164969450101833
Contactez nous : via message (Mes garanties),Ouverture d'un document contractuel,0,0,0.007905138339920948
Connexion SSO,SSO Disconnect,0,0,0.017820773930753563
Validation MFA,Envoi d'un message,0,0,0.015058179329226557
Envoi d'un message,Contactez nous : via message (Ma télétransmission - rattachement automatique avec votre Régime Obligatoire),0,0,0.0022123893805309734
Connexion,Partager un justificatif du PACS,0,0,0.019432522651406773
Ouverture d'un document contractuel,Changer les coordonnées bancaire,0,0,0.01772589710332901
Connexion,Partager un justificatif du PACS,0,0,0.019432522651406773
Ouverture d'un document contractuel,Changer les coordonnées bancaire,0,0,0.01772589710332901
Connexion,envoi d'une demande de résiliation,0,0,0.01072961373390558
Validation MFA,Envoi d'un message,0,0,0.015058179329226557
Validation MFA,Envoi d'un message,0,0,0.015058179329226557
Contactez nous : via message (Mes cotisations),Partager un justificatif du PACS,0,0,0.0
demander un renvoi par mail d'échéancier,Envoi d'un document,0,0,0.014112903225806451
Télécharger un décompte,Renvoi carte TP papier,0,0,0.011595547309833023
Signature électronique d'un mandat sepa,Envoi carte TP par mail,0,0,0.006872852233676976
Validation MFA,"Contactez nous : via message (Mon adhésion, Autres)",0,0,0.008669860825918321
Connexion SSO,SSO Disconnect,0,0,0.017820773930753563
Changer ses informations personnel,Changer l'organisme de rattachement sécu. Social,0,0,0.0022222222222222222
Partager un justificatif du PACS,Télécharger un décompte,0,0,0.018354860639021073
Exporter remboursement,"Changer les coordonnées bancaire, changement de RIB pour les remboursements",0,0,0.0014064697609001407
Connexion,Contactez nous : via message (Mes garanties),0,0,0.004649499284692418
Connexion en tant que,envoi d'une demande de résiliation,0,0,0.004543389368468878
Connexion,Télécharger le certificat d'adhésion,0,0,0.012756318550309967
Connexion,Déconnexion,0,0,0.007272293752980448
Télécharger un décompte,Changement de Mot de passe,0,0,0.013450834879406308
Connexion,Renvoi carte TP papier,0,0,0.012994754411063424
Changer l'organisme de rattachement sécu. Social,"Changer les coordonnées bancaire, changement de RIB pour les cotisations",0,0,0.01577437858508604
Signature électronique d'un mandat sepa,Envoi carte TP par mail,0,0,0.006872852233676976
Connexion SSO,SSO Disconnect,0,0,0.017820773930753563
Connexion,"Changer les coordonnées bancaire, changement de RIB de bénéficiaire",0,0,0.002503576537911302
Connexion en tant que,demander un renvoi par mail d'échéancier,0,0,0.003634711494775102
demander un renvoi par mail d'échéancier,Partager un justificatif du PACS,0,0,0.012096774193548387
Partager un justificatif du PACS,demander un renvoi par mail d'échéancier,0,0,0.0020394289598912306
demander un renvoi par mail d'échéancier,Partager un justificatif du PACS,0,0,0.012096774193548387
Partager un justificatif du PACS,demander un renvoi par mail d'échéancier,0,0,0.0020394289598912306
demander un renvoi par mail d'échéancier,Partager un justificatif du PACS,0,0,0.012096774193548387
Partager un justificatif du PACS,demander un renvoi par mail d'échéancier,0,0,0.0020394289598912306
demander un renvoi par mail d'échéancier,Partager un justificatif du PACS,0,0,0.012096774193548387
Partager un justificatif du PACS,demander un renvoi par mail d'échéancier,0,0,0.0020394289598912306
Connexion,Téléchargement carte TP,0,0,0.013471626132570339
Connexion,"Changer les coordonnées bancaire, changement de RIB pour les cotisations",0,0,0.0075107296137339056
"Changer les coordonnées bancaire, changement de RIB pour les cotisations","Changer les coordonnées bancaire, changement de RIB de bénéficiaire",0,0,0.01757469244288225
Connexion SSO,SSO Disconnect,0,0,0.017820773930753563
Connexion SSO,SSO Disconnect,0,0,0.017820773930753563
Connexion,Renvoi carte TP papier,0,0,0.012994754411063424
Renvoi carte TP papier,Changement de Mot de passe,0,0,0.005535055350553505
Connexion,Changer l'organisme de rattachement sécu. Social,0,0,0.010848831664282308
Changer l'organisme de rattachement sécu. Social,Ouverture d'un document contractuel,0,0,0.0124282982791587
Envoi d'un document,Renvoi carte TP papier,0,0,0.010260168559912056
Envoi d'un document,Renvoi carte TP papier,0,0,0.010260168559912056
Connexion,envoi d'une demande de résiliation,0,0,0.01072961373390558
envoi d'une demande de résiliation,demander un renvoi par mail d'échéancier,0,0,0.018361581920903956
Connexion en tant que,Télécharger le certificat d'adhésion,0,0,0.009086778736937756
Changer ses informations personnel,Renvoi carte TP papier,0,0,0.005555555555555556
Connexion,Télécharger le certificat d'adhésion,0,0,0.012756318550309967
Connexion,"Changer les coordonnées bancaire, changement de RIB pour les cotisations",0,0,0.0075107296137339056
"Changer les coordonnées bancaire, changement de RIB pour les remboursements","Changer les coordonnées bancaire, changement de RIB de bénéficiaire",0,0,0.017382413087934562
Validation MFA,Contactez nous : via message (Mes cotisations),0,0,0.005019393109742185
Connexion,Partager un justificatif du PACS,0,0,0.019432522651406773
Connexion,Contactez nous : via message (Mes garanties),0,0,0.004649499284692418
Envoi d'un document,Changer les coordonnées bancaire,0,0,0.0131916452913155
Connexion,envoi d'une demande de résiliation,0,0,0.01072961373390558
"Changer les coordonnées bancaire, changement de RIB pour les cotisations",Ouverture d'un document contractuel,0,0,0.015817223198594025
Changer ses informations personnel,Changer l'organisme de rattachement sécu. Social,0,0,0.0022222222222222222
Connexion,demander un renvoi par mail d'échéancier,0,0,0.008583690987124463
demander un renvoi par mail d'échéancier,Partager un justificatif du PACS,0,0,0.012096774193548387
Partager un justificatif du PACS,demander un renvoi par mail d'échéancier,0,0,0.0020394289598912306
demander un renvoi par mail d'échéancier,Partager un justificatif du PACS,0,0,0.012096774193548387
Partager un justificatif du PACS,demander un renvoi par mail d'échéancier,0,0,0.0020394289598912306
demander un renvoi par mail d'échéancier,Partager un justificatif du PACS,0,0,0.012096774193548387
Changer les coordonnées bancaire,Ouverture d'un document contractuel,0,0,0.014933333333333333
Validation MFA,Contactez nous : via message (Mes cotisations),0,0,0.005019393109742185
Validation MFA,Contactez nous : via message (Ma télétransmission - rattachement automatique avec votre Régime Obligatoire),0,0,0.0018252338580880675
Connexion SSO,Envoi d'un message,0,0,0.012983706720977596
Envoi d'un message,Exporter remboursement,0,0,0.00663716814159292
Connexion,Partager un justificatif du PACS,0,0,0.019432522651406773
Partager un justificatif du PACS,envoi d'une demande de résiliation,0,0,0.003399048266485384
Exporter remboursement,demander un renvoi par mail d'échéancier,0,0,0.0033755274261603376
Télécharger un décompte,Partager un justificatif du PACS,0,0,0.010667903525046383
Connexion,envoi d'une demande de résiliation,0,0,0.01072961373390558
Ouverture d'un document contractuel,Téléchargement carte TP,0,0,0.007349762213575443
Téléchargement carte TP,Ouverture d'un document contractuel,0,0,0.018867924528301886
Ouverture d'un document contractuel,Téléchargement carte TP,0,0,0.007349762213575443
Téléchargement carte TP,Ouverture d'un document contractuel,0,0,0.018867924528301886
Ouverture d'un document contractuel,Téléchargement carte TP,0,0,0.007349762213575443
Connexion SSO,"Changer les coordonnées bancaire, changement de RIB pour les remboursements",0,0,0.017566191446028515
"Changer les coordonnées bancaire, changement de RIB pour les remboursements",Ouverture d'un document contractuel,0,0,0.014314928425357873
Connexion,Envoi carte TP par mail,0,0,0.010848831664282308
"Changer les coordonnées bancaire, changement de RIB pour les cotisations",Changement de Mot de passe,0,0,0.015817223198594025
Connexion SSO,SSO Disconnect,0,0,0.017820773930753563
Connexion,Contactez nous : via message (Mes cotisations),0,0,0.002384358607534573
Connexion,Partager un justificatif du PACS,0,0,0.019432522651406773
Connexion en tant que,Ajout de la carte tiers payant dans le wallet,0,0,0.004997728305315766
Téléchargement carte TP,Ouverture d'un document contractuel,0,0,0.018867924528301886
Connexion SSO,Contactez nous : via message (Mes garanties),0,0,0.006364562118126273
Connexion en tant que,Ajout de la carte tiers payant dans le wallet,0,0,0.004997728305315766
Télécharger un décompte,Envoi carte TP par mail,0,0,0.014842300556586271
Télécharger un décompte,Envoi carte TP par mail,0,0,0.014842300556586271
Envoi d'un document,Renvoi carte TP papier,0,0,0.010260168559912056
Télécharger un décompte,Envoi carte TP par mail,0,0,0.014842300556586271
Télécharger un décompte,Envoi carte TP par mail,0,0,0.014842300556586271
Envoi d'un document,Envoi carte TP par mail,0,0,0.009160864785635764
Connexion,envoi d'une demande de résiliation,0,0,0.01072961373390558
Validation MFA,"Changer les coordonnées bancaire, changement de RIB pour les cotisations",0,0,0.018708647045402694
Connexion en tant que,Contactez nous : via message (Ma carte tiers-payant),0,0,0.0013630168105406633
Contactez nous : via message (Ma carte tiers-payant),Téléchargement de la carte de tiers payant,0,0,0.0
Téléchargement de la carte de tiers payant,Contactez nous : via message (Ma carte tiers-payant),0,0,0.0
Contactez nous : via message (Ma carte tiers-payant),Téléchargement de la carte de tiers payant,0,0,0.0
Téléchargement de la carte de tiers payant,Contactez nous : via message (Ma carte tiers-payant),0,0,0.0
Contactez nous : via message (Ma carte tiers-payant),Téléchargement de la carte de tiers payant,0,0,0.0
Téléchargement de la carte de tiers payant,Contactez nous : via message (Ma carte tiers-payant),0,0,0.0
Contactez nous : via message (Ma carte tiers-payant),Téléchargement de la carte de tiers payant,0,0,0.0
Téléchargement de la carte de tiers payant,Contactez nous : via message (Ma carte tiers-payant),0,0,0.0
Exporter remboursement,Partager un justificatif du PACS,0,0,0.012939521800281293
Exporter remboursement,"Changer les coordonnées bancaire, changement de RIB pour les remboursements",0,0,0.0014064697609001407
Validation MFA,"Changer les coordonnées bancaire, changement de RIB pour les cotisations",0,0,0.018708647045402694
Connexion en tant que,Envoi carte TP par mail,0,0,0.017719218537028625
Téléchargement de la carte de tiers payant,Ouverture d'un document contractuel,0,0,0.013347570742124934
Connexion,Téléchargement carte TP,0,0,0.013471626132570339
Exporter remboursement,"Changer les coordonnées bancaire, changement de RIB pour les cotisations",0,0,0.00450070323488045
Exporter remboursement,Envoi d'un document,0,0,0.018565400843881856
Validation MFA,"Changer les coordonnées bancaire, changement de RIB pour les remboursements",0,0,0.018024184348619667
Ouverture d'un document contractuel,Changer l'organisme de rattachement sécu. Social,0,0,0.012537829658452227
Connexion,envoi d'une demande de résiliation,0,0,0.01072961373390558
Exporter remboursement,Changer les coordonnées bancaire,0,0,0.00450070323488045
Changer les coordonnées bancaire,Changement de Mot de passe,0,0,0.014933333333333333
Signature électronique d'un mandat sepa,Envoi carte TP par mail,0,0,0.006872852233676976
Envoi d'un document,Envoi carte TP par mail,0,0,0.009160864785635764
Connexion,Changer l'organisme de rattachement sécu. Social,0,0,0.010848831664282308
Changer l'organisme de rattachement sécu. Social,Télécharger le certificat d'adhésion,0,0,0.0
Télécharger le certificat d'adhésion,Envoi carte TP par mail,0,0,0.01680672268907563
Validation MFA,"Changer les coordonnées bancaire, changement de RIB pour les cotisations",0,0,0.018708647045402694
"Changer les coordonnées bancaire, changement de RIB pour les cotisations",Télécharger le certificat d'adhésion,0,0,0.005272407732864675
Connexion,Contactez nous : via message (Mes remboursements),0,0,0.004291845493562232
Contactez nous : via message (Mes remboursements),demander un renvoi par mail d'échéancier,0,0,0.013745704467353952
Envoi d'un document,Changement de Mot de passe,0,0,0.011359472334188348
Signature électronique d'un mandat sepa,Ouverture d'un document contractuel,0,0,0.015331747290510176
Connexion,Envoi d'une réclamation,0,0,0.012994754411063424
Envoi d'une réclamation,Exporter remboursement,0,0,0.019101123595505618
Validation MFA,Envoi d'un message,0,0,0.015058179329226557
Contactez nous : via message (Mes garanties),demander un renvoi par mail d'échéancier,0,0,0.019762845849802372
Connexion SSO,SSO Disconnect,0,0,0.017820773930753563
Signature électronique d'un mandat sepa,Télécharger un décompte,0,0,0.003965107057890563
Changer l'organisme de rattachement sécu. Social,Ouverture d'un document contractuel,0,0,0.0124282982791587
Ouverture d'un document contractuel,Changer les coordonnées bancaire,0,0,0.01772589710332901
Connexion,envoi d'une demande de résiliation,0,0,0.01072961373390558
Validation MFA,"Contactez nous : via message (Mon adhésion, Autres)",0,0,0.008669860825918321
Envoi d'un document,Contactez nous : via message (Mes cotisations),0,0,0.0010993037742762918
Envoi carte TP par mail,Ajout de la carte tiers payant dans le wallet,0,0,0.014084507042253521
Envoi d'un document,Changer l'organisme de rattachement sécu. Social,0,0,0.01282521069989007
Connexion,Envoi d'un message,0,0,0.00798760133524082
Connexion,demander un renvoi par mail d'échéancier,0,0,0.008583690987124463
Envoi d'une réclamation,Exporter remboursement,0,0,0.019101123595505618
Ouverture d'un document contractuel,Changer les coordonnées bancaire,0,0,0.01772589710332901
Envoi d'un document,demander un renvoi par mail d'échéancier,0,0,0.005496518871381458
Connexion,Envoi d'une réclamation,0,0,0.012994754411063424
Connexion,Télécharger le certificat d'adhésion,0,0,0.012756318550309967
Connexion,Téléchargement carte TP,0,0,0.013471626132570339
Téléchargement carte TP,Ajout de la carte tiers payant dans le wallet,0,0,0.017924528301886792
Connexion SSO,Contactez nous : via message (Mes prises en charge/devis),0,0,0.004837067209775967
Connexion,"Contactez nous : via message (Mon adhésion, Autres)",0,0,0.004649499284692418
Télécharger le certificat d'adhésion,"Contactez nous : via message (Mon adhésion, Autres)",0,0,0.0058823529411764705
Télécharger le certificat d'adhésion,"Contactez nous : via message (Mon adhésion, Autres)",0,0,0.0058823529411764705
Télécharger le certificat d'adhésion,"Contactez nous : via message (Mon adhésion, Autres)",0,0,0.0058823529411764705
Télécharger le certificat d'adhésion,"Contactez nous : via message (Mon adhésion, Autres)",0,0,0.0058823529411764705
"Changer les coordonnées bancaire, changement de RIB pour les cotisations",Ouverture d'un document contractuel,0,0,0.015817223198594025
Exporter remboursement,Changement de Mot de passe,0,0,0.015471167369901548
Téléchargement de la carte de tiers payant,envoi d'une demande de résiliation,0,0,0.001601708489054992
envoi d'une demande de résiliation,"Contactez nous : via message (Mon adhésion, Autres)",0,0,0.00423728813559322
Validation MFA,Envoi d'un message,0,0,0.015058179329226557
Validation MFA,"Contactez nous : via message (Mon adhésion, Autres)",0,0,0.008669860825918321
Partager un justificatif du PACS,Télécharger le certificat d'adhésion,0,0,0.007477906186267845
Changer ses informations personnel,Téléchargement carte TP,0,0,0.0038888888888888888
Connexion,Envoi d'une réclamation,0,0,0.012994754411063424
Exporter remboursement,Ouverture d'un document contractuel,0,0,0.015189873417721518
Téléchargement carte TP,Envoi d'un document,0,0,0.016037735849056604
Ouverture d'un document contractuel,Changer l'organisme de rattachement sécu. Social,0,0,0.012537829658452227
Exporter remboursement,Changement de Mot de passe,0,0,0.015471167369901548
Connexion en tant que,SSO Disconnect,0,0,0.016810540663334848
Téléchargement de la carte de tiers payant,Changement de Mot de passe,0,0,0.005339028296849973
Connexion en tant que,SSO Disconnect,0,0,0.016810540663334848
Exporter remboursement,Téléchargement carte TP,0,0,0.008157524613220815
Connexion,Partager un justificatif du PACS,0,0,0.019432522651406773
Connexion,Contactez nous : via message (Mes prises en charge/devis),0,0,0.0033381020505484026
Contactez nous : via message (Mes prises en charge/devis),Changement de Mot de passe,0,0,0.0
envoi d'une demande de résiliation,Ouverture d'un document contractuel,0,0,0.014124293785310734
Connexion en tant que,Exporter remboursement,0,0,0.019082235347569285
Connexion,Envoi carte TP par mail,0,0,0.010848831664282308
Connexion en tant que,Télécharger le certificat d'adhésion,0,0,0.009086778736937756
Changement de Mot de passe,Télécharger le certificat d'adhésion,0,0,0.0075046904315197
Connexion,Envoi d'une réclamation,0,0,0.012994754411063424
Envoi d'une réclamation,Partager un justificatif du PACS,0,0,0.015730337078651686
Partager un justificatif du PACS,Envoi d'une réclamation,0,0,0.008157715839564922
Envoi d'une réclamation,Partager un justificatif du PACS,0,0,0.015730337078651686
Partager un justificatif du PACS,Envoi d'une réclamation,0,0,0.008157715839564922
Envoi d'une réclamation,Partager un justificatif du PACS,0,0,0.015730337078651686
Partager un justificatif du PACS,Envoi d'une réclamation,0,0,0.008157715839564922
Envoi d'une réclamation,Partager un justificatif du PACS,0,0,0.015730337078651686
Connexion en tant que,Ajout de la carte tiers payant dans le wallet,0,0,0.004997728305315766
Connexion SSO,Contactez nous : via message (Mes garanties),0,0,0.006364562118126273
Exporter remboursement,Contactez nous : via message (Mes garanties),0,0,0.0028129395218002813
Exporter remboursement,Contactez nous : via message (Mes garanties),0,0,0.0028129395218002813
Connexion en tant que,Envoi d'une réclamation,0,0,0.005906406179009541
Envoi d'une réclamation,Téléchargement carte TP,0,0,0.0
Téléchargement carte TP,Envoi d'une réclamation,0,0,0.0
Envoi d'une réclamation,Téléchargement carte TP,0,0,0.0
Téléchargement carte TP,Envoi d'une réclamation,0,0,0.0
Envoi d'une réclamation,Téléchargement carte TP,0,0,0.0
Télécharger un décompte,Ouverture d'un document contractuel,0,0,0.019016697588126158
Ouverture d'un document contractuel,Ajout de la carte tiers payant dans le wallet,0,0,0.0034587116299178555
Téléchargement carte TP,Ouverture d'un document contractuel,0,0,0.018867924528301886
Ouverture d'un document contractuel,Ajout de la carte tiers payant dans le wallet,0,0,0.0034587116299178555
Ouverture d'un document contractuel,Téléchargement carte TP,0,0,0.007349762213575443
Téléchargement carte TP,Ouverture d'un document contractuel,0,0,0.018867924528301886
Envoi d'un document,Ajout de la carte tiers payant dans le wallet,0,0,0.00622938805423232
Téléchargement carte TP,Ajout de la carte tiers payant dans le wallet,0,0,0.017924528301886792
Connexion en tant que,Envoi carte TP par mail,0,0,0.017719218537028625
Envoi d'un document,Téléchargement de la carte de tiers payant,0,0,0.016489556614144377
Connexion,"Changer les coordonnées bancaire, changement de RIB pour les remboursements",0,0,0.008702908917501192
Ouverture d'un document contractuel,Changer l'organisme de rattachement sécu. Social,0,0,0.012537829658452227
Changer ses informations personnel,Signature électronique d'un mandat sepa,0,0,0.014166666666666666
Connexion,Envoi carte TP par mail,0,0,0.010848831664282308
Envoi d'un document,Télécharger le certificat d'adhésion,0,0,0.015390252839868083
Envoi d'un document,Renvoi carte TP papier,0,0,0.010260168559912056
Envoi d'un document,Télécharger le certificat d'adhésion,0,0,0.015390252839868083
Télécharger le certificat d'adhésion,Envoi carte TP par mail,0,0,0.01680672268907563
Changer les coordonnées bancaire,"Changer les coordonnées bancaire, changement de RIB de bénéficiaire",0,0,0.0096
Connexion en tant que,Changer ses informations personnel,0,0,0.00408905043162199
Téléchargement carte TP,Partager un justificatif du PACS,0,0,0.007547169811320755
Connexion en tant que,envoi d'une demande de résiliation,0,0,0.004543389368468878
envoi d'une demande de résiliation,Renvoi carte TP papier,0,0,0.002824858757062147
Exporter remboursement,Envoi d'un document,0,0,0.018565400843881856
Connexion SSO,demander un renvoi par mail d'échéancier,0,0,0.014511201629327902
Connexion,"Changer les coordonnées bancaire, changement de RIB pour les remboursements",0,0,0.008702908917501192
Télécharger un décompte,Ouverture d'un document contractuel,0,0,0.019016697588126158
Télécharger un décompte,Signature électronique d'un mandat sepa,0,0,0.0037105751391465678
Connexion,Renvoi carte TP papier,0,0,0.012994754411063424
Exporter remboursement,Téléchargement de la carte de tiers payant,0,0,0.016877637130801686
Connexion,Renvoi carte TP papier,0,0,0.012994754411063424
Validation MFA,Contactez nous : via message (Mes remboursements),0,0,0.009126169290440338
Validation MFA,Ajout de la carte tiers payant dans le wallet,0,0,0.0025096965548710927
Ouverture d'un document contractuel,Changer les coordonnées bancaire,0,0,0.01772589710332901
Signature électronique d'un mandat sepa,Renvoi carte TP papier,0,0,0.007137192704203013
Connexion,Partager un justificatif du PACS,0,0,0.019432522651406773
Télécharger un décompte,Changement de Mot de passe,0,0,0.013450834879406308
Connexion,Envoi d'une réclamation,0,0,0.012994754411063424
Envoi d'une réclamation,Télécharger le certificat d'adhésion,0,0,0.016853932584269662
Envoi d'un document,Changer l'organisme de rattachement sécu. Social,0,0,0.01282521069989007
Connexion,Signature électronique d'un mandat sepa,0,0,0.016571292322365285
Signature électronique d'un mandat sepa,Télécharger le certificat d'adhésion,0,0,0.00105736188210415
Exporter remboursement,Changement de Mot de passe,0,0,0.015471167369901548
Connexion,Envoi d'un message,0,0,0.00798760133524082
Contactez nous : via message (Mes garanties),Partager un justificatif du PACS,0,0,0.007905138339920948
Changer l'organisme de rattachement sécu. Social,"Changer les coordonnées bancaire, changement de RIB pour les cotisations",0,0,0.01577437858508604
Connexion en tant que,Exporter remboursement,0,0,0.019082235347569285
Exporter remboursement,Signature électronique d'un mandat sepa,0,0,0.007032348804500703
Signature électronique d'un mandat sepa,Partager un justificatif du PACS,0,0,0.010837959291567539
Changer les coordonnées bancaire,Renvoi carte TP papier,0,0,0.0037333333333333333
Connexion,"Changer les coordonnées bancaire, changement de RIB pour les cotisations",0,0,0.0075107296137339056
Changer ses informations personnel,Partager un justificatif du PACS,0,0,0.015
Signature électronique d'un mandat sepa,Renvoi carte TP papier,0,0,0.007137192704203013
Ouverture d'un document contractuel,Changer les coordonnées bancaire,0,0,0.01772589710332901
Changer l'organisme de rattachement sécu. Social,"Changer les coordonnées bancaire, changement de RIB pour les cotisations",0,0,0.01577437858508604
Changer ses informations personnel,Signature électronique d'un mandat sepa,0,0,0.014166666666666666
Connexion en tant que,Téléchargement de la carte de tiers payant,0,0,0.013175829168559746
Partager un justificatif du PACS,Contactez nous : via message (Mes cotisations),0,0,0.0006798096532970768
Changer l'organisme de rattachement sécu. Social,"Changer les coordonnées bancaire, changement de RIB pour les cotisations",0,0,0.01577437858508604
Signature électronique d'un mandat sepa,Partager un justificatif du PACS,0,0,0.010837959291567539
Connexion,Envoi d'une réclamation,0,0,0.012994754411063424
Envoi d'une réclamation,Télécharger le certificat d'adhésion,0,0,0.016853932584269662
Télécharger le certificat d'adhésion,Envoi d'une réclamation,0,0,0.014285714285714285
Envoi d'une réclamation,Télécharger le certificat d'adhésion,0,0,0.016853932584269662
Télécharger le certificat d'adhésion,Envoi d'une réclamation,0,0,0.014285714285714285
Envoi d'une réclamation,Télécharger le certificat d'adhésion,0,0,0.016853932584269662
Téléchargement de la carte de tiers payant,Télécharger le certificat d'adhésion,0,0,0.011745862253069941
Connexion,Télécharger le certificat d'adhésion,0,0,0.012756318550309967
Téléchargement de la carte de tiers payant,Télécharger le certificat d'adhésion,0,0,0.011745862253069941
Téléchargement de la carte de tiers payant,Télécharger le certificat d'adhésion,0,0,0.011745862253069941
Validation MFA,Envoi d'un message,0,0,0.015058179329226557
Connexion SSO,SSO Disconnect,0,0,0.017820773930753563
Changer ses informations personnel,Changer les coordonnées bancaire,0,0,0.015
Connexion SSO,Contactez nous : via message (Mes remboursements),0,0,0.009164969450101833
Changer l'organisme de rattachement sécu. Social,Partager un justificatif du PACS,0,0,0.010038240917782026
Partager un justificatif du PACS,"Changer les coordonnées bancaire, changement de RIB pour les cotisations",0,0,0.008837525492861998
Signature électronique d'un mandat sepa,Changer ses informations personnel,0,0,0.015331747290510176
Changer ses informations personnel,"Changer les coordonnées bancaire, changement de RIB pour les cotisations",0,0,0.009444444444444445
Signature électronique d'un mandat sepa,Changement de Mot de passe,0,0,0.007137192704203013
Changement de Mot de passe,envoi d'une demande de résiliation,0,0,0.0006253908692933083
Connexion,demander un renvoi par mail d'échéancier,0,0,0.008583690987124463
Changement de Mot de passe,Téléchargement carte TP,0,0,0.0031269543464665416
Exporter remboursement,Changement de Mot de passe,0,0,0.015471167369901548
Connexion,envoi d'une demande de résiliation,0,0,0.01072961373390558
envoi d'une demande de résiliation,Changement de Mot de passe,0,0,0.00423728813559322
Changement de Mot de passe,Renvoi carte TP papier,0,0,0.004377736085053158
Connexion en tant que,Envoi carte TP par mail,0,0,0.017719218537028625
Envoi carte TP par mail,demander un renvoi par mail d'échéancier,0,0,0.0011737089201877935
Connexion,Changer l'organisme de rattachement sécu. Social,0,0,0.010848831664282308
envoi d'une demande de résiliation,Contactez nous : via message (Mes prises en charge/devis),0,0,0.0014124293785310734
Connexion en tant que,envoi d'une demande de résiliation,0,0,0.004543389368468878
envoi d'une demande de résiliation,Changer ses informations personnel,0,0,0.00423728813559322
Changer ses informations personnel,"Changer les coordonnées bancaire, changement de RIB pour les remboursements",0,0,0.005833333333333334
Validation MFA,"Changer les coordonnées bancaire, changement de RIB pour les remboursements",0,0,0.018024184348619667
Signature électronique d'un mandat sepa,Renvoi carte TP papier,0,0,0.007137192704203013
Changement de Mot de passe,Partager un justificatif du PACS,0,0,0.017510944340212633
Connexion,Télécharger le certificat d'adhésion,0,0,0.012756318550309967
Envoi d'un document,Renvoi carte TP papier,0,0,0.010260168559912056
Envoi d'un document,Téléchargement carte TP,0,0,0.005496518871381458
Télécharger un décompte,Téléchargement carte TP,0,0,0.016233766233766232
Connexion en tant que,Exporter remboursement,0,0,0.019082235347569285
Exporter remboursement,Changement de Mot de passe,0,0,0.015471167369901548
Connexion,Envoi d'une réclamation,0,0,0.012994754411063424
Envoi d'une réclamation,Exporter remboursement,0,0,0.019101123595505618
Exporter remboursement,Envoi d'une réclamation,0,0,0.004781997187060478
Envoi d'une réclamation,Exporter remboursement,0,0,0.019101123595505618
Exporter remboursement,Envoi d'une réclamation,0,0,0.004781997187060478
Envoi d'une réclamation,Exporter remboursement,0,0,0.019101123595505618
Connexion,Changer l'organisme de rattachement sécu. Social,0,0,0.010848831664282308
Connexion SSO,SSO Disconnect,0,0,0.017820773930753563
Connexion,Partager un justificatif du PACS,0,0,0.019432522651406773
Connexion SSO,Contactez nous : via message (Mes prises en charge/devis),0,0,0.004837067209775967
Télécharger un décompte,Ouverture d'un document contractuel,0,0,0.019016697588126158
Connexion,Envoi d'une réclamation,0,0,0.012994754411063424
Connexion,Changer l'organisme de rattachement sécu. Social,0,0,0.010848831664282308
Connexion,Envoi d'une réclamation,0,0,0.012994754411063424
Envoi d'un document,Envoi d'une réclamation,0,0,0.008427995602784902
Envoi d'un document,Envoi d'une réclamation,0,0,0.008427995602784902
Envoi d'un document,Envoi d'une réclamation,0,0,0.008427995602784902
Envoi d'un document,Envoi d'une réclamation,0,0,0.008427995602784902
Exporter remboursement,Envoi d'une réclamation,0,0,0.004781997187060478
Connexion en tant que,Changement de Mot de passe,0,0,0.00408905043162199
Changement de Mot de passe,Changer l'organisme de rattachement sécu. Social,0,0,0.006253908692933083
"Changer les coordonnées bancaire, changement de RIB pour les cotisations",Exporter remboursement,0,0,0.011423550087873463
Connexion en tant que,Exporter remboursement,0,0,0.019082235347569285
Exporter remboursement,Téléchargement de la carte de tiers payant,0,0,0.016877637130801686
Validation MFA,"Changer les coordonnées bancaire, changement de RIB pour les cotisations",0,0,0.018708647045402694
"Changer les coordonnées bancaire, changement de RIB pour les cotisations",Télécharger un décompte,0,0,0.006151142355008787
Télécharger un décompte,envoi d'une demande de résiliation,0,0,0.0013914656771799629
Exporter remboursement,Téléchargement carte TP,0,0,0.008157524613220815
Changer ses informations personnel,Téléchargement de la carte de tiers payant,0,0,0.008055555555555555
Ouverture d'un document contractuel,Changer les coordonnées bancaire,0,0,0.01772589710332901
envoi d'une demande de résiliation,demander un renvoi par mail d'échéancier,0,0,0.018361581920903956
Télécharger un décompte,Changement de Mot de passe,0,0,0.013450834879406308
Validation MFA,demander un renvoi par mail d'échéancier,0,0,0.016655258955053615
Téléchargement de la carte de tiers payant,Ouverture d'un document contractuel,0,0,0.013347570742124934
Connexion,Changer l'organisme de rattachement sécu. Social,0,0,0.010848831664282308
Ouverture d'un document contractuel,"Changer les coordonnées bancaire, changement de RIB pour les remboursements",0,0,0.006917423259835711
Ouverture d'un document contractuel,envoi d'une demande de résiliation,0,0,0.0030263726761781237
envoi d'une demande de résiliation,Contactez nous : via message (Mes remboursements),0,0,0.01694915254237288
Changement de Mot de passe,Partager un justificatif du PACS,0,0,0.017510944340212633
Connexion SSO,Contactez nous : via message (Mes cotisations),0,0,0.004582484725050916
Contactez nous : via message (Mes cotisations),Contactez nous : via message (Ma télétransmission - rattachement automatique avec votre Régime Obligatoire),0,0,0.0
Connexion,Renvoi carte TP papier,0,0,0.012994754411063424
Validation MFA,Contactez nous : via message (Mes remboursements),0,0,0.009126169290440338
Changer l'organisme de rattachement sécu. Social,Contactez nous : via message (Mes garanties),0,0,0.0004780114722753346
Contactez nous : via message (Mes garanties),Ouverture d'un document contractuel,0,0,0.007905138339920948
Connexion en tant que,Télécharger un décompte,0,0,0.012721490231712857
Validation MFA,demander un renvoi par mail d'échéancier,0,0,0.016655258955053615
Validation MFA,"Changer les coordonnées bancaire, changement de RIB pour les cotisations",0,0,0.018708647045402694
Connexion,"Contactez nous : via message (Mon adhésion, Autres)",0,0,0.004649499284692418
Contactez nous : via message (Mes cotisations),Envoi d'un document,0,0,0.013333333333333334
Ouverture d'un document contractuel,Changer les coordonnées bancaire,0,0,0.01772589710332901
Validation MFA,Contactez nous : via message (Mes cotisations),0,0,0.005019393109742185
Validation MFA,"Changer les coordonnées bancaire, changement de RIB pour les cotisations",0,0,0.018708647045402694
Validation MFA,"Changer les coordonnées bancaire, changement de RIB pour les cotisations",0,0,0.018708647045402694
Validation MFA,Envoi d'un message,0,0,0.015058179329226557
Ouverture d'un document contractuel,Changer les coordonnées bancaire,0,0,0.01772589710332901
Validation MFA,Envoi carte TP par mail,0,0,0.019849418206707735
Ouverture d'un document contractuel,Changement de Mot de passe,0,0,0.01599654128837008
Connexion,Signature électronique d'un mandat sepa,0,0,0.016571292322365285
Partager un justificatif du PACS,Téléchargement de la carte de tiers payant,0,0,0.003399048266485384
Connexion,Envoi carte TP par mail,0,0,0.010848831664282308
Validation MFA,Contactez nous : via message (Mes cotisations),0,0,0.005019393109742185
Connexion,Renvoi carte TP papier,0,0,0.012994754411063424
Connexion,"Changer les coordonnées bancaire, changement de RIB pour les cotisations",0,0,0.0075107296137339056
"Changer les coordonnées bancaire, changement de RIB pour les cotisations",envoi d'une demande de résiliation,0,0,0.0026362038664323375
envoi d'une demande de résiliation,Changer l'organisme de rattachement sécu. Social,0,0,0.002824858757062147
Connexion,Télécharger le certificat d'adhésion,0,0,0.012756318550309967
Connexion,Téléchargement carte TP,0,0,0.013471626132570339
Connexion en tant que,Exporter remboursement,0,0,0.019082235347569285
Connexion,Envoi d'une réclamation,0,0,0.012994754411063424
demander un renvoi par mail d'échéancier,Envoi d'un message,0,0,0.016129032258064516
Envoi d'un message,Contactez nous : via message (Ma carte tiers-payant),0,0,0.01327433628318584
Changer ses informations personnel,"Changer les coordonnées bancaire, changement de RIB pour les remboursements",0,0,0.005833333333333334
Signature électronique d'un mandat sepa,Exporter remboursement,0,0,0.0050224689399947136
Connexion SSO,Envoi d'un message,0,0,0.012983706720977596
Envoi d'un message,Contactez nous : via message (Ma télétransmission - rattachement automatique avec votre Régime Obligatoire),0,0,0.0022123893805309734
Ouverture d'un document contractuel,"Changer les coordonnées bancaire, changement de RIB pour les cotisations",0,0,0.00864677907479464
Validation MFA,Envoi carte TP par mail,0,0,0.019849418206707735
Validation MFA,"Changer les coordonnées bancaire, changement de RIB pour les cotisations",0,0,0.018708647045402694
Changement de Mot de passe,"Changer les coordonnées bancaire, changement de RIB pour les cotisations",0,0,0.012507817385866166
Connexion,Partager un justificatif du PACS,0,0,0.019432522651406773
Partager un justificatif du PACS,demander un renvoi par mail d'échéancier,0,0,0.0020394289598912306
Envoi d'un document,Changement de Mot de passe,0,0,0.011359472334188348
Exporter remboursement,Envoi d'un document,0,0,0.018565400843881856
Exporter remboursement,Envoi d'un document,0,0,0.018565400843881856
Connexion en tant que,SSO Disconnect,0,0,0.016810540663334848
Changement de Mot de passe,Télécharger un décompte,0,0,0.01876172607879925
Télécharger un décompte,Ouverture d'un document contractuel,0,0,0.019016697588126158
Changer l'organisme de rattachement sécu. Social,Ouverture d'un document contractuel,0,0,0.0124282982791587
Validation MFA,"Changer les coordonnées bancaire, changement de RIB pour les remboursements",0,0,0.018024184348619667
Signature électronique d'un mandat sepa,Envoi d'une réclamation,0,0,0.0002643404705260375
Connexion SSO,SSO Disconnect,0,0,0.017820773930753563
Changement de Mot de passe,Télécharger le certificat d'adhésion,0,0,0.0075046904315197
Connexion,Envoi d'une réclamation,0,0,0.012994754411063424
Envoi d'une réclamation,Contactez nous : via message (Ma carte tiers-payant),0,0,0.0056179775280898875
envoi d'une demande de résiliation,Partager un justificatif du PACS,0,0,0.011299435028248588
Signature électronique d'un mandat sepa,Changer ses informations personnel,0,0,0.015331747290510176
Connexion,Contactez nous : via message (Mes cotisations),0,0,0.002384358607534573
Contactez nous : via message (Mes cotisations),Contactez nous : via message (Ma carte tiers-payant),0,0,0.013333333333333334
Connexion,envoi d'une demande de résiliation,0,0,0.01072961373390558
envoi d'une demande de résiliation,demander un renvoi par mail d'échéancier,0,0,0.018361581920903956
Envoi d'un document,"Changer les coordonnées bancaire, changement de RIB pour les cotisations",0,0,0.007695126419934042
Connexion,Télécharger le certificat d'adhésion,0,0,0.012756318550309967
Exporter remboursement,Ouverture d'un document contractuel,0,0,0.015189873417721518
Ouverture d'un document contractuel,Changer les coordonnées bancaire,0,0,0.01772589710332901
Validation MFA,Envoi carte TP par mail,0,0,0.019849418206707735
Envoi carte TP par mail,Exporter remboursement,0,0,0.01995305164319249
Validation MFA,Contactez nous : via message (Mes remboursements),0,0,0.009126169290440338
Contactez nous : via message (Mes remboursements),Contactez nous : via message (Mes prises en charge/devis),0,0,0.01718213058419244
Connexion en tant que,Exporter remboursement,0,0,0.019082235347569285
Changer l'organisme de rattachement sécu. Social,Envoi d'un document,0,0,0.019120458891013385
Ouverture d'un document contractuel,"Changer les coordonnées bancaire, changement de RIB pour les remboursements",0,0,0.006917423259835711
Connexion SSO,demander un renvoi par mail d'échéancier,0,0,0.014511201629327902
Connexion,envoi d'une demande de résiliation,0,0,0.01072961373390558
Connexion,demander un renvoi par mail d'échéancier,0,0,0.008583690987124463
Connexion,Télécharger le certificat d'adhésion,0,0,0.012756318550309967
Changer ses informations personnel,"Changer les coordonnées bancaire, changement de RIB pour les cotisations",0,0,0.009444444444444445
"Changer les coordonnées bancaire, changement de RIB pour les cotisations",Changement de Mot de passe,0,0,0.015817223198594025
Connexion,Télécharger le certificat d'adhésion,0,0,0.012756318550309967
Exporter remboursement,Téléchargement de la carte de tiers payant,0,0,0.016877637130801686
Connexion,Ajout de la carte tiers payant dans le wallet,0,0,0.003934191702432046
Changement de Mot de passe,Téléchargement de la carte de tiers payant,0,0,0.008130081300813009
Connexion,"Contactez nous : via message (Mon adhésion, Autres)",0,0,0.004649499284692418
Exporter remboursement,Envoi d'un document,0,0,0.018565400843881856
Connexion,envoi d'une demande de résiliation,0,0,0.01072961373390558
Ouverture d'un document contractuel,"Changer les coordonnées bancaire, changement de RIB pour les cotisations",0,0,0.00864677907479464
Validation MFA,Envoi d'un message,0,0,0.015058179329226557
Connexion,Changer les coordonnées bancaire,0,0,0.014425369575584168
Connexion,Envoi d'un message,0,0,0.00798760133524082
Connexion,demander un renvoi par mail d'échéancier,0,0,0.008583690987124463
demander un renvoi par mail d'échéancier,Envoi d'un message,0,0,0.016129032258064516
Connexion en tant que,Contactez nous : via message (Mes garanties),0,0,0.0
Contactez nous : via message (Mes garanties),Envoi d'un document,0,0,0.011857707509881422
Envoi d'un document,Contactez nous : via message (Mes garanties),0,0,0.0010993037742762918
Contactez nous : via message (Mes garanties),Envoi d'un document,0,0,0.011857707509881422
Envoi d'un document,Contactez nous : via message (Mes garanties),0,0,0.0010993037742762918
Contactez nous : via message (Mes garanties),Envoi d'un document,0,0,0.011857707509881422
Envoi d'un document,Contactez nous : via message (Mes garanties),0,0,0.0010993037742762918
Contactez nous : via message (Mes garanties),Envoi d'un document,0,0,0.011857707509881422
Envoi d'un document,Contactez nous : via message (Mes garanties),0,0,0.0010993037742762918
Connexion,Télécharger le certificat d'adhésion,0,0,0.012756318550309967
Connexion,Contactez nous : via message (Mes cotisations),0,0,0.002384358607534573
Connexion en tant que,Téléchargement de la carte de tiers payant,0,0,0.013175829168559746
Connexion SSO,"Changer les coordonnées bancaire, changement de RIB pour les remboursements",0,0,0.017566191446028515
Changer les coordonnées bancaire,"Changer les coordonnées bancaire, changement de RIB de bénéficiaire",0,0,0.0096
Ouverture d'un document contractuel,Télécharger le certificat d'adhésion,0,0,0.01297016861219196
Télécharger le certificat d'adhésion,Partager un justificatif du PACS,0,0,0.008403361344537815
Connexion SSO,Contactez nous : via message (Mes remboursements),0,0,0.009164969450101833
Signature électronique d'un mandat sepa,Renvoi carte TP papier,0,0,0.007137192704203013
Exporter remboursement,Téléchargement carte TP,0,0,0.008157524613220815
envoi d'une demande de résiliation,demander un renvoi par mail d'échéancier,0,0,0.018361581920903956
Exporter remboursement,Téléchargement de la carte de tiers payant,0,0,0.016877637130801686
Connexion en tant que,Téléchargement carte TP,0,0,0.009995456610631531
Changer l'organisme de rattachement sécu. Social,"Changer les coordonnées bancaire, changement de RIB pour les cotisations",0,0,0.01577437858508604
Connexion en tant que,Téléchargement carte TP,0,0,0.009995456610631531
Connexion en tant que,Téléchargement carte TP,0,0,0.009995456610631531
Téléchargement carte TP,Ouverture d'un document contractuel,0,0,0.018867924528301886
Ouverture d'un document contractuel,Envoi carte TP par mail,0,0,0.005188067444876783
Changement de Mot de passe,Télécharger le certificat d'adhésion,0,0,0.0075046904315197
Signature électronique d'un mandat sepa,Changer ses informations personnel,0,0,0.015331747290510176
Validation MFA,demander un renvoi par mail d'échéancier,0,0,0.016655258955053615
Connexion,Partager un justificatif du PACS,0,0,0.019432522651406773
Partager un justificatif du PACS,Envoi d'un message,0,0,0.011556764106050306
Envoi d'un message,Contactez nous : via message (Ma télétransmission - rattachement automatique avec votre Régime Obligatoire),0,0,0.0022123893805309734
Exporter remboursement,Ouverture d'un document contractuel,0,0,0.015189873417721518
Connexion,Envoi d'un message,0,0,0.00798760133524082
Envoi d'un message,envoi d'une demande de résiliation,0,0,0.017699115044247787
Ouverture d'un document contractuel,Contactez nous : via message (Ma carte tiers-payant),0,0,0.00043233895373973193
Connexion SSO,"Contactez nous : via message (Mon adhésion, Autres)",0,0,0.007892057026476579
Changer ses informations personnel,Changer les coordonnées bancaire,0,0,0.015
Connexion SSO,demander un renvoi par mail d'échéancier,0,0,0.014511201629327902
Exporter remboursement,Téléchargement de la carte de tiers payant,0,0,0.016877637130801686
Ouverture d'un document contractuel,"Contactez nous : via message (Mon adhésion, Autres)",0,0,0.00216169476869866
Télécharger un décompte,Téléchargement carte TP,0,0,0.016233766233766232
Signature électronique d'un mandat sepa,Partager un justificatif du PACS,0,0,0.010837959291567539
Envoi d'un document,"Changer les coordonnées bancaire, changement de RIB pour les cotisations",0,0,0.007695126419934042
Connexion,Renvoi carte TP papier,0,0,0.012994754411063424
Connexion en tant que,Envoi carte TP par mail,0,0,0.017719218537028625
Envoi carte TP par mail,Ajout de la carte tiers payant dans le wallet,0,0,0.014084507042253521
Envoi d'un document,Ajout de la carte tiers payant dans le wallet,0,0,0.00622938805423232
"Changer les coordonnées bancaire, changement de RIB pour les cotisations",Téléchargement carte TP,0,0,0.0017574692442882249
Connexion,Changer l'organisme de rattachement sécu. Social,0,0,0.010848831664282308
Envoi d'un document,Changer les coordonnées bancaire,0,0,0.0131916452913155
Connexion,Télécharger le certificat d'adhésion,0,0,0.012756318550309967
Connexion en tant que,envoi d'une demande de résiliation,0,0,0.004543389368468878
envoi d'une demande de résiliation,Ouverture d'un document contractuel,0,0,0.014124293785310734
Exporter remboursement,Partager un justificatif du PACS,0,0,0.012939521800281293
Changer l'organisme de rattachement sécu. Social,Télécharger un décompte,0,0,0.0009560229445506692
Télécharger un décompte,Contactez nous : via message (Mes remboursements),0,0,0.0013914656771799629
Connexion SSO,Envoi d'un message,0,0,0.012983706720977596
Envoi d'un message,Contactez nous : via message (Ma carte tiers-payant),0,0,0.01327433628318584
Connexion,envoi d'une demande de résiliation,0,0,0.01072961373390558
envoi d'une demande de résiliation,Signature électronique d'un mandat sepa,0,0,0.014124293785310734
Connexion,Contactez nous : via message (Ma carte tiers-payant),0,0,0.001072961373390558
Contactez nous : via message (Ma carte tiers-payant),Ouverture d'un document contractuel,0,0,0.0
Ouverture d'un document contractuel,Contactez nous : via message (Ma carte tiers-payant),0,0,0.00043233895373973193
Contactez nous : via message (Ma carte tiers-payant),Ouverture d'un document contractuel,0,0,0.0
Ouverture d'un document contractuel,Contactez nous : via message (Ma carte tiers-payant),0,0,0.00043233895373973193
Contactez nous : via message (Ma carte tiers-payant),Ouverture d'un document contractuel,0,0,0.0
Connexion SSO,Contactez nous : via message (Mes prises en charge/devis),0,0,0.004837067209775967
Connexion,Partager un justificatif du PACS,0,0,0.019432522651406773
Changement de Mot de passe,envoi d'une demande de résiliation,0,0,0.0006253908692933083
envoi d'une demande de résiliation,Changer ses informations personnel,0,0,0.00423728813559322
Changer ses informations personnel,Changer l'organisme de rattachement sécu. Social,0,0,0.0022222222222222222
Validation MFA,Envoi carte TP par mail,0,0,0.019849418206707735
Connexion,"Changer les coordonnées bancaire, changement de RIB de bénéficiaire",0,0,0.002503576537911302
Validation MFA,"Changer les coordonnées bancaire, changement de RIB pour les cotisations",0,0,0.018708647045402694
Changer ses informations personnel,"Changer les coordonnées bancaire, changement de RIB pour les cotisations",0,0,0.009444444444444445
Changer l'organisme de rattachement sécu. Social,Partager un justificatif du PACS,0,0,0.010038240917782026
Connexion,Envoi carte TP par mail,0,0,0.010848831664282308
Envoi carte TP par mail,Partager un justificatif du PACS,0,0,0.0035211267605633804
Partager un justificatif du PACS,Changement de Mot de passe,0,0,0.01563562202583277
Téléchargement de la carte de tiers payant,Ouverture d'un document contractuel,0,0,0.013347570742124934
Validation MFA,"Changer les coordonnées bancaire, changement de RIB pour les remboursements",0,0,0.018024184348619667
Validation MFA,Contactez nous : via message (Ma télétransmission - rattachement automatique avec votre Régime Obligatoire),0,0,0.0018252338580880675
Contactez nous : via message (Ma télétransmission - rattachement automatique avec votre Régime Obligatoire),"Contactez nous : via message (Mon adhésion, Autres)",0,0,0.017543859649122806
Signature électronique d'un mandat sepa,demander un renvoi par mail d'échéancier,0,0,0.000528680941052075
demander un renvoi par mail d'échéancier,Signature électronique d'un mandat sepa,0,0,0.008064516129032258
Validation MFA,demander un renvoi par mail d'échéancier,0,0,0.016655258955053615
Connexion,Renvoi carte TP papier,0,0,0.012994754411063424
Connexion,Renvoi carte TP papier,0,0,0.012994754411063424
Changer l'organisme de rattachement sécu. Social,"Changer les coordonnées bancaire, changement de RIB pour les remboursements",0,0,0.016252390057361378
Signature électronique d'un mandat sepa,Changement de Mot de passe,0,0,0.007137192704203013
"Changer les coordonnées bancaire, changement de RIB pour les remboursements",Envoi d'un document,0,0,0.019427402862985686
Connexion,Contactez nous : via message (Mes remboursements),0,0,0.004291845493562232
"Changer les coordonnées bancaire, changement de RIB pour les remboursements",Changement de Mot de passe,0,0,0.016359918200409
Changement de Mot de passe,Partager un justificatif du PACS,0,0,0.017510944340212633
Connexion,Changer les coordonnées bancaire,0,0,0.014425369575584168
Connexion,Signature électronique d'un mandat sepa,0,0,0.016571292322365285
Signature électronique d'un mandat sepa,Exporter remboursement,0,0,0.0050224689399947136
envoi d'une demande de résiliation,Télécharger le certificat d'adhésion,0,0,0.009887005649717515
Connexion,"Contactez nous : via message (Mon adhésion, Autres)",0,0,0.004649499284692418
Envoi d'un document,"Changer les coordonnées bancaire, changement de RIB pour les cotisations",0,0,0.007695126419934042
Exporter remboursement,Renvoi carte TP papier,0,0,0.00590717299578059
Connexion,Téléchargement carte TP,0,0,0.013471626132570339
Validation MFA,"Contactez nous : via message (Mon adhésion, Autres)",0,0,0.008669860825918321
Connexion,Changer les coordonnées bancaire,0,0,0.014425369575584168
Télécharger un décompte,"Changer les coordonnées bancaire, changement de RIB pour les remboursements",0,0,0.002319109461966605
Connexion,Contactez nous : via message (Mes garanties),0,0,0.004649499284692418
Contactez nous : via message (Mes garanties),Envoi d'un document,0,0,0.011857707509881422
Envoi d'un document,Envoi carte TP par mail,0,0,0.009160864785635764
Connexion en tant que,Exporter remboursement,0,0,0.019082235347569285
Exporter remboursement,Téléchargement carte TP,0,0,0.008157524613220815
Téléchargement carte TP,Envoi d'un document,0,0,0.016037735849056604
Connexion,Changer l'organisme de rattachement sécu. Social,0,0,0.010848831664282308
Connexion,Signature électronique d'un mandat sepa,0,0,0.016571292322365285
Connexion,Partager un justificatif du PACS,0,0,0.019432522651406773
Téléchargement de la carte de tiers payant,Ouverture d'un document contractuel,0,0,0.013347570742124934
Ouverture d'un document contractuel,Télécharger le certificat d'adhésion,0,0,0.01297016861219196
Changer les coordonnées bancaire,Partager un justificatif du PACS,0,0,0.011733333333333333
Télécharger un décompte,Renvoi carte TP papier,0,0,0.011595547309833023
Exporter remboursement,Partager un justificatif du PACS,0,0,0.012939521800281293
Validation MFA,demander un renvoi par mail d'échéancier,0,0,0.016655258955053615
Connexion,Partager un justificatif du PACS,0,0,0.019432522651406773
Validation MFA,Contactez nous : via message (Mes garanties),0,0,0.012092174309833448
Contactez nous : via message (Mes garanties),demander un renvoi par mail d'échéancier,0,0,0.019762845849802372
envoi d'une demande de résiliation,Télécharger un décompte,0,0,0.014124293785310734
Connexion,Signature électronique d'un mandat sepa,0,0,0.016571292322365285
Signature électronique d'un mandat sepa,Changer ses informations personnel,0,0,0.015331747290510176
Exporter remboursement,Changement de Mot de passe,0,0,0.015471167369901548
Signature électronique d'un mandat sepa,Renvoi carte TP papier,0,0,0.007137192704203013
envoi d'une demande de résiliation,"Changer les coordonnées bancaire, changement de RIB pour les cotisations",0,0,0.00847457627118644
Changer l'organisme de rattachement sécu. Social,Ouverture d'un document contractuel,0,0,0.0124282982791587
Ouverture d'un document contractuel,Changer l'organisme de rattachement sécu. Social,0,0,0.012537829658452227
envoi d'une demande de résiliation,Envoi d'un message,0,0,0.015536723163841809
Connexion,"Contactez nous : via message (Mon adhésion, Autres)",0,0,0.004649499284692418
Contactez nous : via message (Ma carte tiers-payant),Contactez nous : via message (Mes garanties),0,0,0.011494252873563218
Connexion,Télécharger le certificat d'adhésion,0,0,0.012756318550309967
Signature électronique d'un mandat sepa,Ouverture d'un document contractuel,0,0,0.015331747290510176
Partager un justificatif du PACS,Changer les coordonnées bancaire,0,0,0.01563562202583277
Connexion,Envoi d'une réclamation,0,0,0.012994754411063424
envoi d'une demande de résiliation,Partager un justificatif du PACS,0,0,0.011299435028248588
Validation MFA,Envoi d'un message,0,0,0.015058179329226557
Exporter remboursement,Changement de Mot de passe,0,0,0.015471167369901548
Partager un justificatif du PACS,Changement de Mot de passe,0,0,0.01563562202583277
Exporter remboursement,Envoi d'un document,0,0,0.018565400843881856
Connexion,Renvoi carte TP papier,0,0,0.012994754411063424
Renvoi carte TP papier,Changement de Mot de passe,0,0,0.005535055350553505
Téléchargement de la carte de tiers payant,Changer ses informations personnel,0,0,0.015483182060864922
Connexion,Envoi d'une réclamation,0,0,0.012994754411063424
Changement de Mot de passe,Téléchargement de la carte de tiers payant,0,0,0.008130081300813009
Connexion,Téléchargement carte TP,0,0,0.013471626132570339
Connexion,Signature électronique d'un mandat sepa,0,0,0.016571292322365285
Validation MFA,demander un renvoi par mail d'échéancier,0,0,0.016655258955053615
demander un renvoi par mail d'échéancier,"Contactez nous : via message (Mon adhésion, Autres)",0,0,0.0020161290322580645
Connexion SSO,Contactez nous : via message (Mes garanties),0,0,0.006364562118126273
Contactez nous : via message (Mes garanties),Contactez nous : via message (Ma carte tiers-payant),0,0,0.015810276679841896
Validation MFA,"Changer les coordonnées bancaire, changement de RIB pour les cotisations",0,0,0.018708647045402694
Changer les coordonnées bancaire,Ouverture d'un document contractuel,0,0,0.014933333333333333
Connexion,envoi d'une demande de résiliation,0,0,0.01072961373390558
envoi d'une demande de résiliation,Télécharger un décompte,0,0,0.014124293785310734
Connexion,"Contactez nous : via message (Mon adhésion, Autres)",0,0,0.004649499284692418
Validation MFA,Envoi d'un message,0,0,0.015058179329226557
Connexion,envoi d'une demande de résiliation,0,0,0.01072961373390558
envoi d'une demande de résiliation,Changer ses informations personnel,0,0,0.00423728813559322
Changer ses informations personnel,envoi d'une demande de résiliation,0,0,0.0005555555555555556
Connexion,Changer l'organisme de rattachement sécu. Social,0,0,0.010848831664282308
Exporter remboursement,Envoi d'un document,0,0,0.018565400843881856
Validation MFA,Contactez nous : via message (Mes cotisations),0,0,0.005019393109742185
Validation MFA,"Changer les coordonnées bancaire, changement de RIB pour les remboursements",0,0,0.018024184348619667
Changer l'organisme de rattachement sécu. Social,"Changer les coordonnées bancaire, changement de RIB pour les remboursements",0,0,0.016252390057361378
Connexion,Signature électronique d'un mandat sepa,0,0,0.016571292322365285
Changement de Mot de passe,Télécharger le certificat d'adhésion,0,0,0.0075046904315197
Changement de Mot de passe,Téléchargement de la carte de tiers payant,0,0,0.008130081300813009
Connexion,"Changer les coordonnées bancaire, changement de RIB pour les cotisations",0,0,0.0075107296137339056
Changer ses informations personnel,Changer les coordonnées bancaire,0,0,0.015
Connexion SSO,demander un renvoi par mail d'échéancier,0,0,0.014511201629327902
Téléchargement carte TP,demander un renvoi par mail d'échéancier,0,0,0.006603773584905661
Téléchargement carte TP,demander un renvoi par mail d'échéancier,0,0,0.006603773584905661
Ouverture d'un document contractuel,Changer l'organisme de rattachement sécu. Social,0,0,0.012537829658452227
Connexion,Contactez nous : via message (Mes prises en charge/devis),0,0,0.0033381020505484026
Connexion,envoi d'une demande de résiliation,0,0,0.01072961373390558
Changer les coordonnées bancaire,Ouverture d'un document contractuel,0,0,0.014933333333333333
Connexion,demander un renvoi par mail d'échéancier,0,0,0.008583690987124463
Connexion,Partager un justificatif du PACS,0,0,0.019432522651406773
Connexion SSO,Contactez nous : via message (Mes cotisations),0,0,0.004582484725050916
Changement de Mot de passe,Envoi carte TP par mail,0,0,0.005628517823639775
Ouverture d'un document contractuel,Téléchargement de la carte de tiers payant,0,0,0.016428880242109815
Signature électronique d'un mandat sepa,Ouverture d'un document contractuel,0,0,0.015331747290510176
Ouverture d'un document contractuel,"Changer les coordonnées bancaire, changement de RIB pour les remboursements",0,0,0.006917423259835711
Changer ses informations personnel,Partager un justificatif du PACS,0,0,0.015
Connexion,Renvoi carte TP papier,0,0,0.012994754411063424
Changer ses informations personnel,"Changer les coordonnées bancaire, changement de RIB pour les cotisations",0,0,0.009444444444444445
demander un renvoi par mail d'échéancier,Envoi d'un document,0,0,0.014112903225806451
Changer ses informations personnel,Partager un justificatif du PACS,0,0,0.015
Validation MFA,Contactez nous : via message (Mes prises en charge/devis),0,0,0.004334930412959161
Envoi d'un message,Envoi d'un document,0,0,0.015486725663716814
Changer ses informations personnel,Téléchargement de la carte de tiers payant,0,0,0.008055555555555555
Exporter remboursement,demander un renvoi par mail d'échéancier,0,0,0.0033755274261603376
Validation MFA,"Changer les coordonnées bancaire, changement de RIB pour les remboursements",0,0,0.018024184348619667
Connexion,Déconnexion,0,0,0.007272293752980448
Connexion,Téléchargement carte TP,0,0,0.013471626132570339
Téléchargement carte TP,Ouverture d'un document contractuel,0,0,0.018867924528301886
Ouverture d'un document contractuel,Téléchargement carte TP,0,0,0.007349762213575443
Envoi carte TP par mail,Ouverture d'un document contractuel,0,0,0.018779342723004695
Envoi d'un document,Téléchargement carte TP,0,0,0.005496518871381458
Téléchargement carte TP,Ouverture d'un document contractuel,0,0,0.018867924528301886
Ouverture d'un document contractuel,Téléchargement carte TP,0,0,0.007349762213575443
Téléchargement carte TP,Ouverture d'un document contractuel,0,0,0.018867924528301886
Ouverture d'un document contractuel,Envoi carte TP par mail,0,0,0.005188067444876783
Envoi carte TP par mail,Ouverture d'un document contractuel,0,0,0.018779342723004695
Envoi d'un document,Changer les coordonnées bancaire,0,0,0.0131916452913155
Renvoi carte TP papier,Changer ses informations personnel,0,0,0.012915129151291513
Connexion,envoi d'une demande de résiliation,0,0,0.01072961373390558
Exporter remboursement,Signature électronique d'un mandat sepa,0,0,0.007032348804500703
Connexion en tant que,Télécharger un décompte,0,0,0.012721490231712857
Connexion,Renvoi carte TP papier,0,0,0.012994754411063424
Changement de Mot de passe,Changer l'organisme de rattachement sécu. Social,0,0,0.006253908692933083
demander un renvoi par mail d'échéancier,Contactez nous : via message (Mes garanties),0,0,0.008064516129032258
Téléchargement de la carte de tiers payant,Changer ses informations personnel,0,0,0.015483182060864922
Télécharger un décompte,envoi d'une demande de résiliation,0,0,0.0013914656771799629
Connexion,Contactez nous : via message (Mes prises en charge/devis),0,0,0.0033381020505484026
Télécharger un décompte,Contactez nous : via message (Mes prises en charge/devis),0,0,0.0037105751391465678
Télécharger un décompte,Contactez nous : via message (Mes prises en charge/devis),0,0,0.0037105751391465678
Télécharger un décompte,Contactez nous : via message (Mes prises en charge/devis),0,0,0.0037105751391465678
Changer les coordonnées bancaire,Partager un justificatif du PACS,0,0,0.011733333333333333
Connexion,Téléchargement carte TP,0,0,0.013471626132570339
Connexion,Changer les coordonnées bancaire,0,0,0.014425369575584168
Changer les coordonnées bancaire,Ouverture d'un document contractuel,0,0,0.014933333333333333
Partager un justificatif du PACS,"Changer les coordonnées bancaire, changement de RIB pour les cotisations",0,0,0.008837525492861998
Changer l'organisme de rattachement sécu. Social,"Changer les coordonnées bancaire, changement de RIB pour les cotisations",0,0,0.01577437858508604
Connexion SSO,Envoi d'un message,0,0,0.012983706720977596
Connexion,Partager un justificatif du PACS,0,0,0.019432522651406773
Envoi d'un document,Changement de Mot de passe,0,0,0.011359472334188348
Changement de Mot de passe,Téléchargement de la carte de tiers payant,0,0,0.008130081300813009
Connexion SSO,Contactez nous : via message (Ma carte tiers-payant),0,0,0.002291242362525458
Téléchargement de la carte de tiers payant,Partager un justificatif du PACS,0,0,0.004805125467164976
Connexion en tant que,Téléchargement de la carte de tiers payant,0,0,0.013175829168559746
Connexion,Envoi d'une réclamation,0,0,0.012994754411063424
Envoi d'un document,Télécharger le certificat d'adhésion,0,0,0.015390252839868083
Connexion,demander un renvoi par mail d'échéancier,0,0,0.008583690987124463
Changer ses informations personnel,Téléchargement carte TP,0,0,0.0038888888888888888
Envoi d'un document,Envoi d'une réclamation,0,0,0.008427995602784902
Signature électronique d'un mandat sepa,Ouverture d'un document contractuel,0,0,0.015331747290510176
Connexion,Envoi d'une réclamation,0,0,0.012994754411063424
Changer l'organisme de rattachement sécu. Social,Changer ses informations personnel,0,0,0.0057361376673040155
Renvoi carte TP papier,Changement de Mot de passe,0,0,0.005535055350553505
Connexion,Signature électronique d'un mandat sepa,0,0,0.016571292322365285
Connexion,Téléchargement carte TP,0,0,0.013471626132570339
Connexion SSO,Envoi d'un message,0,0,0.012983706720977596
Envoi d'un message,envoi d'une demande de résiliation,0,0,0.017699115044247787
Validation MFA,Envoi carte TP par mail,0,0,0.019849418206707735
Envoi carte TP par mail,envoi d'une demande de résiliation,0,0,0.0035211267605633804
envoi d'une demande de résiliation,Ouverture d'un document contractuel,0,0,0.014124293785310734
Changement de Mot de passe,Télécharger un décompte,0,0,0.01876172607879925
Connexion,demander un renvoi par mail d'échéancier,0,0,0.008583690987124463
demander un renvoi par mail d'échéancier,Partager un justificatif du PACS,0,0,0.012096774193548387
Partager un justificatif du PACS,demander un renvoi par mail d'échéancier,0,0,0.0020394289598912306
demander un renvoi par mail d'échéancier,Partager un justificatif du PACS,0,0,0.012096774193548387
Partager un justificatif du PACS,demander un renvoi par mail d'échéancier,0,0,0.0020394289598912306
demander un renvoi par mail d'échéancier,Partager un justificatif du PACS,0,0,0.012096774193548387
Partager un justificatif du PACS,demander un renvoi par mail d'échéancier,0,0,0.0020394289598912306
demander un renvoi par mail d'échéancier,Partager un justificatif du PACS,0,0,0.012096774193548387
Partager un justificatif du PACS,demander un renvoi par mail d'échéancier,0,0,0.0020394289598912306
Exporter remboursement,Changement de Mot de passe,0,0,0.015471167369901548
Validation MFA,"Changer les coordonnées bancaire, changement de RIB pour les cotisations",0,0,0.018708647045402694
Signature électronique d'un mandat sepa,Exporter remboursement,0,0,0.0050224689399947136
Connexion,Téléchargement carte TP,0,0,0.013471626132570339
Connexion,Envoi d'un message,0,0,0.00798760133524082
Connexion,Déconnexion,0,0,0.007272293752980448
Connexion,Changer les coordonnées bancaire,0,0,0.014425369575584168
Connexion SSO,demander un renvoi par mail d'échéancier,0,0,0.014511201629327902
demander un renvoi par mail d'échéancier,Partager un justificatif du PACS,0,0,0.012096774193548387
Connexion,Envoi d'un message,0,0,0.00798760133524082
Connexion,Envoi d'une réclamation,0,0,0.012994754411063424
Envoi d'une réclamation,Ouverture d'un document contractuel,0,0,0.017977528089887642
Connexion,Déconnexion,0,0,0.007272293752980448
Connexion,Partager un justificatif du PACS,0,0,0.019432522651406773
Partager un justificatif du PACS,Changement de Mot de passe,0,0,0.01563562202583277
Changement de Mot de passe,Télécharger un décompte,0,0,0.01876172607879925
Télécharger un décompte,Partager un justificatif du PACS,0,0,0.010667903525046383
Changer ses informations personnel,Changer les coordonnées bancaire,0,0,0.015
Changer les coordonnées bancaire,Changement de Mot de passe,0,0,0.014933333333333333
Connexion SSO,"Changer les coordonnées bancaire, changement de RIB pour les remboursements",0,0,0.017566191446028515
Connexion,Envoi d'une réclamation,0,0,0.012994754411063424
envoi d'une demande de résiliation,Contactez nous : via message (Mes cotisations),0,0,0.005649717514124294
Changer ses informations personnel,Partager un justificatif du PACS,0,0,0.015
Connexion en tant que,Exporter remboursement,0,0,0.019082235347569285
Connexion en tant que,Envoi carte TP par mail,0,0,0.017719218537028625
Téléchargement carte TP,Changer ses informations personnel,0,0,0.014150943396226415
Connexion,Signature électronique d'un mandat sepa,0,0,0.016571292322365285
Changer les coordonnées bancaire,Exporter remboursement,0,0,0.013333333333333334
Télécharger un décompte,Signature électronique d'un mandat sepa,0,0,0.0037105751391465678
Connexion,demander un renvoi par mail d'échéancier,0,0,0.008583690987124463
demander un renvoi par mail d'échéancier,Envoi d'un document,0,0,0.014112903225806451
Connexion,Envoi d'un message,0,0,0.00798760133524082
Exporter remboursement,Partager un justificatif du PACS,0,0,0.012939521800281293
Connexion SSO,Contactez nous : via message (Mes garanties),0,0,0.006364562118126273
Signature électronique d'un mandat sepa,Partager un justificatif du PACS,0,0,0.010837959291567539
Partager un justificatif du PACS,Changement de Mot de passe,0,0,0.01563562202583277
Connexion,Signature électronique d'un mandat sepa,0,0,0.016571292322365285
Changer les coordonnées bancaire,Exporter remboursement,0,0,0.013333333333333334
Exporter remboursement,Ouverture d'un document contractuel,0,0,0.015189873417721518
Envoi d'un document,Téléchargement carte TP,0,0,0.005496518871381458
Connexion SSO,"Contactez nous : via message (Mon adhésion, Autres)",0,0,0.007892057026476579
Validation MFA,demander un renvoi par mail d'échéancier,0,0,0.016655258955053615
Téléchargement carte TP,Changer ses informations personnel,0,0,0.014150943396226415
Envoi d'un document,Téléchargement de la carte de tiers payant,0,0,0.016489556614144377
Connexion SSO,"Changer les coordonnées bancaire, changement de RIB pour les remboursements",0,0,0.017566191446028515
"Changer les coordonnées bancaire, changement de RIB pour les remboursements","Changer les coordonnées bancaire, changement de RIB de bénéficiaire",0,0,0.017382413087934562
Connexion,Téléchargement carte TP,0,0,0.013471626132570339
Téléchargement carte TP,Changer les coordonnées bancaire,0,0,0.0009433962264150943
Connexion,Signature électronique d'un mandat sepa,0,0,0.016571292322365285
Connexion,Signature électronique d'un mandat sepa,0,0,0.016571292322365285
Signature électronique d'un mandat sepa,Envoi carte TP par mail,0,0,0.006872852233676976
Connexion SSO,Contactez nous : via message (Mes remboursements),0,0,0.009164969450101833
Téléchargement de la carte de tiers payant,Changement de Mot de passe,0,0,0.005339028296849973
Télécharger un décompte,Ouverture d'un document contractuel,0,0,0.019016697588126158
Téléchargement de la carte de tiers payant,Changement de Mot de passe,0,0,0.005339028296849973
Connexion SSO,Contactez nous : via message (Mes prises en charge/devis),0,0,0.004837067209775967
Envoi d'un message,Ouverture d'un document contractuel,0,0,0.017699115044247787
Signature électronique d'un mandat sepa,Partager un justificatif du PACS,0,0,0.010837959291567539
Ouverture d'un document contractuel,Changer l'organisme de rattachement sécu. Social,0,0,0.012537829658452227
Exporter remboursement,Envoi d'un document,0,0,0.018565400843881856
Changer l'organisme de rattachement sécu. Social,"Changer les coordonnées bancaire, changement de RIB pour les remboursements",0,0,0.016252390057361378
Envoi d'un document,Changement de Mot de passe,0,0,0.011359472334188348
Validation MFA,Contactez nous : via message (Mes prises en charge/devis),0,0,0.004334930412959161
Contactez nous : via message (Mes garanties),Contactez nous : via message (Ma carte tiers-payant),0,0,0.015810276679841896
Validation MFA,"Contactez nous : via message (Mon adhésion, Autres)",0,0,0.008669860825918321
"Contactez nous : via message (Mon adhésion, Autres)",Changement de Mot de passe,0,0,0.0
Envoi d'un document,"Changer les coordonnées bancaire, changement de RIB pour les remboursements",0,0,0.006962257237083181
"Changer les coordonnées bancaire, changement de RIB pour les remboursements",Contactez nous : via message (Mes remboursements),0,0,0.0010224948875255625
Partager un justificatif du PACS,"Changer les coordonnées bancaire, changement de RIB pour les cotisations",0,0,0.008837525492861998
Changer l'organisme de rattachement sécu. Social,"Changer les coordonnées bancaire, changement de RIB pour les cotisations",0,0,0.01577437858508604
Connexion,Signature électronique d'un mandat sepa,0,0,0.016571292322365285
"Changer les coordonnées bancaire, changement de RIB pour les remboursements",Télécharger le certificat d'adhésion,0,0,0.00408997955010225
Connexion SSO,demander un renvoi par mail d'échéancier,0,0,0.014511201629327902
Télécharger un décompte,Partager un justificatif du PACS,0,0,0.010667903525046383
Partager un justificatif du PACS,Changement de Mot de passe,0,0,0.01563562202583277
Validation MFA,Envoi carte TP par mail,0,0,0.019849418206707735
Connexion,Renvoi carte TP papier,0,0,0.012994754411063424
Renvoi carte TP papier,Contactez nous : via message (Mes cotisations),0,0,0.0036900369003690036
Télécharger le certificat d'adhésion,Changer les coordonnées bancaire,0,0,0.0025210084033613447
Connexion,Envoi d'une réclamation,0,0,0.012994754411063424
Envoi d'une réclamation,"Contactez nous : via message (Mon adhésion, Autres)",0,0,0.015730337078651686
Connexion,Signature électronique d'un mandat sepa,0,0,0.016571292322365285
"Changer les coordonnées bancaire, changement de RIB pour les remboursements",Exporter remboursement,0,0,0.013292433537832311
Exporter remboursement,"Changer les coordonnées bancaire, changement de RIB pour les cotisations",0,0,0.00450070323488045
Connexion,Signature électronique d'un mandat sepa,0,0,0.016571292322365285
Connexion,demander un renvoi par mail d'échéancier,0,0,0.008583690987124463
demander un renvoi par mail d'échéancier,Envoi d'un document,0,0,0.014112903225806451
Envoi d'un document,demander un renvoi par mail d'échéancier,0,0,0.005496518871381458
demander un renvoi par mail d'échéancier,Envoi d'un document,0,0,0.014112903225806451
Envoi d'un document,demander un renvoi par mail d'échéancier,0,0,0.005496518871381458
demander un renvoi par mail d'échéancier,Envoi d'un document,0,0,0.014112903225806451
Envoi d'un document,demander un renvoi par mail d'échéancier,0,0,0.005496518871381458
demander un renvoi par mail d'échéancier,Envoi d'un document,0,0,0.014112903225806451
Envoi d'un document,demander un renvoi par mail d'échéancier,0,0,0.005496518871381458
demander un renvoi par mail d'échéancier,Envoi d'un document,0,0,0.014112903225806451
Connexion SSO,Contactez nous : via message (Mes remboursements),0,0,0.009164969450101833
Changement de Mot de passe,Télécharger le certificat d'adhésion,0,0,0.0075046904315197
Ouverture d'un document contractuel,Télécharger le certificat d'adhésion,0,0,0.01297016861219196
Ouverture d'un document contractuel,Téléchargement de la carte de tiers payant,0,0,0.016428880242109815
Validation MFA,"Contactez nous : via message (Mon adhésion, Autres)",0,0,0.008669860825918321
Connexion,Envoi carte TP par mail,0,0,0.010848831664282308
Connexion,Renvoi carte TP papier,0,0,0.012994754411063424
Connexion en tant que,Envoi d'une réclamation,0,0,0.005906406179009541
Envoi d'un document,Envoi d'une réclamation,0,0,0.008427995602784902
Envoi d'un document,Envoi d'une réclamation,0,0,0.008427995602784902
Envoi d'un document,Envoi d'une réclamation,0,0,0.008427995602784902
Changer les coordonnées bancaire,Ouverture d'un document contractuel,0,0,0.014933333333333333
Connexion,Renvoi carte TP papier,0,0,0.012994754411063424
Renvoi carte TP papier,Changer ses informations personnel,0,0,0.012915129151291513
envoi d'une demande de résiliation,Envoi carte TP par mail,0,0,0.00423728813559322
Connexion SSO,"Contactez nous : via message (Mon adhésion, Autres)",0,0,0.007892057026476579
Ouverture d'un document contractuel,Renvoi carte TP papier,0,0,0.01340250756593169
Connexion,demander un renvoi par mail d'échéancier,0,0,0.008583690987124463
demander un renvoi par mail d'échéancier,Partager un justificatif du PACS,0,0,0.012096774193548387
Connexion en tant que,Télécharger le certificat d'adhésion,0,0,0.009086778736937756
Télécharger un décompte,Téléchargement carte TP,0,0,0.016233766233766232
Télécharger un décompte,Ajout de la carte tiers payant dans le wallet,0,0,0.006957328385899814
Télécharger le certificat d'adhésion,Téléchargement carte TP,0,0,0.01764705882352941
Téléchargement carte TP,Ajout de la carte tiers payant dans le wallet,0,0,0.017924528301886792
Télécharger le certificat d'adhésion,Téléchargement carte TP,0,0,0.01764705882352941
Télécharger le certificat d'adhésion,Ajout de la carte tiers payant dans le wallet,0,0,0.010924369747899159
Télécharger un décompte,Envoi carte TP par mail,0,0,0.014842300556586271
Connexion,Renvoi carte TP papier,0,0,0.012994754411063424
Connexion,"Changer les coordonnées bancaire, changement de RIB pour les cotisations",0,0,0.0075107296137339056
Changer les coordonnées bancaire,Changement de Mot de passe,0,0,0.014933333333333333
Validation MFA,"Contactez nous : via message (Mon adhésion, Autres)",0,0,0.008669860825918321
Connexion,Télécharger le certificat d'adhésion,0,0,0.012756318550309967
Exporter remboursement,Envoi d'une réclamation,0,0,0.004781997187060478
Connexion,Envoi d'une réclamation,0,0,0.012994754411063424
Changement de Mot de passe,Télécharger le certificat d'adhésion,0,0,0.0075046904315197
Changer l'organisme de rattachement sécu. Social,Ouverture d'un document contractuel,0,0,0.0124282982791587
Connexion SSO,SSO Disconnect,0,0,0.017820773930753563
Connexion,Changer l'organisme de rattachement sécu. Social,0,0,0.010848831664282308
Validation MFA,Envoi d'un message,0,0,0.015058179329226557
Contactez nous : via message (Mes remboursements),envoi d'une demande de résiliation,0,0,0.01718213058419244
Exporter remboursement,Envoi d'un document,0,0,0.018565400843881856
Signature électronique d'un mandat sepa,Changement de Mot de passe,0,0,0.007137192704203013
Connexion,envoi d'une demande de résiliation,0,0,0.01072961373390558
Partager un justificatif du PACS,envoi d'une demande de résiliation,0,0,0.003399048266485384
Connexion,"Changer les coordonnées bancaire, changement de RIB pour les cotisations",0,0,0.0075107296137339056
"Changer les coordonnées bancaire, changement de RIB pour les remboursements",Exporter remboursement,0,0,0.013292433537832311
Changer ses informations personnel,Partager un justificatif du PACS,0,0,0.015
Envoi d'un document,Changement de Mot de passe,0,0,0.011359472334188348
Connexion,Changer les coordonnées bancaire,0,0,0.014425369575584168
Connexion SSO,Contactez nous : via message (Mes garanties),0,0,0.006364562118126273
Contactez nous : via message (Mes garanties),Télécharger un décompte,0,0,0.003952569169960474
Changer ses informations personnel,Partager un justificatif du PACS,0,0,0.015
Signature électronique d'un mandat sepa,envoi d'une demande de résiliation,0,0,0.00105736188210415
envoi d'une demande de résiliation,Changement de Mot de passe,0,0,0.00423728813559322
Envoi d'un document,Ajout de la carte tiers payant dans le wallet,0,0,0.00622938805423232
Envoi d'un document,Télécharger le certificat d'adhésion,0,0,0.015390252839868083
Télécharger le certificat d'adhésion,Ajout de la carte tiers payant dans le wallet,0,0,0.010924369747899159
Envoi carte TP par mail,Ajout de la carte tiers payant dans le wallet,0,0,0.014084507042253521
Envoi d'un document,Télécharger le certificat d'adhésion,0,0,0.015390252839868083
Changer ses informations personnel,Télécharger le certificat d'adhésion,0,0,0.0125
Exporter remboursement,Ouverture d'un document contractuel,0,0,0.015189873417721518
Télécharger un décompte,Signature électronique d'un mandat sepa,0,0,0.0037105751391465678
Connexion,Déconnexion,0,0,0.007272293752980448
Connexion,envoi d'une demande de résiliation,0,0,0.01072961373390558
Exporter remboursement,Ouverture d'un document contractuel,0,0,0.015189873417721518
Exporter remboursement,Ouverture d'un document contractuel,0,0,0.015189873417721518
Télécharger un décompte,Partager un justificatif du PACS,0,0,0.010667903525046383
Envoi d'un document,Envoi carte TP par mail,0,0,0.009160864785635764
Ouverture d'un document contractuel,Changer l'organisme de rattachement sécu. Social,0,0,0.012537829658452227
Signature électronique d'un mandat sepa,Partager un justificatif du PACS,0,0,0.010837959291567539
Ouverture d'un document contractuel,Changer les coordonnées bancaire,0,0,0.01772589710332901
Télécharger un décompte,Partager un justificatif du PACS,0,0,0.010667903525046383
Validation MFA,Contactez nous : via message (Mes cotisations),0,0,0.005019393109742185
Exporter remboursement,Téléchargement de la carte de tiers payant,0,0,0.016877637130801686
Envoi d'un document,Envoi carte TP par mail,0,0,0.009160864785635764
Connexion,Changer les coordonnées bancaire,0,0,0.014425369575584168
Connexion en tant que,SSO Disconnect,0,0,0.016810540663334848
Changer les coordonnées bancaire,Exporter remboursement,0,0,0.013333333333333334
envoi d'une demande de résiliation,demander un renvoi par mail d'échéancier,0,0,0.018361581920903956
Connexion,Signature électronique d'un mandat sepa,0,0,0.016571292322365285
Connexion,Envoi carte TP par mail,0,0,0.010848831664282308
Exporter remboursement,Changement de Mot de passe,0,0,0.015471167369901548
Connexion SSO,"Changer les coordonnées bancaire, changement de RIB pour les remboursements",0,0,0.017566191446028515
Connexion en tant que,demander un renvoi par mail d'échéancier,0,0,0.003634711494775102
demander un renvoi par mail d'échéancier,Téléchargement de la carte de tiers payant,0,0,0.006048387096774193
Téléchargement de la carte de tiers payant,demander un renvoi par mail d'échéancier,0,0,0.001601708489054992
demander un renvoi par mail d'échéancier,Téléchargement de la carte de tiers payant,0,0,0.006048387096774193
Téléchargement de la carte de tiers payant,demander un renvoi par mail d'échéancier,0,0,0.001601708489054992
demander un renvoi par mail d'échéancier,Téléchargement de la carte de tiers payant,0,0,0.006048387096774193
Téléchargement de la carte de tiers payant,demander un renvoi par mail d'échéancier,0,0,0.001601708489054992
demander un renvoi par mail d'échéancier,Téléchargement de la carte de tiers payant,0,0,0.006048387096774193
Téléchargement de la carte de tiers payant,demander un renvoi par mail d'échéancier,0,0,0.001601708489054992
Connexion en tant que,Exporter remboursement,0,0,0.019082235347569285
Connexion,Renvoi carte TP papier,0,0,0.012994754411063424
Changer l'organisme de rattachement sécu. Social,Partager un justificatif du PACS,0,0,0.010038240917782026
Connexion en tant que,Téléchargement carte TP,0,0,0.009995456610631531
Télécharger un décompte,Renvoi carte TP papier,0,0,0.011595547309833023
Télécharger un décompte,Renvoi carte TP papier,0,0,0.011595547309833023
Envoi d'un document,Renvoi carte TP papier,0,0,0.010260168559912056
Télécharger un décompte,Ouverture d'un document contractuel,0,0,0.019016697588126158
Télécharger un décompte,Ouverture d'un document contractuel,0,0,0.019016697588126158
Ouverture d'un document contractuel,Téléchargement carte TP,0,0,0.007349762213575443
Connexion,envoi d'une demande de résiliation,0,0,0.01072961373390558
Validation MFA,"Changer les coordonnées bancaire, changement de RIB pour les remboursements",0,0,0.018024184348619667
"Changer les coordonnées bancaire, changement de RIB pour les remboursements",Exporter remboursement,0,0,0.013292433537832311
Connexion,Renvoi carte TP papier,0,0,0.012994754411063424
Validation MFA,"Changer les coordonnées bancaire, changement de RIB pour les cotisations",0,0,0.018708647045402694
Ouverture d'un document contractuel,Changement de Mot de passe,0,0,0.01599654128837008
Signature électronique d'un mandat sepa,Envoi carte TP par mail,0,0,0.006872852233676976
Connexion,Envoi d'un message,0,0,0.00798760133524082
Changer ses informations personnel,Signature électronique d'un mandat sepa,0,0,0.014166666666666666
Connexion en tant que,Envoi d'une réclamation,0,0,0.005906406179009541
Envoi d'une réclamation,Téléchargement de la carte de tiers payant,0,0,0.0011235955056179776
Téléchargement de la carte de tiers payant,Envoi d'une réclamation,0,0,0.0
Envoi d'une réclamation,Téléchargement de la carte de tiers payant,0,0,0.0011235955056179776
Téléchargement de la carte de tiers payant,Envoi d'une réclamation,0,0,0.0
Envoi d'une réclamation,Téléchargement de la carte de tiers payant,0,0,0.0011235955056179776
Téléchargement de la carte de tiers payant,Envoi d'une réclamation,0,0,0.0
Envoi d'une réclamation,Téléchargement de la carte de tiers payant,0,0,0.0011235955056179776
Connexion,Signature électronique d'un mandat sepa,0,0,0.016571292322365285
Changer ses informations personnel,Signature électronique d'un mandat sepa,0,0,0.014166666666666666
Télécharger un décompte,Partager un justificatif du PACS,0,0,0.010667903525046383
Validation MFA,"Changer les coordonnées bancaire, changement de RIB pour les remboursements",0,0,0.018024184348619667
Envoi carte TP par mail,Exporter remboursement,0,0,0.01995305164319249
Connexion,Renvoi carte TP papier,0,0,0.012994754411063424
Connexion,Déconnexion,0,0,0.007272293752980448
envoi d'une demande de résiliation,"Contactez nous : via message (Mon adhésion, Autres)",0,0,0.00423728813559322
"Contactez nous : via message (Mon adhésion, Autres)",Contactez nous : via message (Ma télétransmission - rattachement automatique avec votre Régime Obligatoire),0,0,0.0
Connexion SSO,"Changer les coordonnées bancaire, changement de RIB pour les remboursements",0,0,0.017566191446028515
Télécharger un décompte,Changement de Mot de passe,0,0,0.013450834879406308
Envoi d'un document,Télécharger le certificat d'adhésion,0,0,0.015390252839868083
Connexion SSO,"Changer les coordonnées bancaire, changement de RIB pour les remboursements",0,0,0.017566191446028515
Changer ses informations personnel,Partager un justificatif du PACS,0,0,0.015
Connexion,Partager un justificatif du PACS,0,0,0.019432522651406773
Ouverture d'un document contractuel,"Contactez nous : via message (Mon adhésion, Autres)",0,0,0.00216169476869866
Connexion en tant que,Exporter remboursement,0,0,0.019082235347569285
Connexion SSO,Contactez nous : via message (Mes remboursements),0,0,0.009164969450101833
Contactez nous : via message (Mes remboursements),Télécharger un décompte,0,0,0.013745704467353952
Connexion SSO,Contactez nous : via message (Mes garanties),0,0,0.006364562118126273
Ouverture d'un document contractuel,Télécharger le certificat d'adhésion,0,0,0.01297016861219196
Ouverture d'un document contractuel,Téléchargement de la carte de tiers payant,0,0,0.016428880242109815
Connexion SSO,demander un renvoi par mail d'échéancier,0,0,0.014511201629327902
Connexion,Contactez nous : via message (Ma carte tiers-payant),0,0,0.001072961373390558
Contactez nous : via message (Ma carte tiers-payant),Envoi carte TP par mail,0,0,0.0
Envoi carte TP par mail,Contactez nous : via message (Ma carte tiers-payant),0,0,0.0
Contactez nous : via message (Ma carte tiers-payant),Envoi carte TP par mail,0,0,0.0
Envoi carte TP par mail,Contactez nous : via message (Ma carte tiers-payant),0,0,0.0
Contactez nous : via message (Ma carte tiers-payant),Envoi carte TP par mail,0,0,0.0
Envoi carte TP par mail,Contactez nous : via message (Ma carte tiers-payant),0,0,0.0
Contactez nous : via message (Ma carte tiers-payant),Envoi carte TP par mail,0,0,0.0
Envoi carte TP par mail,Contactez nous : via message (Ma carte tiers-payant),0,0,0.0
Renvoi carte TP papier,Changer ses informations personnel,0,0,0.012915129151291513
Connexion,envoi d'une demande de résiliation,0,0,0.01072961373390558
Changer les coordonnées bancaire,Ouverture d'un document contractuel,0,0,0.014933333333333333
Connexion en tant que,Téléchargement carte TP,0,0,0.009995456610631531
Téléchargement carte TP,Ouverture d'un document contractuel,0,0,0.018867924528301886
Ouverture d'un document contractuel,Téléchargement carte TP,0,0,0.007349762213575443
Téléchargement carte TP,Envoi d'un document,0,0,0.016037735849056604
Envoi d'un document,Envoi carte TP par mail,0,0,0.009160864785635764
Envoi d'un document,Envoi carte TP par mail,0,0,0.009160864785635764
Téléchargement carte TP,Ouverture d'un document contractuel,0,0,0.018867924528301886
Ouverture d'un document contractuel,Envoi carte TP par mail,0,0,0.005188067444876783
Connexion,Déconnexion,0,0,0.007272293752980448
Télécharger un décompte,Changement de Mot de passe,0,0,0.013450834879406308
Envoi carte TP par mail,"Changer les coordonnées bancaire, changement de RIB pour les cotisations",0,0,0.005868544600938967
Connexion en tant que,Contactez nous : via message (Ma télétransmission - rattachement automatique avec votre Régime Obligatoire),0,0,0.0013630168105406633
Envoi d'un document,Contactez nous : via message (Ma télétransmission - rattachement automatique avec votre Régime Obligatoire),0,0,0.0014657383657017222
Envoi d'un document,Contactez nous : via message (Ma télétransmission - rattachement automatique avec votre Régime Obligatoire),0,0,0.0014657383657017222
Envoi d'un document,Contactez nous : via message (Ma télétransmission - rattachement automatique avec votre Régime Obligatoire),0,0,0.0014657383657017222
Envoi d'un document,Contactez nous : via message (Ma télétransmission - rattachement automatique avec votre Régime Obligatoire),0,0,0.0014657383657017222
Télécharger un décompte,"Changer les coordonnées bancaire, changement de RIB pour les cotisations",0,0,0.0037105751391465678
Connexion,Télécharger le certificat d'adhésion,0,0,0.012756318550309967
Ouverture d'un document contractuel,"Changer les coordonnées bancaire, changement de RIB pour les cotisations",0,0,0.00864677907479464
Connexion,Téléchargement carte TP,0,0,0.013471626132570339
Connexion SSO,demander un renvoi par mail d'échéancier,0,0,0.014511201629327902
Validation MFA,"Changer les coordonnées bancaire, changement de RIB pour les remboursements",0,0,0.018024184348619667
Connexion SSO,SSO Disconnect,0,0,0.017820773930753563
